﻿id,bid,user_id,用户昵称,微博正文,头条文章url,发布位置,艾特用户,话题,转发数,评论数,点赞数,发布时间,发布工具,微博图片url,微博视频url,retweet_id
4501538988519947,J0E2ezKqv,3224064953,今日爆光,【#特朗普参观口罩工厂没戴口罩#只戴了护目镜】5日，特朗普访问了亚利桑那州的一家口罩工厂，仍旧不戴口罩，但这次却戴了护目镜。CNN记者报道称，特朗普和随行官员都没有戴口罩，而这家工厂的标识牌上写着“请注意，该区域需要戴口罩”。此事引发热议后，白宫官员解释称他们被工厂告知不需要佩戴口罩。而他在参观工厂前曾表示，如果工厂要求戴口罩，他会戴上。L封面新闻视频的秒拍视频#美国新冠肺炎确诊人数超120万##美众议院将推进调查特朗普政府疫情应对#,,,,"特朗普参观口罩工厂没戴口罩,美国新冠肺炎确诊人数超120万,美众议院将推进调查特朗普政府疫情应对",0,0,0,2020-05-06 10:59,Redmi Note 7 Pro,,"http://miaopai.video.weibocdn.com/GqN1yUkalx07D3fnvZEA010412005L1W0E013.mp4?label=mp4_ld&template=640x360.25.0&trans_finger=40a32e8439c5409a63ccf853562a60ef&Expires=1592210405&ssig=wS4OjyWujm&KID=unistore,video",
4501538968013583,J0E2cxCHl,6053278987,武汉加油爱橄榄绿,#日本疫情#靖国神社惊现“杀死所有武汉人”！据日本电视台5日报道，靖国神社的公厕内4日下午被发现写有中伤中国武汉的涂鸦，日本警视厅目前正以毁坏公物等罪名对此展开调查。此事随即在日本社交媒体上引起轩然大波，不少日本民众认为，在抗击新冠肺炎疫情的关键时刻，此举“实属不该”。日本《每日新闻》5日援引东京警视厅麹町警署人员的话报道称，当地时间4日下午5时许，有人在靖国神社的男厕墙壁上发现写有“杀死所有中国武汉人”等明显带有歧视武汉人意味的涂鸦内容。神社方面随即向东京麹町警署报案。而在警署人员前往调查的过程中，靖国神社另一处男厕中也被发现有相同内容的涂鸦。日媒报道称，上述涂鸦疑似使用黑色水性笔所写。嫌疑人在写下“杀死所有武汉人”的同时，还写下一个“著名作家的名字”。麹町警署正调取监控录像，仔细确认进入男厕的可疑人员以尽快锁定嫌犯。在日本社交媒体上，不少网民对此事表达不满。有人评论称，“在公物上乱写乱画本就不对，而且武汉人民是新冠肺炎的受害者，不该中伤他们”。还有人认为，“该杀的是病毒本身，在抗击疫情的关键时刻，这种行为‘实属不该’，一定要早日抓到犯人”。此外，还有一些日本网民猜测，有关案件中提及的“著名作家”究竟是谁？（文：环球时报记者邢晓婧、陈洋）#中美疫情对比视频引海外热议##美国新冠肺炎确诊人数超120万##美市长称去年感染过新冠病毒并检出抗体##特朗普参观口罩工厂没戴口罩##美国疫情##日本##日本地震##海外抗疫日记##新冠肺炎疫情全球走势##全球新冠肺炎超348万例##全球疫情#,,,,"日本疫情,中美疫情对比视频引海外热议,美国新冠肺炎确诊人数超120万,美市长称去年感染过新冠病毒并检出抗体,特朗普参观口罩工厂没戴口罩,美国疫情,日本,日本地震,海外抗疫日记,新冠肺炎疫情全球走势,全球新冠肺炎超348万例,全球疫情",0,0,0,2020-05-06 10:59,小米MIX 3 滑盖全面屏,['http://ww4.sinaimg.cn/large/006BEWo3gy1geijpfwlblj318d0ovb29.jpg'],,
4501538946995606,J0E2atlSm,3627146563,HW科技园长,果然！高通遭到反噬，这是特朗普在自食恶果。今天，高通的第二财季财报显示，净利润大跌近29%，市场份额同比更是大跌超过三成。究其原因，在于华为大量减少了采购高通芯片，基本全部采用自研的麒麟。同时，由于美国加大力度限制芯片对我国出口，MOV也同样减少了采购比例，OPPO更是下定决心自研马里亚纳芯片，VIVO则是选择与三星合作。3G和4G时代，高通不仅卖芯片疯狂吸金，而且收高额的专利费，如今他的时代在特朗普的推动下加速结束。华为从强大的自研能力，从中高低端多角度狙击骁龙。现在中国市场，华为海思份额以43.9%强势压倒高通32.8%，华为5G手机也比所有国产手机总和还多，这就是华为实力，即使有一众国产手机拥护，但高通系已经蒙受巨大损失，赔了夫人又折兵，特朗普估计会很失望。#HW科技园长说#,,,,HW科技园长说,1,12,14,2020-05-06 10:59,Android,"['http://ww2.sinaimg.cn/large/d831dd43ly1geijpuhg44j20eu08caaa.jpg', 'http://ww1.sinaimg.cn/large/d831dd43ly1geijpuysumj20hs0ce751.jpg', 'http://ww4.sinaimg.cn/large/d831dd43ly1geijpve4wuj20j10gmq45.jpg']",,
4501532915484870,J0DSrn0RE,1887344341,观察者网,【公开“打脸”特朗普福奇：没有证据显示病毒来自中国实验室】4日，美国顶级传染病学专家安东尼·福奇在接受美国《国家地理》杂志采访时，公开反驳了特朗普及国务卿蓬佩奥的所谓“实验室泄漏”论，称科学证据非常有力地表明病毒是自然演变，而非人为制造，“有人会说这个病毒是有人从外界带回实验室，然后再从实验室泄漏的，那不正说明病毒从一开始就是来自野外吗?这就是为什么我不想在这种问题上浪费时间。”L微丢的微博视频,,,,,138,140,783,2020-05-06 10:35,微博 weibo.com,,"http://f.video.weibocdn.com/x5pJpstNlx07D3cXH2tG01041200bZAE0E010.mp4?label=mp4_ld&template=640x360.25.0&trans_finger=40a32e8439c5409a63ccf853562a60ef&Expires=1592210405&ssig=4wqxry%2BFbW&KID=unistore,video",
4501538917819940,J0E27wOk4,5851099496,闳荷81784,终于敢说真话了,,,,,0,0,0,2020-05-06 10:59,HUAWEI Mate 20,,,4501532915484870
4501538905204962,J0E26lQ30,2729232002,抚州南丰发布,【搞混了？#特朗普参观口罩工厂没戴口罩#出发前曾保证：我会戴口罩】5月5日，在白宫待太久的特朗普出来“透透气”，前往位于亚利桑那州凤凰城的一家口罩工厂视察。细心的网友在直播中发现，特朗普在这座工厂内竟然只戴着一个护目镜，没戴口罩。但更令人费解的是，工厂内的员工都戴上了口罩，除了特朗普白宫官员护目镜也没戴，也没保持社交距离。然而特朗普在出发前向记者保证：我会戴口罩的。（海客新闻/LX）L海客新闻的秒拍视频,,,,特朗普参观口罩工厂没戴口罩,0,0,0,2020-05-06 10:59,微博 weibo.com,,"http://miaopai.video.weibocdn.com/XGw7WSOclx07D33j3vQQ01041200a14C0E013.mp4?label=mp4_ld&template=640x360.25.0&trans_finger=40a32e8439c5409a63ccf853562a60ef&Expires=1592210405&ssig=mJDKHCSUpx&KID=unistore,video",
4498471044112664,IFjGghfTi,3547797954,Amor蓝色妖姬,焦点坊谈普京：我喜欢特朗普但是美国的制度不靠谱LAmor蓝色妖姬的微博视频,,,,,14,0,73,2020-04-27 23:48,焦点坊谈超话,,"http://f.video.weibocdn.com/HYlTU6Kklx07CPKkfaD6010412006qct0E010.mp4?label=mp4_ld&template=640x360.25.0&trans_finger=40a32e8439c5409a63ccf853562a60ef&Expires=1592210405&ssig=Z6CW68FVwq&KID=unistore,video",
4501538879443256,J0E23DCCA,5122515428,中俄蒙德_741,转发微博,,,,,0,0,0,2020-05-06 10:59,iPhone客户端,,,4498471044112664
4501538782999148,J0E1UcAdm,2087994353,美国新闻,#美国总统特朗普#小布什卸任美国总统已经11年了，虽然在位时饱受批评，甚至一度被民众喷成“傻子”，但美国人民开始有点怀念他了。和现任比，前任简直太伟光正了。,,,,美国总统特朗普,0,1,1,2020-05-06 10:59,微博 weibo.com,['http://ww1.sinaimg.cn/large/7c7443f1ly1geh99ey42hj20m70etaay.jpg'],,
4501538062157150,J0E0K93aK,2151768482,财经记者圈,【#特朗普不戴口罩视察口罩工厂#，重申要复工】5月5日，美国总统特朗普视察位于亚利桑那州的霍尼韦尔口罩工厂。他佩戴护目镜但未戴口罩。特朗普表示将尽快安全、分阶段、循序渐进地复工。美国累计确诊已超120万例。（视频来源：美联社）L澎湃新闻的微博视频,,,,特朗普不戴口罩视察口罩工厂,5,6,2,2020-05-06 10:56,微博 weibo.com,,"http://f.video.weibocdn.com/134fhm6vlx07D3cjZt9K01041200bsDo0E010.mp4?label=mp4_ld&template=640x360.25.0&trans_finger=bdef57f06ae52835a2c783ca389e8517&Expires=1592210405&ssig=yE5YHpdRnK&KID=unistore,video",
4501538753962364,J0E1RgCN6,1974138052,雯雯雯呓,转发微博,,,,,0,0,0,2020-05-06 10:58,iPhone客户端,,,4501538062157150
4501184202054493,J0uO08CsZ,5626136031,我是郭杰瑞,为何有些美国人特别“反智”！大部分还是特朗普支持者？#美国反智？##郭杰瑞##共同战疫#L我是郭杰瑞的微博视频,,,,"美国反智？,郭杰瑞,共同战疫",27707,21064,268062,2020-05-05 11:30,日常 · 视频社区,,"http://f.video.weibocdn.com/002dubFNgx07D1Ewq7vy01041201dvE20E010.mp4?label=mp4_ld&template=640x360.25.0&trans_finger=bdef57f06ae52835a2c783ca389e8517&Expires=1592210405&ssig=ASXZW1kTJx&KID=unistore,video",
4501538629047716,J0E1EBXIU,6419797260,因为没想好名字所以暂时用这个,……,,,,,0,0,0,2020-05-06 10:58,无信号的Android,,,4501184202054493
4501519901548879,J0Dxs6uVV,1638782947,新浪财经,【外媒：#特朗普参观口罩工厂仍拒戴口罩#】外媒称，美国总统唐纳德·特朗普当地时间周二参观了一家口罩制造厂，这是自新冠疫情暴发后采取社交限制措施以来，特朗普的首次重要外出考察活动，但他再次拒绝戴口罩。O外媒：特朗普参观口罩工厂仍拒戴口罩L时差视频的微博视频,,,,特朗普参观口罩工厂仍拒戴口罩,13,71,106,2020-05-06 09:44,微博 weibo.com,,"http://f.video.weibocdn.com/k7G7hJmPlx07D39u0q7u01041200aBAH0E010.mp4?label=mp4_ld&template=360x640.24.0&trans_finger=81b11b8c5ffb62d33ceb3244bdd17e7b&Expires=1592210405&ssig=vkmzA0VQKk&KID=unistore,video",
4501538591455904,J0E1B66Kk,2925260201,虎鲸麻麻,眼镜也不要戴啊,,,,,0,0,0,2020-05-06 10:58,HUAWEI P30,,,4501519901548879
4501538565030248,J0E1yl6B2,2034347300,郑州晚报,【#特朗普参观口罩工厂没戴口罩#，被批不遵守工厂强制要求】当地时间5月5日，美国总统特朗普参观了亚利桑那州一间口罩生产厂。这是数周以来，特朗普首此离开白宫出访。据路透社消息，特朗普未按工厂的防疫措施要求佩戴口罩，陪同官员也没有戴口罩。而他在参观工厂前曾表示，如果工厂要求戴口罩，他会戴上。@时差视频L时差视频的微博视频,,,时差视频,特朗普参观口罩工厂没戴口罩,0,1,1,2020-05-06 10:58,,,"http://f.video.weibocdn.com/k7G7hJmPlx07D39u0q7u01041200aBAH0E010.mp4?label=mp4_ld&template=360x640.24.0&trans_finger=81b11b8c5ffb62d33ceb3244bdd17e7b&Expires=1592210405&ssig=vkmzA0VQKk&KID=unistore,video",
4469973122060101,ItmjS8DVr,5872636712,水山水山水山,PBS前线美国大分裂:从奥巴马到特朗普2/2(2020)#水山汉化#1这是PBS前线2020年开年政治史诗大片，通盘讲述2008年到2020年间美国两党政斗，如何走到今天这个地步。2下集是讲特朗普，从参选到弹劾，一直奉行鼓励和支持分歧的策略3以前的总统竞选总是诉求全国团结，特朗普不是，除当选后口头表示，他一直诉求分歧4这其实贯彻特朗普的一生，面对攻击，双倍反击，与人斗其乐无穷L水山水山水山的微博视频,,,,水山汉化,5800,530,3148,2020-02-09 08:28,微博 weibo.com,,"http://f.video.weibocdn.com/0035Zn3nlx07AOjCWu4g0104120hux6s0E070.mp4?label=mp4_ld&template=640x360.25.0&trans_finger=bdef57f06ae52835a2c783ca389e8517&Expires=1592210405&ssig=9UKFd9U6pW&KID=unistore,video",
4501538543842724,J0E1wg7Fq,3245798543,却疑春色在邻家12345,要看哦,,,,,0,0,0,2020-05-06 10:58,荣耀9青春版 全屏四摄,,,4469973122060101
4501538536338825,J0E1vqB17,6494754617,新华日报财经,【疫情还没缓解，#白宫计划解散应对疫情工作组#】据纽约时报5号报道，尽管美国疫情并未根本缓解，但白宫已经计划在未来几周内解散新冠肺炎工作小组。5号，美国总统特朗普和副总统彭斯分别证实了这一消息。特朗普说，随着美国进入抗疫第二阶段，白宫的新冠肺炎工作小组将逐步结束工作。@央视网快看O网页链接,,,央视网快看,白宫计划解散应对疫情工作组,0,0,0,2020-05-06 10:58,微博 weibo.com,,,
4501538515634469,J0E1tnDMx,1280581912,熊人的那些事_G1级,#美卫生高官称因疫情应对遭政治报复#【美卫生高官正式举报：因疫情应对问题遭遇政治报复】据美国全国公共广播电台报道，5日，美国联邦政府高级科学家瑞克·布莱特正式向美国特别检察官办公室提交书面举报材料，称上个月自己被解除生物医学高级研究与发展署主任的职务，是因为他不愿意将未被证实有效的羟氯喹等药物推广给新冠病毒感染患者。美国总统特朗普此前多次在白宫发布会上推荐羟氯喹药物，引发了大量争议。《华盛顿邮报》报道称，美国退伍军人事务部4月21日发表的一项研究发现，服用羟氯喹药物的新冠病毒感染患者比未服用该药的患者更有可能死亡。FDA的另一项警告说，医生不应该让新冠病毒感染患者在医院外使用该药物，因为该药物可能会导致严重的心律问题。生物医学高级研究与发展署隶属于美国卫生与公共服务部。布莱特表示，自己因为不愿意推广羟氯喹药物，已被调到美国国立卫生研究院一个“影响力较小的职位”。布莱特还称，自己从4月20日起就没有领到工资。在长达89页的举报材料中，布莱特称自己最早在今年1月就试图发出有关新冠病毒的警报，呼吁特朗普政府迅速开发治疗方法和疫苗，并储备更多的N95口罩和呼吸机，但包括部长阿扎在内的美国卫生与公众服务部政治领导层都低估了疫情威胁。布莱特还表示，他与自己的上司、卫生与公众服务部助理部长罗伯特·卡德勒克之间至少有两年的冲突关系。布莱特称，卡德勒克和其他人向他施加压力，要求他从那些与政府有政治联系的公司采购药品和医疗产品，用于美国政府紧急医疗设备储备。（来源：人民网）,,,,美卫生高官称因疫情应对遭政治报复,0,3,11,2020-05-06 10:57,iPhone X,['http://ww1.sinaimg.cn/large/4c542118ly1geijnwn7g6j20hb0b4afh.jpg'],,
4501538481972104,J0E1q8h28,2482959927,cool转转,转发微博,,,,,0,0,0,2020-05-06 10:57,iPhone客户端,,,4469973122060101
4501538456685878,J0E1ns3iK,6015850438,five探,自由美利坚，三万每一天看了这么久，我终于懂了，原来美国玩的才是群体免疫。2020年开年啥也没干，光见证历史了一百万大关都过了，特朗普说要重建美国，我现在算看出来了，他是想推倒重建自由国度美利坚，没钱看病先靠边，搞笑博主特朗普，口无遮拦像二虎，百姓生死放一边，军备股票最优先，干啥啥不行，甩锅第一名@美国驻华大使馆,,,美国驻华大使馆,,0,0,0,2020-05-06 10:57,红米Redmi,,,
4501538384759038,J0E1gjY2G,5611670823,周运炫音乐,评：如果让川普集团得逞——谁先公布疫情就让谁负最大责任，以后再有国家的境内发现新的流行病，该国政府很有可能会由于害怕背锅负全责，只能选择装聋作哑的态度，任由其蔓延全国、全世界，反正只要全世界一起稀里糊涂地倒霉，就谁也怨不得谁。急甩锅！美媒曝特朗普政府密集联络数十盟国一起赖中国O急甩锅！美媒曝特朗普政府密集联络数十盟国一起赖中国,,,,,0,0,0,2020-05-06 10:57,分享按钮,,,
4501538348061895,J0E1cxPgz,1974561081,网易财经,#特朗普参观口罩工厂没戴口罩#【外媒：特朗普参观口罩工厂仍拒戴口罩】法新社：美国总统唐纳德·特朗普当地时间5日专程飞到亚利桑那州的菲尼克斯，慰问霍尼韦尔一家口罩工厂的工人们。这是自新冠疫情暴发后采取社交限制措施以来，特朗普的首次重要外出考察活动，但他再次拒绝戴口罩。在简短的讲话中，特朗普继续把重点放在淡化新冠疫情所带来的危险，并加紧推动经济重新开放上。特朗普的听众们戴着口罩，遵守美国政府的建议和公司规定，这家公司的指示牌上也明确写着“请随时戴口罩”。,,,,特朗普参观口罩工厂没戴口罩,1,6,3,2020-05-06 10:57,微博 weibo.com,['http://ww3.sinaimg.cn/large/75b16939ly1geijmai0yzj20dv0a1gs0.jpg'],,
4501538309734340,J0E18EQlu,5472873010,MatsuiKun,//@迷茫管家桔梗君:我有点理解了,,,迷茫管家桔梗君,,0,0,0,2020-05-06 10:57,iPhone客户端,,,4501184202054493
4501538250456622,J0E131UMS,6357456494,果然视频,【#特朗普参观口罩工厂没戴口罩#只戴了护目镜…】#关注新冠肺炎疫情#5日，特朗普访问了亚利桑那州的一家口罩工厂，仍旧不戴口罩，但这次却戴了护目镜。CNN记者报道称，特朗普和随行官员都没有戴口罩，而这家工厂的标识牌上写着“请注意，该区域需要戴口罩”。此事引发热议后，白宫官员解释称他们被工厂告知不需要佩戴口罩。当天早些时候，特朗普还表示可能会在参观时戴上口罩：“如果那里是个口罩工厂，那么我会戴口罩。”@封面新闻L果然视频的微博视频,,,封面新闻,"特朗普参观口罩工厂没戴口罩,关注新冠肺炎疫情",2,3,4,2020-05-06 10:56,微博视频,,"http://f.video.weibocdn.com/3YnFhaVRlx07D3fjGu5201041200596c0E010.mp4?label=mp4_ld&template=640x360.25.0&trans_finger=40a32e8439c5409a63ccf853562a60ef&Expires=1592210405&ssig=EUbk%2BMpVhf&KID=unistore,video",
4501523901572731,J0DDU6B8D,5066330992,兴宁发布,【美国#白宫计划解散应对疫情工作组#】据纽约时报5日报道：尽管美国疫情并未根本缓解，但白宫已计划在未来几周解散“应对疫情工作组”。一位高级官员称，随着白宫推动“重启美国计划”，该工作组将逐渐解散，重点将转向治疗、疫苗开发和病毒检测。目前，特朗普已不再安排工作组成员参加公开活动。据约翰斯·霍普金斯大学数据，目前#美国新冠肺炎确诊人数超120万#。,,南宁,,"白宫计划解散应对疫情工作组,美国新冠肺炎确诊人数超120万",1,0,0,2020-05-06 09:59,HUAWEI Mate 30 Pro,,,
4501486648217960,J0CFOytRK,5905696266,宅萌秀,为何面对疫情有些美国人特别“反智”！大部分还是川普支持者？#美国疫情##美国新冠肺炎确诊人数超120万#L我是郭杰瑞的微博视频,,,,"美国疫情,美国新冠肺炎确诊人数超120万",66,20,216,2020-05-06 07:31,日常 · 视频社区,,"http://f.video.weibocdn.com/002dubFNgx07D1Ewq7vy01041201dvE20E010.mp4?label=mp4_ld&template=640x360.25.0&trans_finger=bdef57f06ae52835a2c783ca389e8517&Expires=1592210420&ssig=F6SphORMCs&KID=unistore,video",
4501523898408572,J0DDTzhs8,1605634503,op千叶雪,转发微博,,,,,0,0,0,2020-05-06 09:59,索尼Xperia™ XZ Premium,,,4501486648217960
4501523877784369,J0DDRwF4l,2826054487,网络最鲜事,网络最鲜事【美国#白宫计划解散应对疫情工作组#】据纽约时报5日报道：尽管美国疫情并未根本缓解，但白宫已计划在未来几周解散“应对疫情工作组”。一位高级官员称，随着白宫推动“重启美国计划”，该工作组将逐渐解散，重点将转向治疗、疫苗开发和病毒检测。目前，特朗普已不再安排工作组成员参加公开活动。据约翰斯·霍普金斯大学数据，目前#美国新冠肺炎确诊人数超120万#。（央视记者王逢治）,,,,"白宫计划解散应对疫情工作组,美国新冠肺炎确诊人数超120万",0,0,0,2020-05-06 09:59,网络最鲜事超话,,,
4501523826050790,J0DDMpo5o,7005526073,众映时代,Netflix喜剧《太空部队》正式先导预告2018年美国总统特朗普宣布组建新的“太空军”，是美军继陆军、海军、空军、海军陆战队和海岸警卫队之后的第六个军种。好莱坞对此反应迅速，史蒂夫·卡瑞尔和美剧《办公室》制作人GregDaniels联手推出情景喜剧《太空部队》，并于今日发布正式先导预告（中字）。这部情景喜剧将于今年5月29日在Netflix上线。L众映时代的微博视频,,,,,1,0,1,2020-05-06 09:59,微博视频,,"http://f.video.weibocdn.com/TJ9Tit1Qlx07D3bo79RK01041200ipp10E010.mp4?label=mp4_ld&template=640x360.25.0&trans_finger=40a32e8439c5409a63ccf853562a60ef&Expires=1592210420&ssig=X5ZwIUhvIG&KID=unistore,video",
4494020476670559,IDrTVrZjF,5637065453,湖北新闻,#全球疫情##美国疫情#美国确诊超60万，纽约州超20万，口水战升级，纽约州长抨击特朗普“自封国王”！L湖北新闻的微博视频,,,,"全球疫情,美国疫情",17,17,335,2020-04-15 17:03,微博视频,,"http://f.video.weibocdn.com/000VvMitgx07Cw9PjQ1F010412001FSW0E010.mp4?label=mp4_ld&template=360x640.24.0&trans_finger=81b11b8c5ffb62d33ceb3244bdd17e7b&Expires=1592210420&ssig=vD0Yq9ARgW&KID=unistore,video",
4501523801416628,J0DDK5WwQ,5803122929,宝马小年,转发微博,,,,,0,0,0,2020-05-06 09:59,iPhone客户端,,,4494020476670559
4501523781023994,J0DDI4io2,2323366973,德阳茶人,【神操作？疫情还没缓解#白宫计划解散新冠肺炎工作小组#】据纽约时报5号报道，尽管美国疫情并未根本缓解，但白宫已经计划在未来几周内解散新冠肺炎工作小组。5号，美国总统特朗普和副总统彭斯分别证实了这一消息。特朗普说，随着美国进入抗疫第二阶段，白宫的新冠肺炎工作小组将逐步结束工作。#美国新冠肺炎确诊人数超120万##美市长称去年感染过新冠病毒并检出抗体#L央视网快看的微博视频,,,,"白宫计划解散新冠肺炎工作小组,美国新冠肺炎确诊人数超120万,美市长称去年感染过新冠病毒并检出抗体",0,2,0,2020-05-06 09:59,互联网举报Android,,"http://locallimit.us.sinaimg.cn/7OCUhr7glx07D38467na010412005iyr0E010.mp4?label=mp4_ld&template=640x360.25.0&trans_finger=40a32e8439c5409a63ccf853562a60ef&Expires=1592210420&ssig=8esiv3SgqL&KID=unistore,video",
4501523772275092,J0DDH9xR2,1923969675,河北音乐广播,#1024微新闻#【#白宫计划解散应对疫情工作组#特朗普回应：总不能未来5年一直封锁国家】5月5日，美媒称白宫计划于近期解散“应对疫情工作组”，美国总统特朗普在记者会上予以确认。他表示，政府的中心将逐渐转向重启经济，为此将重新设置一个新的小组。副总统彭斯表示，小组预计最早于美国阵亡将士纪念日（5月25日）左右解散。@世面L世面的秒拍视频,,,世面,"1024微新闻,白宫计划解散应对疫情工作组",0,0,1,2020-05-06 09:59,iPhone客户端,,"http://miaopai.video.weibocdn.com/iE1G0R6nlx07D38s9UB201041200k9YJ0E013.mp4?label=mp4_ld&template=640x360.25.0&trans_finger=40a32e8439c5409a63ccf853562a60ef&Expires=1592210420&ssig=lLiC%2BFo857&KID=unistore,video",
4501229940697640,J0vZM2Vug,1887344341,观察者网,为何有些美国人特别“反智”！大部分还是特朗普支持者？@我是郭杰瑞L我是郭杰瑞的微博视频,,,我是郭杰瑞,,396,503,3256,2020-05-05 14:31,日常 · 视频社区,,"http://f.video.weibocdn.com/002dubFNgx07D1Ewq7vy01041201dvE20E010.mp4?label=mp4_ld&template=640x360.25.0&trans_finger=bdef57f06ae52835a2c783ca389e8517&Expires=1592210420&ssig=F6SphORMCs&KID=unistore,video",
4501523751509672,J0DDF6kJy,2446949611,清-紫,转发微博,,,,,0,0,0,2020-05-06 09:59,iPhone客户端,,,4501229940697640
4501523743308749,J0DDEdSKV,3515639462,科技日报,#国际战疫进行时#【#美众议院将推进调查特朗普政府疫情应对#】美国众议院民主党领导层表示，尽管白宫阻挠安东尼·福奇等疫情应对关键人物出席众议院听证，但民主党人仍然计划推进对特朗普政府疫情应对情况的调查。5日，众议院议长南希·佩洛西和众议院民主党领袖斯特尼·霍耶都对美国有线电视新闻网表示，众议院将继续对特朗普政府的疫情应对措施以及价值近3万亿美元的联邦救助计划的执行情况进行审查。霍耶说，无论共和党怎么做，众议院都将很快开始举行相关听证会。民主党目前是美国国会众议院的多数党。此前，白宫表示，除非白宫幕僚长批准，否则白宫疫情应对小组的任何成员都不会在5月到国会出席听证会。当天早些时候，参议院卫生、教育、劳工和养老金委员会正式宣布，白宫疫情应对小组成员安东尼·福奇将于12日到该委员会出席听证。就允许福奇到共和党控制的参议院参加听证，特朗普解释说，国会众议院是个“圈套”，有很多“特朗普仇恨者”。（人民日报）,,,,"国际战疫进行时,美众议院将推进调查特朗普政府疫情应对",0,0,0,2020-05-06 09:59,微博 weibo.com,['http://ww3.sinaimg.cn/large/d18c66a6gy1geihyt3knrj20cm0cmwk5.jpg'],,
4501523693139574,J0DDzdaKi,2568819427,茶圈,【神操作？疫情还没缓解#白宫计划解散新冠肺炎工作小组#】据纽约时报5号报道，尽管美国疫情并未根本缓解，但白宫已经计划在未来几周内解散新冠肺炎工作小组。5号，美国总统特朗普和副总统彭斯分别证实了这一消息。特朗普说，随着美国进入抗疫第二阶段，白宫的新冠肺炎工作小组将逐步结束工作。L央视网快看的微博视频,,,,白宫计划解散新冠肺炎工作小组,0,0,3,2020-05-06 09:59,微博云剪,,"http://locallimit.us.sinaimg.cn/7OCUhr7glx07D38467na010412005iyr0E010.mp4?label=mp4_ld&template=640x360.25.0&trans_finger=40a32e8439c5409a63ccf853562a60ef&Expires=1592210420&ssig=8esiv3SgqL&KID=unistore,video",
4501523634511636,J0DDtiVGk,7277104245,紫扬剑的微博,【单日新增死亡2158例，特朗普着急解散“应对疫情工作组”】肆虐全美的新冠疫情发展势头基本没有改善迹象，白宫却已经开始谋划在几周之内“解散”新冠疫情工作小组。据美国约翰斯·霍普金斯大学截至北京时间5月6日5时32分的统计数据显示，美国累计新冠确诊病例1201337例，24小时内新增了22431例；死亡病例超过70847例，24小时内新增2158例，确诊、死亡数仍旧双双高居全球第一。与世界其他大部分国家不同，经历了几个月的疫情肆虐，美国的情况却基本没有改善迹象，每日死亡依旧维持在2000左右的高位。在这种情况下，美国总统特朗普星期二表示，白宫新冠疫情工作组将“解散”，而随着全美进入特朗普称之为疫情应对“第二阶段”，取代工作组的将是“另一种不同的形式”。O推动“重启美国”，白宫计划解散“应对疫情工作组”,,,,,0,0,0,2020-05-06 09:58,分享按钮,,,
4501523545526609,J0DDknbIR,1877422392,易呼通刘骏,【经济重于一切？#特朗普承认重新开放或将导致一些死亡#】当地时间5日，美国总统特朗普在接受美国广播公司(ABC)专访时称，在各州解除旨在遏制新冠病毒传播的限制措施后，“可能会有一些人死亡”，并承认这是美国重新开放和重启经济所作出的选择。据报道，特朗普在敦促美国推动经济重新开放时，鼓励美国人将自己视为“勇士”，并说长期坚持严格的社交疏离准则是不现实的。L海客新闻的秒拍视频,,,,特朗普承认重新开放或将导致一些死亡,0,0,0,2020-05-06 09:58,HUAWEI P20 Pro,,"http://miaopai.video.weibocdn.com/9WewlrtDlx07D2Yv6f4Q010412008sI40E013.mp4?label=mp4_ld&template=640x360.25.0&trans_finger=40a32e8439c5409a63ccf853562a60ef&Expires=1592210420&ssig=biocNobsKh&KID=unistore,video",
4501523499031421,J0DDfBTu5,6443916704,武强视界,【#国际疫情#：#美国确诊超120万##英国死亡人数居欧洲首位#】美国约翰斯•霍普金斯大学实时统计数据显示，截至北京时间5月6日7时32分，全球新冠病毒感染病例超365万例，死亡逾25.6万例。美国总统特朗普承认重新开放或将导致“一些人死亡”；英国死亡人数居欧洲首位；澳大利亚宣布三步骤“解封”框架；非洲多国预计确诊病例数仍将攀升。,,,,"国际疫情,美国确诊超120万,英国死亡人数居欧洲首位",0,0,0,2020-05-06 09:58,微博 weibo.com,,,
4501523445544227,J0DDangj1,3547797954,Amor蓝色妖姬,焦点坊谈【特朗普去参观口罩工厂没戴口罩只戴了护目镜……】5日，特朗普访问了亚利桑那州的一家口罩工厂，仍旧不戴口罩，但这次却戴了护目镜。CNN记者报道称，特朗普和随行官员都没有戴口罩，而这家工厂的标识牌上写着“请注意，该区域需要戴口罩”。此事引发热议后，白宫官员解释称他们被工厂告知不需要佩戴口罩。当天早些时候，特朗普还表示可能会在参观时戴上口罩：“如果那里是个口罩工厂，那么我会戴口罩#跟新浪看热点#LAmor蓝色妖姬的微博视频,,,,跟新浪看热点,4,0,2,2020-05-06 09:58,焦点坊谈超话,,"http://f.video.weibocdn.com/gNoDRkhOlx07D3bhxgXm010412004rM90E010.mp4?label=mp4_ld&template=360x640.24.0&trans_finger=81b11b8c5ffb62d33ceb3244bdd17e7b&Expires=1592210420&ssig=NGrO9b%2FFb%2B&KID=unistore,video",
4501523399601399,J0DD5EhLh,5887707574,名淘云课堂,【特朗普去参观口罩工厂没戴口罩只戴了护目镜……】5日，特朗普访问了亚利桑那州的一家口罩工厂，仍旧不戴口罩，但这次却戴了护目镜。CNN记者报道称，特朗普和随行官员都没有戴口罩，而这家工厂的标识牌上写着“请注意，该区域需要戴口罩”。此事引发热议后，白宫官员解释称他们被工厂告知不需要佩戴口罩。当天早些时候，特朗普还表示可能会在参观时戴上口罩：“如果那里是个口罩工厂，那么我会戴口罩。”#特朗普参观口罩工厂没戴口罩#L微丢的微博视频,,,,特朗普参观口罩工厂没戴口罩,0,0,0,2020-05-06 09:57,专业版微博,,"http://f.video.weibocdn.com/QBui8TwQlx07D38Hnof6010412004pky0E010.mp4?label=mp4_ld&template=360x640.24.0&trans_finger=81b11b8c5ffb62d33ceb3244bdd17e7b&Expires=1592210420&ssig=jkeadv4x%2B6&KID=unistore,video",
4501523101840093,J0DCC7IGV,6683347629,西安热点事儿,#西安身边事#【美国#白宫计划解散应对疫情工作组#】据纽约时报5日报道：尽管美国疫情并未根本缓解，但白宫已计划在未来几周解散“应对疫情工作组”。一位高级官员称，随着白宫推动“重启美国计划”，该工作组将逐渐解散，重点将转向治疗、疫苗开发和病毒检测。目前，特朗普已不再安排工作组成员参加公开活动。据约翰斯·霍普金斯大学数据，目前#美国新冠肺炎确诊人数超120万#。（央视记者王逢治）,,,,"西安身边事,白宫计划解散应对疫情工作组,美国新冠肺炎确诊人数超120万",0,0,0,2020-05-06 09:56,iPhone客户端,['http://ww3.sinaimg.cn/large/007iiE1vly1geihwac4bwj30sc0fyq4t.jpg'],,
4501523029648376,J0DCuEtYY,2758432917,scsr,《特朗普：即使更多人死亡美国也必须重新开放_凤凰网资讯_凤凰网》有事搜一搜，没事看一看O特朗普：即使更多人死亡美国也必须重新开放,,,,,1,0,1,2020-05-06 09:56,iPhone客户端,['http://ww2.sinaimg.cn/large/a46a5895ly1geihw1c06qj208c08cmxb.jpg'],,
4501522924526031,J0DCkiZqv,1094954164,陶永谊,美国因新冠肺炎疫情死亡人数已经突破7万大关，在世界范围内遥遥领先。累计确诊人数更是一骑绝尘，达1235458人，零头都超过了世界绝大多数国家。疫情都闹得惨不忍睹了，还是有人慧眼如炬，看出了美国的“伟大”之处。一曰确诊病例100多万，美国的医疗体系居然没被压垮，足见美国医疗体系的发达。殊不知美国确诊100多万，并没有做到应收尽收，而是“轻症”自己居家隔离，还有14%的人因为付不起费用而放弃治疗，没有压垮美国的医疗体系，与其说是“功绩”，不如说是失责。二曰疫情如此严重，美国竟然没乱，足见美国社会稳定。说这话的人也许忘记了，新冠病毒是瘟疫，得病的没力气闹，死了的没资格闹，没病的躲在家里没心情闹。真等到没饭吃的时候，闹不闹的可就不好说了。这也是特朗普急于复工的原因之一。所以，现在就夸美国秩序稳定，肯定是有些性急了。如果将美国的脓疮都能看成灿若桃花，不是眼睛👀有问题，就是脑子有问题了。,,,,,134,91,721,2020-05-06 09:56,HUAWEI P30 Pro,,,
4501522920870478,J0DCk3ErY,2514846743,八大商人,【#白宫日记#：日常分裂的大统领？】#特朗普戴护目镜参观口罩工厂#美国当地时间5月5日，#美国总统特朗普#前往位于亚利桑那州凤凰城的一家霍尼韦尔的口罩工厂视察。细心的网友在直播中发现，特朗普在这座工厂内竟然只戴着一个护目镜，没戴口罩。但更令人费解的是，工厂内的员工都戴上了口罩，除了特朗普之外，白宫的其他随行官员同样没戴口罩，甚至连护目镜也没戴，更没有保持社交距离。然而大统领在出发前向记者保证：我会戴口罩的。———就这样的质量管理，这样的工厂生产出来的口罩能要吗？还是说要把这天生产的口罩全废了？难道戴口罩与否，还是一个检验床破白宫团队忠诚度的一个政治标准了？→_→视频来自L海客新闻的秒拍视频,,,,"白宫日记,特朗普戴护目镜参观口罩工厂,美国总统特朗普",23,55,153,2020-05-06 09:56,iPhone客户端,,"http://miaopai.video.weibocdn.com/XGw7WSOclx07D33j3vQQ01041200a14C0E013.mp4?label=mp4_ld&template=640x360.25.0&trans_finger=40a32e8439c5409a63ccf853562a60ef&Expires=1592210420&ssig=jALMaRoXsK&KID=unistore,video",
4501508764683004,J0DfujEgk,1659528654,股市微课堂,"特朗普承认重新开放导致更多人死亡鼓励民众当“勇士”！6日，美国总统特朗普在接受美国广播公司《今晚世界新闻》主播和总编辑戴维·缪尔的专访中表示，“有可能会有一些人死亡”，因为各州取消了旨在阻止新型冠状病毒传播的隔离措施，并承认这是美国为了重新开放并迅速恢复经济的选择。“您是否认为这是我们面临的现实？重新开放国家会导致死亡？”这是特朗普自疫情恶化以来的几个月首次接受重大访问。特朗普说：“可能会发生一些事情，因为你不用再被锁在公寓、房屋或其他任何地方中。但与此同时，我们将保持社交距离，我们要洗手，我们将做很多我们在过去一段时间里学到的事情。”特朗普鼓励美国人将自己视为""勇士""，并敦促美国推动经济重新开放，并说长期坚持严格的社交距离准则是不现实的。""我们不能未来三年都坐在房子里。""特朗普说。即使特朗普试图为即将出现的""更多死亡""做准备，他仍对新冠病毒会消失而感到乐观，无论是否获得疫苗。""会出现更多的死亡，病毒会过去，无论有没有疫苗。而且我认为我们在疫苗方面做得很好，但是不管有没有疫苗，疫情都会过去，而且我们将恢复正常。但这是一个艰难的过程。这是毫无疑问的。""特朗普说。#美国新冠肺炎确诊人数超120万#",,,,美国新冠肺炎确诊人数超120万,0,1,3,2020-05-06 08:59,祝鼠年安康iPhone X,"['http://ww4.sinaimg.cn/large/62ea65cegy1geig92lnjtj20rs0f1wg3.jpg', 'http://ww3.sinaimg.cn/large/62ea65cegy1geig927abzj20m80cigon.jpg', 'http://ww3.sinaimg.cn/large/62ea65cegy1geig9301g1j20hs0bu0ty.jpg']",,
4501508735819888,J0Dfroq1a,5422223271,闭嘴就给你吃,有意思了,,,,,0,0,0,2020-05-06 08:59,周震南的南极星,,,4501184202054493
4501508727612691,J0DfqvWpl,5444885376,盐阜大众报新媒体,【崔天凯：#已有超47亿只口罩从中国运到美国#，差不多每个美国人可分15、16个】在今晚的央视节目《新闻1＋1》节目中，主持人白岩松连线中国驻美大使崔天凯，围绕疫情下的中美关系相关话题进行讨论。在节目中，白岩松向崔天凯提问说，不论美方有些人发出一种什么样的声音，这一段时间以来，中国在美国防疫方面提供的这种帮助，在做什么？还会继续吧？崔天凯表示，“我们一直主张两国之间要加强抗疫合作，这个在习主席和特朗普总统两次通话当中都已经充分表达了我们这个愿望。具体地来说，你看我们大使馆，这两三个月吧，花了很多时间就在协调两国之间的一些具体的问题的解决。比方说美国，它联邦政府、地方政府，它的一些企业，它的一些团体要从中国进口一些医疗抗疫物资，怎么可以做得更快，怎么能够保证好这个质量，我们花了很多时间在做这个事情，跟美方也有很多协调。”崔天凯继续说，“据我了解，到现在为止，美国从中国采购，还有中国各个省市、社会团体给美方捐助的各种医疗物资已经达到了一个非常巨大的数量。比方说口罩，现在已经超过47亿只口罩从中国来到美国，包括美国采购的，也包括我们捐赠的。也就是说，按人口平均的话，差不多每个美国人可以分到15、16个中国来的口罩。”L环球网的微博视频,,,,已有超47亿只口罩从中国运到美国,0,0,0,2020-05-06 08:59,荣耀 9X,,"http://f.video.weibocdn.com/aYxUK9vDlx07D2r0hLBK010412007MSv0E010.mp4?label=mp4_ld&template=624x360.25.0&trans_finger=40a32e8439c5409a63ccf853562a60ef&Expires=1592210433&ssig=YnFtRdbQGN&KID=unistore,video",
4501489723203170,J0CKMdri2,3074181393,津彩青春,【特朗普坚称自己在控制疫情方面“做得非常好”，美国民众：不满意！】#美众议院将推进调查特朗普政府疫情应对##美国新冠肺炎确诊人数超120万#L央视频的微博视频,,,,"美众议院将推进调查特朗普政府疫情应对,美国新冠肺炎确诊人数超120万",5,2,10,2020-05-06 07:44,,,"http://f.video.weibocdn.com/2vk4dVnClx07CTQC4PSM01041200jzxW0E010.mp4?label=mp4_ld&template=640x360.25.0&trans_finger=40a32e8439c5409a63ccf853562a60ef&Expires=1592210433&ssig=WxajIdNZpb&KID=unistore,video",
4501508714215352,J0DfphGBy,7394893643,yulan融,转发微博,,,,,0,0,0,2020-05-06 08:59,小米手机4,,,4501489723203170
4501508701601859,J0Dfo6IIr,5722860564,股配股指期货-清风,"5月6日---“5月不悲观”假期消息偏平静，最扰动人心不过A50,假期期间下跌超3%，主要原因是特朗普表示已找到病毒来源武汉依据，考虑对中国展开包括关税在内的措施，但美国的情报机构以及世卫组织表示病毒来自自然界。大家都知道这是特朗普为争取连任采取的转移注意力甩锅措施，加上临近9月大选，而美国目前经济还经不经得起折腾，需要打上一个问号。再反观中国，长期持续贸易战或已成常态，市场也充分预期，个人认为对市场情绪影响有限。经过五一小长假，国内经济开始逐渐复苏，加上流动性宽松，5月行情无须悲观，科技和新能源依然是主线，假期外围走势影响今天市场低开，但高走概率大。",,,,,0,0,0,2020-05-06 08:59,清风iPhone XR(红色),,,
4501506247746640,J0DbqwvfO,5593273852,品道,【特朗普坚称自己在控制疫情方面“做得非常好”，美国民众：不满意！】#美众议院将推进调查特朗普政府疫情应对##美国新冠肺炎确诊人数超120万#L央视频的微博视频,,,,"美众议院将推进调查特朗普政府疫情应对,美国新冠肺炎确诊人数超120万",2,0,1,2020-05-06 08:49,微博云剪,,"http://f.video.weibocdn.com/2vk4dVnClx07CTQC4PSM01041200jzxW0E010.mp4?label=mp4_ld&template=640x360.25.0&trans_finger=40a32e8439c5409a63ccf853562a60ef&Expires=1592210433&ssig=WxajIdNZpb&KID=unistore,video",
4501508508651548,J0Df4AiF6,1585122994,安心被别人注册了,转发微博,,,,,0,0,0,2020-05-06 08:58,nova5Pro人像超级夜景,,,4501506247746640
4501508483244048,J0Df2dBVm,2288109902,Tim上下求索,五一假期，整个金融市场又被特朗普和蓬佩奥的帅锅阴谋论带到沟里，港股净跌4%，富时A50也被打下2个点，地产、券商惨一些，银行股下杀后再次收复失地，欧美股市也悉数下跌2-5%。那么今天A股怎么走呢？国家意志很重要，跌破2800加仓，否则观望为主，相信很多人是这么想的，那么对于节前封板的个股，如果今天出现大幅下杀，进场干就是了，比如长电科技，无视诉讼利空，中芯国际有故事，相信祖国科技战略，就是赌国运，这场战斗不论输赢，无悔无憾，中国必胜！,,,,,0,0,1,2020-05-06 08:58,360安全浏览器,,,
4501508472141251,J0Df18Z2j,5378771805,宁县检察,【#美众议院将推进调查特朗普政府疫情应对#】美国众议院民主党领导层表示，尽管白宫阻挠安东尼·福奇等疫情应对关键人物出席众议院听证，但民主党人仍然计划推进对特朗普政府疫情应对情况的调查。5日，众议院议长南希·佩洛西和众议院民主党领袖斯特尼·霍耶都对美国有线电视新闻网表示，众议院将继续对特朗普政府的疫情应对措施以及价值近3万亿美元的联邦救助计划的执行情况进行审查。霍耶说，无论共和党怎么做，众议院都将很快开始举行相关听证会。民主党目前是美国国会众议院的多数党。此前，白宫表示，除非白宫幕僚长批准，否则白宫疫情应对小组的任何成员都不会在5月到国会出席听证会。当天早些时候，参议院卫生、教育、劳工和养老金委员会正式宣布，白宫疫情应对小组成员安东尼·福奇将于12日到该委员会出席听证。就允许福奇到共和党控制的参议院参加听证，特朗普解释说，国会众议院是个“圈套”，有很多“特朗普仇恨者”。（人民日报胡泽曦）,,,,美众议院将推进调查特朗普政府疫情应对,0,3,3,2020-05-06 08:58,HUAWEI nova 2 Plus,['http://ww4.sinaimg.cn/large/005S0MfXly1geig7svkp6j30ob0obju5.jpg'],,
4501508416413635,J0DeVqUtJ,3924812700,中原盾,【河南昨日无新增新冠肺炎确诊病例、疑似病例】#最新疫情地图#2020年5月5日0时-24时，河南省无新增新冠肺炎确诊病例、疑似病例、无症状感染者。#豫你一起战疫#截至5月5日24时，全省累计报告本地新冠肺炎确诊病例1273例，累计死亡病例22例，累计出院病例1251例。全省累计报告境外输入确诊病例3例，全部出院。自1月21日起，我省已累计追踪到密切接触者40192人。5月5日解除观察1人，目前有8人正在接受医学观察。截至5月5日24时，无尚在医学观察的无症状感染者。#美国新冠肺炎确诊人数超120万##美众议院将推进调查特朗普政府疫情应对##已有超47亿只口罩从中国运到美国#,,,,"最新疫情地图,豫你一起战疫,美国新冠肺炎确诊人数超120万,美众议院将推进调查特朗普政府疫情应对,已有超47亿只口罩从中国运到美国",1,1,2,2020-05-06 08:58,HUAWEI P30 Pro,['http://ww4.sinaimg.cn/large/e9efe39cly1geig796cujj20jb0begxl.jpg'],,
4501508404893248,J0DeUkwXm,2267643845,虎老人生,我又要对流量下手了，美众议院将推进调查特朗普政府疫情应对不过这次是夸（被骂怕了）程潇这侧颜可太优秀了，这鼻子、这下颌线实在是太🉑🉑🉑🉑绝对是优秀的整容模板🉑🉑🉑,,,,,0,0,0,2020-05-06 08:58,iPhone客户端,"['http://ww3.sinaimg.cn/large/006qdyzsly1gehrje4op0j30j00w77iq.jpg', 'http://ww2.sinaimg.cn/large/006qdyzsly1gehrit830rj30u018zq6e.jpg']",,
4501508403639848,J0DeUfgTe,5522527173,小小心心1997,转发微博,,,,,0,0,0,2020-05-06 08:58,iPhone,,,4501184202054493
4501508383878763,J0DeSgh2H,5732764009,南阳网信,【#美国新冠病毒感染超120万#，白宫疫情应对小组或于5月解散】#全球疫情权威播报##百城行动战疫情##南阳战疫##南阳好网民#据美国约翰斯·霍普金斯大学疫情实时监测系统统计，截至美东时间5月5日下午5时32分，美国已有新冠病毒感染病例1201337例，其中包括死亡病例70847例。与该系统大约24小时前的数据相比，美国新增感染病例为23553例，新增死亡病例为2405例。纽约州现有感染病例321192例，其中包括死亡病例25073例。新泽西州有感染病例130593例，其中包括死亡病例8244例。此外，马萨诸塞州、伊利诺伊州、加利福尼亚州、宾夕法尼亚州等也出现了超过5万感染病例。当天，美国副总统彭斯说，白宫正在考虑最早在5月25日前解散白宫疫情应对特别小组。彭斯说，相关讨论反映美国在疫情应对上“取得的巨大进展”。特朗普表示，即使在应对小组解散后，安东尼·福奇博士、黛博拉·比尔克斯博士和该领域的其他专家仍将参与疫情应对相关工作。（人民日报）,,,,"美国新冠病毒感染超120万,全球疫情权威播报,百城行动战疫情,南阳战疫,南阳好网民",0,0,0,2020-05-06 08:58,专业版微博,,,
4501376921626476,J0zOQ6P7u,1989660417,胡锡进,#胡侃#特朗普团队这一次演砸了。蓬佩奥宣扬“有大量证据”证明新冠病毒出自武汉的实验室，他的这一谎言遭到全球科学界的公开反对。世卫组织强调，目前已有的1.5万个病毒基因序列均表明它们来自大自然，美国顶级流行病专家福奇则直言病毒出自实验室的说法没有科学依据。L胡锡进的微博视频,,,,胡侃,1115,1783,9066,2020-05-06 00:15,深度报道 · 视频社区,,"http://f.video.weibocdn.com/mX2c9Vnklx07D2xgwaVG01041200ssON0E010.mp4?label=mp4_ld&template=640x360.25.0&trans_finger=bdef57f06ae52835a2c783ca389e8517&Expires=1592210433&ssig=nOCEOVRPWf&KID=unistore,video",
4501508358093824,J0DePxXzy,1184986107,小辣椒和她的坚果,转发微博,,,,,0,0,0,2020-05-06 08:58,iPhone客户端,,,4501376921626476
4501508349902169,J0DeOFy0p,6493792663,国珍师兄,发布了头条文章：《面对病毒世界灾难如何解决—中国有方法·中国有方案·中国有声音》@刘玉珍老师@沈阳因果教育教学讲堂_指定微博O面对病毒世界灾难如何解决—中国有方法·中国有方案·中国有声音#早餐##木蛋兔子的小食光##三生三世枕上书##经典电影##VFACE##加油万事wow##最高检权威发布##海贼王##搞笑##热门视频合集##早间分享##自然醒##早安CNU##科学史##明人明言##香港##情感##历史冷知识##红人的诞生##2019正能量天团##早安，中国##普京感谢特朗普##微盘点##伊拉克##studywithme##利兹大学##中央戏剧学院##复旦大学##校园新闻##爱丁堡大学##剑桥大学##沈阳医学院##校园招聘##创业##职场##求职季##面试##招聘信息##职业生涯规划##普法课堂##微博法律大讲堂##奇葩案件##婚姻法冷知识##正能量##紧急救援##人人公益节##领英留学##英国留学##寒假来了##看电影学英语##考研英语##VOAEC地道口语##孕育视频##家有萌娃##亲子手工##分娩故事##农村美食##越南吃播##声控吃播##助眠视频##泰国吃播##快手##网红#,http://t.cn/A6hRiojF,佛山,"刘玉珍老师,沈阳因果教育教学讲堂_指定微博","早餐,木蛋兔子的小食光,三生三世枕上书,经典电影,VFACE,加油万事wow,最高检权威发布,海贼王,搞笑,热门视频合集,早间分享,自然醒,早安CNU,科学史,明人明言,香港,情感,历史冷知识,红人的诞生,2019正能量天团,早安，中国,普京感谢特朗普,微盘点,伊拉克,studywithme,利兹大学,中央戏剧学院,复旦大学,校园新闻,爱丁堡大学,剑桥大学,沈阳医学院,校园招聘,创业,职场,求职季,面试,招聘信息,职业生涯规划,普法课堂,微博法律大讲堂,奇葩案件,婚姻法冷知识,正能量,紧急救援,人人公益节,领英留学,英国留学,寒假来了,看电影学英语,考研英语,VOAEC地道口语,孕育视频,家有萌娃,亲子手工,分娩故事,农村美食,越南吃播,声控吃播,助眠视频,泰国吃播,快手,网红",1,0,1,2020-05-06 08:58,vivo智能手机,,,
4501508273600107,J0DeHf6yf,2945394960,抚州资溪发布,【美国#白宫计划解散应对疫情工作组#】据纽约时报5日报道：尽管美国疫情并未根本缓解，但白宫已计划在未来几周解散“应对疫情工作组”。一位高级官员称，随着白宫推动“重启美国计划”，该工作组将逐渐解散，重点将转向治疗、疫苗开发和病毒检测。目前，特朗普已不再安排工作组成员参加公开活动。据约翰斯·霍普金斯大学数据，目前#美国新冠肺炎确诊人数超120万#。（央视记者王逢治）,,,,"白宫计划解散应对疫情工作组,美国新冠肺炎确诊人数超120万",0,0,0,2020-05-06 08:57,专业版微博,['http://ww1.sinaimg.cn/large/af8f2910gy1geig71l3h8j20j60as3z9.jpg'],,
4501508248376032,J0DeEz8Zi,6622938151,用户6622938151,[精选]特朗普这下慌了，中国抛售千亿美债，或降低70%美国...。查看👉👉👉O网页链接随着卫生事件的持续发展，美国的经济受到了较大的影响，这些年积累的债务也开始浮现在大众的眼前。特朗普这下慌了，中国抛售千亿美债，或降低70%美国人的生活水平。目前，美国国债实时钟上显示的债务赤字总额目前O网页链接,,,,,0,0,0,2020-05-06 08:57,趣头条,['http://ww3.sinaimg.cn/large/007edaL5ly1geig6y3xf8j306y04njrc.jpg'],,
4501508239968788,J0DeDFPkU,5031978458,海东002,《搞混了？特朗普戴护目镜参观口罩工厂出发前曾保证：我会戴口罩》此视频已有15万次播放，快来一起看看！O网页链接,,,,,0,0,0,2020-05-06 08:57,iPhone客户端,['http://ww4.sinaimg.cn/large/005uxFsSly1geig6vfhydj30xv0j0adb.jpg'],,
4501508198793000,J0DezATsA,7109658567,用户7109658567,#美众议院将推进调查特朗普政府疫情应对#🔸如果你牙齿痛了，应想到你还是幸运的，如果满口牙都痛了，那就要你的命了。🔸要是你还能行走、看书、听经，要感恩，想想多少聋哑人、盲人和不能走路的残疾人。烦恼起源于贪心；痛苦来源于不知足。每天感恩，哪来的烦恼和痛苦啊！凡事要往好的地方想，接受无力改变的事实，生活就会欢快愉悦。20180211,,,,美众议院将推进调查特朗普政府疫情应对,0,0,0,2020-05-06 08:57,联想Z5 · 新国民旗舰,,,
4501508186165173,J0DeypRQh,1750353914,海南交通广播,【#美国新冠病毒感染超120万#，#白宫疫情应对小组或于5月解散#】据美国约翰斯·霍普金斯大学疫情实时监测系统统计，截至美国东部时间5月5日下午5时32分，美国已有新冠病毒感染病例1201337例，其中包括死亡病例70847例。与该系统大约24小时前的数据相比，美国新增感染病例为23553例，新增死亡病例为2405例。纽约州现有感染病例321192例，其中包括死亡病例25073例。新泽西州有感染病例130593例，其中包括死亡病例8244例。此外，马萨诸塞州、伊利诺伊州、加利福尼亚州、宾夕法尼亚州等也出现了超过5万感染病例。当天，美国副总统彭斯说，白宫正在考虑最早在5月25日前解散白宫疫情应对特别小组。彭斯说，相关讨论反映美国在疫情应对上“取得的巨大进展”。特朗普表示，即使在应对小组解散后，安东尼·福奇博士、黛博拉·比尔克斯博士和该领域的其他专家仍将参与疫情应对相关工作。（人民日报）,,,,"美国新冠病毒感染超120万,白宫疫情应对小组或于5月解散",0,0,1,2020-05-06 08:57,iPhone客户端,['http://ww2.sinaimg.cn/large/685447fagy1geig6attzzj20m80c375h.jpg'],,
4501493720795912,J0CRe3l3i,5832715136,萌恩星_,知道了//@羽屿虞:哈哈哈//@漫威重度患者:可以了可以了//@我是郭杰瑞:他们不确定是不是圆的//@钱权-无锡:美国有34%的18-24岁年轻人不相信地球是圆的，他们认为地球是平的。Mygod!,,,"羽屿虞,漫威重度患者,我是郭杰瑞,钱权-无锡",,0,0,0,2020-05-06 07:59,iPhone客户端,,,4501184202054493
4501493719564514,J0CRdE8am,5384801243,徽州反邪教,【美国#白宫计划解散应对疫情工作组#】据纽约时报5日报道：尽管美国疫情并未根本缓解，但白宫已计划在未来几周解散“应对疫情工作组”。一位高级官员称，随着白宫推动“重启美国计划”，该工作组将逐渐解散，重点将转向治疗、疫苗开发和病毒检测。目前，特朗普已不再安排工作组成员参加公开活动。据约翰斯·霍普金斯大学数据，目前#美国新冠肺炎确诊人数超120万#。（央视新闻）,,,,"白宫计划解散应对疫情工作组,美国新冠肺炎确诊人数超120万",0,0,0,2020-05-06 07:59,微博 weibo.com,['http://ww3.sinaimg.cn/large/005Sq4MXgy1geieiuvq2cj30j60as3za.jpg'],,
4501493711064838,J0CRd4t0O,5405583475,青川82233,太空并不是一片纯科技的净土，因为，美国早就将霸权意识延伸到太空领域，中国航天事业每前进一步，就像在美国心头又扎了一根针，而且扎得越来越疼。2018年6月18日，特朗普在美国国家太空委员会表示过：“美国在太空仅仅存在是不够的，美国必须在太空拥有主宰地位。”这跟中国人的太空合作思维完全不同，美国永远是从霸权主义出发，它不仅要在陆地，海洋，天空，而且还要在太空拥有绝对优势。“胖五”B去运抵海南，美国就屡屡偷窥，上个月美军电子侦察机也想尽可能地接近这里，居心叵测。同时，美国在舆论上也极力炒作“太空威胁论”，美国著名网络安全公司赛门铁克（Symantec）提出过太空“珍珠港”观点，称将来某一天，某大国会突然从太空给予美国致命一击，假定时间是在2031年12月7日清晨……这种匪夷所思的怪论，并不是现在才有，早在上世纪六七十年代就流行一时，那时“魔鬼”是青面獠牙的苏联，现在“太空威胁论”落到了“野心勃勃”的中国头上。,,,,,0,0,1,2020-05-06 07:59,HUAWEI Mate 9,['http://ww3.sinaimg.cn/large/005TPhcfly1geiehlmkuaj30hs0ecmyi.jpg'],,
4501493703373100,J0CRce9uQ,6263494460,糜秘秤8w07,生活可以漂泊；但你的灵魂必须有所归依……可以孤独……#特朗普称注射消毒液的说法只是讽刺#,,,,特朗普称注射消毒液的说法只是讽刺,0,0,0,2020-05-06 07:59,iPhone客户端,,,
4501493699782153,J0CRbF2MF,2034347300,郑州晚报,【#美国新冠病毒感染超120万#，#白宫疫情应对小组或于5月解散#】据美国约翰斯·霍普金斯大学疫情实时监测系统统计，截至美东时间5月5日下午5时32分，美国已有新冠病毒感染病例1201337例，其中包括死亡病例70847例。与该系统大约24小时前的数据相比，美国新增感染病例为23553例，新增死亡病例为2405例。纽约州现有感染病例321192例，其中包括死亡病例25073例。新泽西州有感染病例130593例，其中包括死亡病例8244例。此外，马萨诸塞州、伊利诺伊州、加利福尼亚州、宾夕法尼亚州等也出现了超过5万感染病例。当天，美国副总统彭斯说，白宫正在考虑最早在5月25日前解散白宫疫情应对特别小组。彭斯说，相关讨论反映美国在疫情应对上“取得的巨大进展”。特朗普表示，即使在应对小组解散后，安东尼·福奇博士、黛博拉·比尔克斯博士和该领域的其他专家仍将参与疫情应对相关工作。@人民日报,,,人民日报,"美国新冠病毒感染超120万,白宫疫情应对小组或于5月解散",1,2,3,2020-05-06 07:59,,['http://ww1.sinaimg.cn/large/7941ad24ly1geieisbslwj21bj1lf17y.jpg'],,
4501493665851990,J0CR8oymW,1042265734,健康云2020,长征五B发射成功，太空站有望按计划建成，虎门大桥建成23年，昨天发生波浪式抖动暂时停运，原油再次涨回25～30美元，中行的原油宝解决方案出来，负值部分中行负担，一个有明显缺陷的金融产品，这样解决也算不错了，毕竟交易者知道规则，签过字！金融委近期三次谈稳定，那么至少不会大跌吧！美国的复工开启，而今最大的不确定是特朗普到底如何继续找中国麻烦，还有多少小弟会跟！多事之春，希望都随着夏天到来而转危为安！,,,,,0,0,0,2020-05-06 07:59,小米MIX2S 全面屏,,,
4501493648469565,J0CR6zxjT,1918830794,太原铁路,【美国#白宫计划解散应对疫情工作组#】据纽约时报5日报道：尽管美国疫情并未根本缓解，但白宫已计划在未来几周解散“应对疫情工作组”。一位高级官员称，随着白宫推动“重启美国计划”，该工作组将逐渐解散，重点将转向治疗、疫苗开发和病毒检测。目前，特朗普已不再安排工作组成员参加公开活动。据约翰斯·霍普金斯大学数据，目前#美国新冠肺炎确诊人数超120万#。（央视记者王逢治）@央视新闻,,,央视新闻,"白宫计划解散应对疫情工作组,美国新冠肺炎确诊人数超120万",0,0,0,2020-05-06 07:59,荣耀V30 PRO 5G,['http://ww4.sinaimg.cn/large/725f08cagy1geieieekcqj20sc0fy0ud.jpg'],,
4501493640575936,J0CR62pPi,2703419987,共青团广安市委,【特朗普坚称自己在控制疫情方面“做得非常好”，美国民众：不满意！】#美众议院将推进调查特朗普政府疫情应对##美国新冠肺炎确诊人数超120万#L央视频的微博视频,,,,"美众议院将推进调查特朗普政府疫情应对,美国新冠肺炎确诊人数超120万",1,2,3,2020-05-06 07:59,团团的华为Android,,"http://f.video.weibocdn.com/2vk4dVnClx07CTQC4PSM01041200jzxW0E010.mp4?label=mp4_ld&template=640x360.25.0&trans_finger=40a32e8439c5409a63ccf853562a60ef&Expires=1592210442&ssig=R8gkx%2Fq41y&KID=unistore,video",
4501493636744869,J0CR5siEd,2131593523,羊城晚报金羊网,【约翰斯·霍普金斯大学：#美国累计新冠确诊病例超过120万例#】美国约翰斯·霍普金斯大学5日发布的新冠疫情最新统计数据显示，美国累计新冠确诊病例超过120万例。根据美国东部时间5日18时（北京时间6日6时）查询到的数据，美国累计新冠确诊病例升至1201337例，累计死亡病例为70646例，确诊病例和死亡病例都是全球最多。数据显示，纽约州为美国疫情最严重的地区，累计确诊病例321192例，累计死亡病例25073例。新泽西州累计确诊病例130593例，累计死亡病例8244例。确诊病例超过5万例的州还有马萨诸塞州、伊利诺伊州、加利福尼亚州和宾夕法尼亚州。#美国新冠肺炎确诊人数超120万##美众议院将推进调查特朗普政府疫情应对##美市长称去年感染过新冠病毒并检出抗体#（新华社）,,,,"美国累计新冠确诊病例超过120万例,美国新冠肺炎确诊人数超120万,美众议院将推进调查特朗普政府疫情应对,美市长称去年感染过新冠病毒并检出抗体",0,0,1,2020-05-06 07:59,360安全浏览器,['http://ww4.sinaimg.cn/large/7f0d8933gy1geiei05y2jj20p00angpk.jpg'],,
4501493611529763,J0CR36pXB,6146648275,金聊斋,美国一市长称去年11月感染新冠病毒美媒：比首例早2个月人民日报海外网5小时前·海外网官方账号来源:海外网新泽西州贝尔维尔市长迈克尔·梅勒姆（NJ.com）【海外网5月5日|战疫全时区】据美媒报道，美国新泽西州贝尔维尔市长迈克尔·梅勒姆（MichaelMelham）4月30日表示，自己在2019年11月就已感染新冠病毒。检测结果也显示，他已拥有新冠病毒抗体。梅勒姆的这一说法，令许多人感到吃惊，因为美国今年1月20日才报道首例新冠病毒确诊病例，比梅勒姆提到的感染日期，晚了2个多月。综合美国《世界日报》、新泽西州当地媒体NJ.com和《记录报》（TheRecord）报道，梅勒姆回忆称，他在2019年11月前往大西洋城参加一场会议，11月21日回程时突感不适，回到家后开始出现高烧、发冷等一系列症状，整夜都无法入眠。医生认为他感染了流感，他当时也接受了这一说法，直到新冠病毒疫情在新泽西州暴发。梅勒姆说，“我曾怀疑过自己感染了新冠病毒，但他们说美国首例在一月才被发现；但我以前也患过流感，症状从未如此严重，我觉得自己好像快要死了。”尽管官方说法认为梅勒姆当时不可能感染新冠病毒，但他还是坚持去做了血液抗体检测，4月29日拿到的结果，令他的医生非常震惊：检测显示梅勒姆已有新冠病毒抗体。4月30日，梅勒姆发表声明宣布检测结果，并认为此前许多重症流感很可能就是新冠病毒，“我身边也有很多人告诉我，他们曾在去年11、12月生病且症状严重。”梅勒姆还强调，他体内的抗体存在时间很长，不是最近产生的；他这几个月仅仅去过波多黎各旅行，而且是一个人居住。目前，新泽西州卫生厅与州长墨菲发言人对此均不评论。（海外网刘强）老金:真相大白，特朗普甩锅甩不了了！网友热议:实锤来了，特朗普彭佩奥要坐不住了😄😜面对疫情，全人类需要团结协作共同抗争，争分夺秒的想怎么减少传播，抢救生命！这才是领导者应该号召民众做的事情，在各种甩锅的过程中，总会有人感悟到人性和真理，勇敢的站出来说实话！,,,,,0,0,0,2020-05-06 07:59,iPad mini,"['http://ww2.sinaimg.cn/large/006HYI0jgy1geieid3ol9j30dc08w0zm.jpg', 'http://ww3.sinaimg.cn/large/006HYI0jgy1geieidmycpj307e07eq3r.jpg']",,
4501493602491343,J0CR2as6X,3921451635,ICEIntelligence,在前往亚利桑那州凤凰城前，特朗普总统在白宫南草坪向媒体发表讲话（2020年5月5日）。　　美国总统特朗普周二敦促公开有关新型冠状病毒起源的信息，这场大流行对世界各国造成了破坏。　　特朗普在前往亚利桑那州前在白宫对记者说，美国将公布一份报告，详细说明这种新型冠状病毒的起源，但他没有提供其他细节或公布的时间。　　特朗普说：“我们将在一段时间内作出非常明确的报告。”,,,,,0,0,0,2020-05-06 07:59,iPhone,,,
4501493569111396,J0CQYCei0,2039753857,CCTV4,【美国#白宫计划解散应对疫情工作组#】据纽约时报5日报道：尽管美国疫情并未根本缓解，但白宫已计划在未来几周解散“应对疫情工作组”。一位高级官员称，随着白宫推动“重启美国计划”，该工作组将逐渐解散，重点将转向治疗、疫苗开发和病毒检测。目前，特朗普已不再安排工作组成员参加公开活动。据约翰斯·霍普金斯大学数据，目前#美国新冠肺炎确诊人数超120万#。（央视记者王逢治）#全球抗疫进行时#O全球确诊病例超352万美国白宫计划解散“应对疫情工作组”,,,,"白宫计划解散应对疫情工作组,美国新冠肺炎确诊人数超120万,全球抗疫进行时",4,6,7,2020-05-06 07:59,,['http://ww1.sinaimg.cn/large/79942c81ly1geieb7v9eaj20sc0fy0um.jpg'],,
4501493552302515,J0CQX9EZl,2350226307,北京李乾浩,【聚焦经济重启及疫苗进展美股收高纳指涨逾1%】美欧逐步解除封锁、重启经济及冠状病毒疫苗迅速研发等消息提振了市场情绪。美国总统特朗普考虑在下一轮刺激计划里对企业减税。原油期货价格大涨，美油涨幅超过20%。道指收盘上涨0.56%，纳指涨1.13%，标普500指数涨0.90%。在线教育板块涨幅居前，跟谁学涨超6%，好未来涨超5%，新东方涨超4%。石油股中康菲石油、雪佛龙涨约2%。特斯拉涨近1%，苹果涨1.5%，苹果将自6月22日起在线举办全球开发者大会。#今日看盘##股票#,,,,"今日看盘,股票",0,0,2,2020-05-06 07:59,Android,,,
4501493535150778,J0CQVlBX4,7194174402,董忠云-中航证券,白宫任命联邦退休储蓄投资委员会新成员，或影响基金投资中国的决定（路透社5月5日6:46AM）美国白宫周一任命三名被提名人进入一个负责监管联邦雇员养老基金的委员会。此举可能会逆转一项决定，该决定允许其中一只基金投资于受到美国政府监督的中国公司。如果任命获得参议院的确认，这三人将成为联邦退休储蓄投资委员会(FRTIB)的成员。该委员会负责管理节俭储蓄计划(TSP)，这是一项为联邦雇员和军人服务的类似于401(k)计划的退休储蓄基金。白宫表示，这三人将加入由五名成员组成的董事会，任期两到四年，他们将接替三名任期已届满的成员。由于白宫自己任命的官员现在占多数，可能会逆转该委员会在2017年做出的一项决定，该决定允许TSP旗下一只规模为500亿美元的国际基金追踪一只将一些中国公司股票纳入其中的指数。这些中国公司被指控侵犯人权、违反制裁规定以及资助中国军方。在这个指数的成份股之中，引起华府人士关注的中国公司包括海康威视、中兴通讯和航空工业集团子公司。2017年做出的TSP追踪该指数的计划原定于2020年下半年生效，但路透上个月报导称，美国一些议员和前官员正在做出最后努力，试图说服特朗普政府中止追踪该指数的计划。,,北京,,,0,0,1,2020-05-06 07:59,HUAWEI Mate 20 X,,,
4501493488912319,J0CQQBov5,6146648275,金聊斋,美国一市长称去年11月感染新冠病毒美媒：比首例早2个月人民日报海外网5小时前·海外网官方账号来源:海外网新泽西州贝尔维尔市长迈克尔·梅勒姆（NJ.com）【海外网5月5日|战疫全时区】据美媒报道，美国新泽西州贝尔维尔市长迈克尔·梅勒姆（MichaelMelham）4月30日表示，自己在2019年11月就已感染新冠病毒。检测结果也显示，他已拥有新冠病毒抗体。梅勒姆的这一说法，令许多人感到吃惊，因为美国今年1月20日才报道首例新冠病毒确诊病例，比梅勒姆提到的感染日期，晚了2个多月。综合美国《世界日报》、新泽西州当地媒体NJ.com和《记录报》（TheRecord）报道，梅勒姆回忆称，他在2019年11月前往大西洋城参加一场会议，11月21日回程时突感不适，回到家后开始出现高烧、发冷等一系列症状，整夜都无法入眠。医生认为他感染了流感，他当时也接受了这一说法，直到新冠病毒疫情在新泽西州暴发。梅勒姆说，“我曾怀疑过自己感染了新冠病毒，但他们说美国首例在一月才被发现；但我以前也患过流感，症状从未如此严重，我觉得自己好像快要死了。”尽管官方说法认为梅勒姆当时不可能感染新冠病毒，但他还是坚持去做了血液抗体检测，4月29日拿到的结果，令他的医生非常震惊：检测显示梅勒姆已有新冠病毒抗体。4月30日，梅勒姆发表声明宣布检测结果，并认为此前许多重症流感很可能就是新冠病毒，“我身边也有很多人告诉我，他们曾在去年11、12月生病且症状严重。”梅勒姆还强调，他体内的抗体存在时间很长，不是最近产生的；他这几个月仅仅去过波多黎各旅行，而且是一个人居住。目前，新泽西州卫生厅与州长墨菲发言人对此均不评论。（海外网刘强）老金:真相大白，特朗普甩锅甩不了了！网友热议:实锤来了，特朗普彭佩奥要坐不住了😄😜面对疫情，全人类需要团结协作共同抗争，争分夺秒的想怎么减少传播，抢救生命！这才是领导者应该号召民众做的事情，在各种甩锅的过程中，总会有人感悟到人性和真理，勇敢的站出来说实话！,,,,,0,0,0,2020-05-06 07:59,iPad mini,"['http://ww1.sinaimg.cn/large/006HYI0jgy1geieh35931j30dc08w0zm.jpg', 'http://ww2.sinaimg.cn/large/006HYI0jgy1geieh2fb6xj307e07eq3r.jpg']",,
4501493475972582,J0CQPp3JY,3937313028,偏执狂Kay茁,#财经资讯#【曾经说复活节前复工的#特朗普再次改口#：呼吁美国人在家祈祷】12日，美国总统特朗普发布复活节视频讲话。上个月曾考虑在复活节前“开放美国”的他，如今呼吁美国人在家祈祷。“我们不能如愿在教堂与彼此坐在一起，但这很快就会实现。美国从未有人见过这样的疫情，但我们正在赢得这场战斗?,,,,"财经资讯,特朗普再次改口",0,0,0,2020-05-06 07:59,微博 weibo.com,,,
4501493396692463,J0CQHs50X,1797663834,石上清流,"【拍案震惊】高傲自大、自称伟大，应了中国一句俗话，搬啥啥砸了啥。转自：纽约邮报特朗普总统在周日晚上的虚拟市政厅中说，美国可能会因冠状病毒爆发而导致多达100,000人死亡。在福克斯新闻的林肯纪念堂发表讲话的特朗普在预测该病毒可能在全国范围内造成60,000至70,000人死亡的一个月后给出了这一估计值。特朗普在星期日晚上说：“我们将失去75、80、100,000人的任何地方。”“这是一件可怕的事情。我们不应该为此失去一个人。”总统说，如果他的政府不迅速采取行动，死亡人数可能会更大。特朗普说：“如果我们不这样做，我们将损失的最低限度为一百万分之二，一百万分之四，一百万分之五。”“我们损失可能会更高，可能会高于2.2。”美国有67,000多人死于这种疾病。",,,,,0,0,0,2020-05-06 07:58,Redmi Note 7 Pro,['http://ww4.sinaimg.cn/large/6b262c5agy1geieev9eywj20hs0bvt9r.jpg'],,
4501493338174115,J0CQByisz,2972503342,江北检察,【#美众议院将推进调查特朗普政府疫情应对#】美国众议院民主党领导层表示，尽管白宫阻挠安东尼·福奇等疫情应对关键人物出席众议院听证，但民主党人仍然计划推进对特朗普政府疫情应对情况的调查。5日，众议院议长南希·佩洛西和众议院民主党领袖斯特尼·霍耶都对美国有线电视新闻网表示，众议院将继续对特朗普政府的疫情应对措施以及价值近3万亿美元的联邦救助计划的执行情况进行审查。霍耶说，无论共和党怎么做，众议院都将很快开始举行相关听证会。民主党目前是美国国会众议院的多数党。此前，白宫表示，除非白宫幕僚长批准，否则白宫疫情应对小组的任何成员都不会在5月到国会出席听证会。当天早些时候，参议院卫生、教育、劳工和养老金委员会正式宣布，白宫疫情应对小组成员安东尼·福奇将于12日到该委员会出席听证。就允许福奇到共和党控制的参议院参加听证，特朗普解释说，国会众议院是个“圈套”，有很多“特朗普仇恨者”。（人民日报）,,,,美众议院将推进调查特朗普政府疫情应对,0,11,8,2020-05-06 07:58,iPhone客户端,['http://ww4.sinaimg.cn/large/b12ccd2ely1geiehanseuj20rs0rs412.jpg'],,
4501493170555904,J0CQl2kCc,3033795223,海无惊浪的博客_944,我在看：【小布什呼吁美民众展现同情和团结反遭特朗普抨击】#跟新浪看热点#O小布什呼吁美民众展现同情和团结反遭特朗普抨击,,,,跟新浪看热点,0,0,0,2020-05-06 07:57,新浪新闻客户端,,,
