﻿id,bid,user_id,用户昵称,微博正文,头条文章url,发布位置,艾特用户,话题,转发数,评论数,点赞数,发布时间,发布工具,微博图片url,微博视频url,retweet_id
4504735388606074,J1ZbIA6PE,1298535315,占豪,【中国就是给特朗普再多好处都是喂不饱的，所以准备好一切，做最坏打算，没什么大不了的！就让美国人省5000亿美元去吧！】【特朗普又语出惊人：和中国“彻底绝交”，我们能省5000亿美元】14日，特朗普在福克斯新闻的采访中将矛头又一次指向中国以及欧洲，并且语出惊人地表示：如果美国和中国“彻底切断关系”，可以省下5000亿美元。特朗普没解释这5000亿美元是怎么算出来的，他紧接着又抱怨起美国这些年来白白保卫着欧洲，而欧洲“还在贸易问题上占美国的便宜”。话毕，道琼斯工业指数在30分钟内急跌450点。L微丢的微博视频,,,,,1887,231,6657,2020-05-15 06:41,HUAWEI Mate 20 X 5G,,"http://f.video.weibocdn.com/xhcl71o1lx07DgLxJRRC010412007JHg0E010.mp4?label=mp4_ld&template=640x360.25.0&trans_finger=40a32e8439c5409a63ccf853562a60ef&Expires=1592211695&ssig=LvVHrPFpb3&KID=unistore,video",
4504860912107567,J22sb8Qh1,6326982897,高山流水6326982897,转发微博,,,,,0,0,0,2020-05-15 14:59,Android客户端,,,4504735388606074
4504783510403912,J20rl1H4I,6105864408,长安皖韵,【#特朗普吹嘘病毒检测成就被记者狂怼#：全搞砸了！】12日，《纽约时报》科学与健康记者麦克尼尔接受CNN采访时直言，与别国相比，美国在中国疾控中心公开宣布疫情后的前两个月里，“完全搞砸了”。当被问及特朗普本周吹嘘病毒检测成就时，麦克尼尔说：“说要注射消毒液…这个人科学知识还没到三年级水平。想让他根据流行病学统计数据得出正确结论，简直是天方夜谭。”L央视新闻的微博视频,,,,特朗普吹嘘病毒检测成就被记者狂怼,79,39,45,2020-05-15 09:52,iPhone客户端,,"http://f.video.weibocdn.com/XerKyNvylx07DhwH1NCU010412005TAH0E010.mp4?label=mp4_ld&template=640x360.25.0&trans_finger=40a32e8439c5409a63ccf853562a60ef&Expires=1592211695&ssig=WfBz110Bnh&KID=unistore,video",
4504860889942133,J22s8FIoZ,6475425636,琅琊正道,转发微博,,,,,0,0,0,2020-05-15 14:59,微博 weibo.com,,,4504783510403912
4504770775588102,J206NnrIG,1887344341,观察者网,【特朗普：医护人员冲向死亡就像士兵冲向子弹，很美丽】5月14日，特朗普在美国宾夕法尼亚州一家医疗物资中心发表演讲，声情并茂地表演了医护“还没准备好就得穿门而入”的情形。他将医护人员称作“战士”，形容“他们就像士兵冲入枪林弹雨一样冲向死亡”，并附上了一句“很美丽”！L微丢的微博视频,,,,,557,795,4884,2020-05-15 09:01,专业版微博,,"http://f.video.weibocdn.com/wQzXAbDYlx07DhskjagM0104120044BU0E010.mp4?label=mp4_ld&template=360x640.24.0&trans_finger=81b11b8c5ffb62d33ceb3244bdd17e7b&Expires=1592211695&ssig=5xK4UcpRLt&KID=unistore,video",
4504860873293778,J22s7dORs,2211350741,吴官军,转发微博,,,,,0,0,0,2020-05-15 14:59,iPhone客户端,,,4504770775588102
4504779231415090,J20kr5W82,5044281310,澎湃新闻,【特朗普：美国或检测过度了，检测少病例就少】#特朗普称美国新冠检测或过度#当地时间5月14日，特朗普参观宾夕法尼亚州医疗设备厂时称，美国检测能力世界最强，但可能检测过度了。特朗普指出，若不做检测，美国确诊新冠病例可能很少。（视频来源：白宫BBC）O特朗普：美国或检测过度了，检测少病例就少L澎湃新闻的微博视频,,,,特朗普称美国新冠检测或过度,644,1497,6198,2020-05-15 09:35,微博视频,,"http://f.video.weibocdn.com/pkhAe4lolx07DhvKmFYs010412006X2G0E010.mp4?label=mp4_ld&template=640x360.25.0&trans_finger=bdef57f06ae52835a2c783ca389e8517&Expires=1592211695&ssig=TBEMMV3zB2&KID=unistore,video",
4504860873119930,J22s7d5Ds,6258630062,用户cuo错爱,转发微博,,,,,0,0,0,2020-05-15 14:59,荣耀20i,,,4504779231415090
4504860852888773,J22s5c7v7,3934791977,小警之家,【特朗普：检测越少病例就越少这是常识】网友：真就“掩耳到零”L小警之家的微博视频,,,,,1,7,16,2020-05-15 14:59,微博视频,,"http://f.video.weibocdn.com/4TkUpiyhlx07DhS13VXy010412005nAk0E010.mp4?label=mp4_ld&template=636x360.25.0&trans_finger=40a32e8439c5409a63ccf853562a60ef&Expires=1592211695&ssig=fH4bu0msg2&KID=unistore,video",
4504860848454688,J22s4ztrW,5182171545,界面新闻,【特朗普：正考虑要求赴美上市的中国公司遵守美国会计准则】但特朗普也补充表示，“如果我们这样做了，他们会作何反应？他们会把上市地点改在伦敦或是别的什么地方。明白了吧？”,,,,,13,12,18,2020-05-15 14:59,微博 weibo.com,['http://ww1.sinaimg.cn/large/005EHRy1ly1get58ecz8cj30u012zk3k.jpg'],,
4504860832135625,J22s38Xzz,1687562827,勇敢的燕子110,再次印证了我的话，特朗普就是头发了疯的蠢驴O疯了？特朗普竟称和中国“彻底绝交”可省5000亿美元,,,,,0,0,0,2020-05-15 14:59,凤凰新闻,,,
4504820163439346,J21oseqJk,1974576991,环球时报,【特朗普：#医生们像战士一般朝死亡奔去那是美丽的事#】当地时间5月14日，美国总统特朗普在宾夕法尼亚州参观医疗设备分销机构时发表讲话，他评价了抗疫医务人员，称他们向死亡奔去，就像士兵遇上子弹一样“很美丽”。谈及一线医务工作人员，特朗普称，“当你看到他们进入医院，穿上你们运送的防护装备，他们全身裹起来，接着穿过打开的门，他们甚至还没有准备好要穿过那些门，他们本来不应该这样做…他们朝着死亡奔去，就像战士奔向真正的枪林弹雨一般。”特朗普称，看到医生、护士和许多人进入这些医院，令人难以置信，并形容那是“一件美丽的事”。（《环球时报》三缺二视频组）@这视频L这视频的秒拍视频,,,这视频,医生们像战士一般朝死亡奔去那是美丽的事,327,695,3338,2020-05-15 12:18,,,"http://miaopai.video.weibocdn.com/g0Y1Sy1Llx07DhFv9JpS010412004LLD0E013.mp4?label=mp4_ld&template=640x360.25.0&trans_finger=40a32e8439c5409a63ccf853562a60ef&Expires=1592211695&ssig=tAHgmxnoXU&KID=unistore,video",
4504860827293371,J22s2uBl1,7382728947,长闭关的常碧霞,转发微博,,,,,0,0,0,2020-05-15 14:59,三星 GALAXY Note8,,,4504820163439346
4504860772434479,J22rXadjN,2207117132,辰星之辉,特朗普：切断与中国关系可以节省5000亿美元别光嘴炮，你可以试试！#全球疫情##防疫##美国疫情##美国##特朗普崩溃了##特朗普变形记##特朗普与女记者僵持不下转身就走#L辰星之辉的微博视频,,,,"全球疫情,防疫,美国疫情,美国,特朗普崩溃了,特朗普变形记,特朗普与女记者僵持不下转身就走",3,3,17,2020-05-15 14:59,HUAWEI Mate 20 X,,"http://f.video.weibocdn.com/lSbF1vNdlx07DhRZKEX6010412000Vtd0E010.mp4?label=mp4_ld&template=360x640.24.0&trans_finger=81b11b8c5ffb62d33ceb3244bdd17e7b&Expires=1592211695&ssig=qXOOKTHf8e&KID=unistore,video",
4501887284890459,J0N60kwen,1957188991,徐申东,#星画感应大赛#请猜一个成语和一个词语留言区第一个答对的人送这幅画，加上我的签名,,,,星画感应大赛,118,326,1325,2020-05-07 10:03,徐申东超话,['http://ww1.sinaimg.cn/large/74a8557fgy1gejnooq0vkj20qo0zxgnw.jpg'],,
4504860751397765,J22rV5RCB,7000132363,杰京秀桂,特朗普帅锅,,,,,0,0,0,2020-05-15 14:59,微博 weibo.com,,,4501887284890459
4504799645473946,J20RmmY1s,1887344341,观察者网,【佩洛西：特朗普关于中国的言论是在转移视线】5月14日，美国众议院议长佩洛西在简报会上表示，特朗普关于中国的言论是在转移公众对疫情早期政府抗议不力的关注。“当下应该把精力放在美国人民的需求上，而不是追究美国是如何做到今天这一步的。”此外，她表示不应该从政治的角度，而应从科学的角度地追踪大流行的起源。L微丢的微博视频,,,,,117,264,1362,2020-05-15 10:56,专业版微博,,"http://f.video.weibocdn.com/OIyqHpnilx07DhAfnjhm010412006arh0E010.mp4?label=mp4_ld&template=640x360.25.0&trans_finger=40a32e8439c5409a63ccf853562a60ef&Expires=1592211695&ssig=DB%2Bohqh4Y2&KID=unistore,video",
4504860744099089,J22rUhcml,1824008664,俊姐的猫窝,敌人的敌人是朋友而已。//@战略安全与军控在线:转发微博,,,战略安全与军控在线,,0,0,0,2020-05-15 14:59,微博 weibo.com,,,4504799645473946
4504825943352341,J21xMe461,6508016609,风闻社区,抗疫成功，中国人民更信任自己的领导人李世默：疫情的阴霾正在中国各地逐渐消散。在这个重要转折时刻，我想分享一下我所感受到的，关于中国政府与社会的五点体会。,,,,,352,123,1345,2020-05-15 12:41,微博 weibo.com,['http://ww3.sinaimg.cn/large/0076qYpPgy1gesz7iw5etj30j6bmib2a.jpg'],,
4504860735407396,J22rTmGI4,1144734453,一羽中的乐悠悠,//@侯宁://@老简宁:特朗普越看越气，尤其最后一节//@氈裘为裳:怆然涕下！,,,"侯宁,老简宁,氈裘为裳",,0,0,0,2020-05-15 14:59,微博 weibo.com,,,4504825943352341
4504860726990418,J22rStkwG,3709045730,深圳地方人,#美国#【特朗普：医护人员冲向死亡就像士兵冲向子弹，很美丽】5月14日，特朗普在美国宾夕法尼亚州一家医疗物资中心发表演讲，声情并茂地表演了医护“还没准备好就得穿门而入”的情形。他将医护人员称作“战士”，形容“他们就像士兵冲入枪林弹雨一样冲向死亡”，并附上了一句“很美丽”！L微丢的微博视频,,,,美国,1,0,1,2020-05-15 14:59,iPhone XR,,"http://f.video.weibocdn.com/wQzXAbDYlx07DhskjagM0104120044BU0E010.mp4?label=mp4_ld&template=360x640.24.0&trans_finger=81b11b8c5ffb62d33ceb3244bdd17e7b&Expires=1592211695&ssig=5xK4UcpRLt&KID=unistore,video",
4504744054286385,J1ZpHhZ5f,2079751412,辽宁共青团,奥斯卡影帝批特朗普：他根本不在乎有多少美国人死亡，只想着连任，他假装在乎的人恰恰是他最鄙视的人。#美国新冠肺炎确诊数超141万##全球新冠死亡病例超30万#L辽宁共青团的微博视频,,,,"美国新冠肺炎确诊数超141万,全球新冠死亡病例超30万",16,13,176,2020-05-15 07:15,,,"http://f.video.weibocdn.com/trPOJRF6lx07Dhm8WLUk010412001Iuq0E010.mp4?label=mp4_ld&template=360x640.24.0&trans_finger=81b11b8c5ffb62d33ceb3244bdd17e7b&Expires=1592211695&ssig=gjj1PuKBRc&KID=unistore,video",
4504860706529926,J22rQroJo,5864139242,桃李江来,转发微博,,,,,0,0,0,2020-05-15 14:59,iPhone客户端,,,4504744054286385
4504755231367560,J1ZHJ5JLq,1618051664,头条新闻,【特朗普又语出惊人：和中国“彻底绝交”，我们能省5000亿美元】#特朗普称与中国绝交可省5000亿#14日，特朗普在福克斯新闻的采访中将矛头又一次指向中国以及欧洲，并且语出惊人地表示：如果美国和中国“彻底切断关系”，可以省下5000亿美元。特朗普没解释这5000亿美元是怎么算出来的，他紧接着又抱怨起美国这些年来白白保卫着欧洲，而欧洲“还在贸易问题上占美国的便宜”。话毕，道琼斯工业指数在30分钟内急跌450点。@观察者网L微丢的微博视频,,,观察者网,特朗普称与中国绝交可省5000亿,959,1454,5515,2020-05-15 08:00,微博 weibo.com,,"http://f.video.weibocdn.com/xhcl71o1lx07DgLxJRRC010412007JHg0E010.mp4?label=mp4_ld&template=640x360.25.0&trans_finger=40a32e8439c5409a63ccf853562a60ef&Expires=1592211695&ssig=LvVHrPFpb3&KID=unistore,video",
4504860659976686,J22rLFRoi,5967453144,长跑队员2008,转发微博,,,,,0,0,0,2020-05-15 14:59,HUAWEI Mate 9,,,4504755231367560
4504764836010939,J1ZXdpdID,1686546714,环球网,【掩耳盗铃？特朗普：如果我们不做检测病例就会变少这是常识】#特朗普称不做检测病例就会变少#当地时间5月14日，美国总统特朗普访问宾夕法尼亚州的一处医疗物资中心。演讲中，特朗普说：我们有世界上最多的新冠肺炎病例，这是为什么呢，当你检测，你就发现病例，当你检测，你会发现人们有问题，如果我们不做任何检测，病例就会变得非常少”。L海客新闻的秒拍视频@海客新闻,,,海客新闻,特朗普称不做检测病例就会变少,589,495,2095,2020-05-15 08:38,微博 weibo.com,,"http://miaopai.video.weibocdn.com/bPfIg7AUlx07DhljMbMk010412005BGP0E013.mp4?label=mp4_ld&template=640x360.25.0&trans_finger=40a32e8439c5409a63ccf853562a60ef&Expires=1592211695&ssig=Tbu4XnfFO2&KID=unistore,video",
4504860651861916,J22rL7OmU,2624710775,键山厨,这是不是在影射病例少的某些国家//@月刊勇者KuMa君:牛批//@回生枪兵Enokass://@xeno_light://@Shinkalion:哈哈哈哈哈哈哈哈你终于有这个想法了哈哈哈哈哈哈哈哈,,,"月刊勇者KuMa君,回生枪兵Enokass,xeno_light,Shinkalion",,0,0,0,2020-05-15 14:58,微博国际版,,,4504764836010939
4504860630293360,J22rJ1ejC,7041951828,民乐融媒体中心,特朗普：不做作检查病例就少了！嗯，是的！L民乐融媒体中心的微博视频,,,,,0,0,0,2020-05-15 14:58,微博视频,,"http://f.video.weibocdn.com/ONwFaGmhlx07DhRXgLhS010412001dpn0E010.mp4?label=mp4_ld&template=360x632.25.0&trans_finger=bdef57f06ae52835a2c783ca389e8517&Expires=1592211695&ssig=883OmgI9cz&KID=unistore,video",
4504740103341261,J1Zjke1dj,1722864400,汇通网_FX678,【5月15日财经早餐：美元从三周高位回落，黄金突破1730，油价飙升10%创一个月来新高】5月14日美元指数刷新4月24日以来高点至100.56，特朗普表示现在是美元强势的好时机，不过随着美股大幅回升，美元回吐大部分涨幅。现货黄金一度涨逾20美元，刷新近三周高点至1736.55美元/盎司，投资者担忧长期经济疲弱和贸易紧张关系，提振了黄金的避险需求。美油6月合约飙升10%，创近一个月新高至27.96美元/桶，因上周美国原油库存意外减少且IEA缩减需求跌幅预测。,,,,,0,0,0,2020-05-15 06:59,分享按钮,,,
4504740099324953,J1ZjjD7Qt,6499089863,张立9692,我在看：【“身边的疫情”何以撼不动特朗普重启决心】#跟新浪看热点#O“身边的疫情”何以撼不动特朗普重启决心,,,,跟新浪看热点,0,0,0,2020-05-15 06:59,新浪新闻客户端,,,
4504740099137858,J1ZjjClaO,2209829654,菊与刀海,爱是一种责任！不可以轻易的离开……不是逃避着给彼此幸福的责任……#特朗普称注射消毒液的说法只是讽刺##生活有点禅#,,,,"特朗普称注射消毒液的说法只是讽刺,生活有点禅",0,0,0,2020-05-15 06:59,iPhone客户端,,,
4504740060234813,J1Zjg0Z5j,1855463684,匹夫未敢忧国,强盗逻辑！厚颜无耻！,,,,,0,0,0,2020-05-15 06:59,小米Note 3 拍人更美,,,4504735388606074
4504740048737722,J1ZjeAF50,1736574887,董郎行,洪波：TurnDownforWhat.#美国疫情##关注新冠肺炎##特朗普崩溃了#L董郎行的微博视频,,,,"美国疫情,关注新冠肺炎,特朗普崩溃了",50,19,268,2020-05-15 06:59,iPhone 8 Plus,,"http://f.video.weibocdn.com/003iH8o3gx07Dhl3bsCk010412001I5X0E010.mp4?label=mp4_ld&template=636x360.25.0&trans_finger=40a32e8439c5409a63ccf853562a60ef&Expires=1592211791&ssig=rjOV6S%2BPdq&KID=unistore,video",
4504612562713366,J1VZCbnRY,2514846743,八大商人,【#白宫日记#：全面绝交？】#赵立坚回应FBI称中国黑客盗取美国疫苗#&就在没多久前，#美国总统特朗普#美国当地时间14日在接受狐狸台新闻的采访时语出惊人：和中国“全面绝交”，我们能省5000亿美元，他还抱怨起美国这些年来白白保卫着欧洲，而欧洲“还在贸易问题上占美国的便宜”。话音刚落，道琼斯工业指数在30分钟内急跌450点。…———大统领好歹也算是个商人出身，如今怎么一到生意上就犯迷糊？你把美国统计的所谓对华贸易5000亿美元的逆差整天挂在心里，恐怕都得了失心疯，要是没有对华贸易，美国的逆差恐怕远远不止这5000亿美元呢！→_→视频来自L微丢的微博视频,,,,"白宫日记,赵立坚回应FBI称中国黑客盗取美国疫苗,美国总统特朗普",538,476,1394,2020-05-14 22:33,iPhone客户端,,"http://f.video.weibocdn.com/xhcl71o1lx07DgLxJRRC010412007JHg0E010.mp4?label=mp4_ld&template=640x360.25.0&trans_finger=40a32e8439c5409a63ccf853562a60ef&Expires=1592211791&ssig=qP%2Byik4nJH&KID=unistore,video",
4504740019265509,J1ZjbCSnH,1142625373,老K佛心,一开始以为川普是个狂人，后来看看他是个疯子，现在却只能用傻子来评价他了。//@宋体金:老特是喝消毒水喝多了吧//@廖京生01:吓我一跳,,,"宋体金,廖京生01",,0,0,0,2020-05-15 06:59,UC浏览器,,,4504612562713366
4504317913414699,J1OknekjN,1638782947,新浪财经,【美股大幅下挫、亿万富翁纷纷唱空特朗普坐不住了#特朗普怒批富人做空股市#】特朗普在社交媒体上写道，当那些所谓的“富人”说市场的坏话时，你必须永远记住，有些人是在做空市场，如果市场下跌，他们就会赚很多钱。然后他们转而看涨，积极地宣传，以促使市场上升。O亿万富翁纷纷唱空特朗普坐不住了怒批他们“大举做空”股市,,,,特朗普怒批富人做空股市,689,550,2081,2020-05-14 03:02,微博 weibo.com,['http://ww3.sinaimg.cn/large/61add7e3ly1gerevmca6wj20dr0750sy.jpg'],,
4504739968660381,J1Zj6AkXz,2474213717,水滴石穿2474213717,特朗普是在搞阶级斗争吗？,,,,,0,0,0,2020-05-15 06:59,华为手机 畅享玩不停,,,4504317913414699
4503086179325646,J1ihHD81E,5024173332,有点黄,#特朗普回应美国确诊病例超百万#特朗普搞笑时刻大合集第一波，不愧为“宇宙网红”L有点黄的微博视频,,,,特朗普回应美国确诊病例超百万,1408,673,7373,2020-05-10 17:27,微博视频,,"http://f.video.weibocdn.com/c0JL8exYlx07Da3J8B8Q01041200Pq0G0E010.mp4?label=mp4_ld&template=640x360.25.0&trans_finger=40a32e8439c5409a63ccf853562a60ef&Expires=1592211791&ssig=3vgA2qJrdL&KID=unistore,video",
4504739914760692,J1Zj1jYtm,1108728433,随遇而安的丰衣足食,转发微博,,,,,0,0,0,2020-05-15 06:59,全面屏vivo X20Plus,,,4503086179325646
4504611833398692,J1VYreg9C,1887344341,观察者网,【特朗普又语出惊人：和中国“彻底绝交”，我们能省5000亿美元】14日，特朗普在福克斯新闻的采访中将矛头又一次指向中国以及欧洲，并且语出惊人地表示：如果美国和中国“彻底切断关系”，可以省下5000亿美元。特朗普没解释这5000亿美元是怎么算出来的，他紧接着又抱怨起美国这些年来白白保卫着欧洲，而欧洲“还在贸易问题上占美国的便宜”。话毕，道琼斯工业指数在30分钟内急跌450点。L微丢的微博视频,,,,,1354,1821,11747,2020-05-14 22:30,微博 weibo.com,,"http://f.video.weibocdn.com/xhcl71o1lx07DgLxJRRC010412007JHg0E010.mp4?label=mp4_ld&template=640x360.25.0&trans_finger=40a32e8439c5409a63ccf853562a60ef&Expires=1592211791&ssig=qP%2Byik4nJH&KID=unistore,video",
4504739834717744,J1ZiTjNiE,3756508364,枯崣的金鱼愺,转发微博,,,,,0,0,0,2020-05-15 06:58,荣耀10 AI变色更潮美,,,4504611833398692
4504739783550166,J1ZiOeTyK,7209473319,日本日产,特朗普扬言可以切断整个中美关系，胡锡进发了条微博O特朗普扬言可以切断整个中美关系，胡锡进发了条微博,,,,,0,0,0,2020-05-15 06:58,分享按钮,,,
4504618711962230,J1W9x8esS,1974576991,环球时报,【特朗普又语出惊人：和中国“彻底绝交”，我们能省5000亿美元】14日，特朗普在福克斯新闻的采访中将矛头又一次指向中国以及欧洲，并且语出惊人地表示：如果美国和中国“彻底切断关系”，可以省下5000亿美元。特朗普没解释这5000亿美元是怎么算出来的，他紧接着又抱怨起美国这些年来白白保卫着欧洲，而欧洲“还在贸易问题上占美国的便宜”。话毕，道琼斯工业指数在30分钟内急跌450点。@微丢L微丢的微博视频,,,微丢,,1031,1782,9733,2020-05-14 22:57,微博 weibo.com,,"http://f.video.weibocdn.com/xhcl71o1lx07DgLxJRRC010412007JHg0E010.mp4?label=mp4_ld&template=640x360.25.0&trans_finger=40a32e8439c5409a63ccf853562a60ef&Expires=1592211791&ssig=qP%2Byik4nJH&KID=unistore,video",
4504739758939806,J1ZiLBvEq,1930307067,墨者善狩本人,//@67号喜羊羊://@金馬驫:傻子治国，天下无敌！,,,"67号喜羊羊,金馬驫",,1,1,1,2020-05-15 06:58,360安全浏览器,,,4504618711962230
4504730468816454,J1Z3MAZyS,5393135816,寰亚SYHP,特朗普到访宾夕法尼亚州阿伦敦医疗设备配送中心，坚持不戴口罩的人，体现出自己与众不同#美国疫情##老铁#L寰亚SYHP的微博视频,,,,"美国疫情,老铁",1132,358,2667,2020-05-15 06:21,,,"http://f.video.weibocdn.com/003cwgd5gx07DhiqWxcs01041200aXwS0E010.mp4?label=mp4_ld&template=640x360.25.0&trans_finger=40a32e8439c5409a63ccf853562a60ef&Expires=1592211791&ssig=XW8cWSHxqY&KID=unistore,video",
4504739742314446,J1ZiK9I5M,7399278817,一起飞翔1833,个性，韧性,,,,,0,0,0,2020-05-15 06:58,小米Max2 大屏大电量,,,4504730468816454
4504738181739260,J1Zge7isA,5993531560,中新经纬,【特朗普又语出惊人：和中国“彻底绝交”，我们能省5000亿美元】14日，特朗普在福克斯新闻的采访中将矛头又一次指向中国以及欧洲，他表示，如果美国和中国“彻底切断关系”，可以省下5000亿美元。特朗普没解释这5000亿美元是怎么算出来的，他紧接着又抱怨起美国这些年来白白保卫着欧洲，而欧洲“还在贸易问题上占美国的便宜”。L微丢的微博视频,,,,,48,133,319,2020-05-15 06:52,,,"http://f.video.weibocdn.com/xhcl71o1lx07DgLxJRRC010412007JHg0E010.mp4?label=mp4_ld&template=640x360.25.0&trans_finger=40a32e8439c5409a63ccf853562a60ef&Expires=1592211791&ssig=qP%2Byik4nJH&KID=unistore,video",
4504739742144660,J1ZiK8ZVi,5859201935,用户5859201935,这个人真＊＊＊＊＊,,,,,0,0,0,2020-05-15 06:58,OPPO智能手机,,,4504738181739260
4504739741550678,J1ZiK6voW,2103623183,我和幸福有个约定_______ho,知道跌的原因，那v又是什么原因？,,,,,0,0,0,2020-05-15 06:58,Android,,,4504611833398692
4504739724754165,J1ZiIjWM5,5491280969,行云酷酷的,【中国就是给特朗普再多好处都是喂不饱的，所以准备好一切，做最坏打算，没什么大不了的！就让美国人省5000亿美元去吧！】【特朗普又语出惊人：和中国“彻底绝交”，我们能省5000亿美元】14日，特朗普在福克斯新闻的采访中将矛头又一次指向中国以及欧洲，并且语出惊人地表示：如果美国和中国“彻底切断关系”，可以省下5000亿美元。特朗普没解释这5000亿美元是怎么算出来的，他紧接着又抱怨起美国这些年来白白保卫着欧洲，而欧洲“还在贸易问题上占美国的便宜”。话毕，道琼斯工业指数在30分钟内急跌450点。L微丢的微博视频,,,,,0,0,1,2020-05-15 06:58,nova5i 2400万AI四摄,,"http://f.video.weibocdn.com/xhcl71o1lx07DgLxJRRC010412007JHg0E010.mp4?label=mp4_ld&template=640x360.25.0&trans_finger=40a32e8439c5409a63ccf853562a60ef&Expires=1592211791&ssig=qP%2Byik4nJH&KID=unistore,video",
4504684008554580,J1XQQzTr6,1847123567,香港商報網,【#特朗普改口称将失去超10万美国人#：已是最低规模】5月13日，美国总统特朗普接受《福克斯商业》采访时称，美国死亡病例或将超过10万。但他强调这已是最低的死亡规模，如果什么都不做可能会死200万人。这与他此前多次提到的“将死亡人数控制在10万以下”的说法不同。但面对目前已超8.5万的死亡病例，他不得不再次改口。L世面的秒拍视频,,,,特朗普改口称将失去超10万美国人,58,97,168,2020-05-15 03:17,微博 weibo.com,,"http://miaopai.video.weibocdn.com/pPlsV45blx07DgOQMZcs010412005fJg0E013.mp4?label=mp4_ld&template=640x360.25.0&trans_finger=40a32e8439c5409a63ccf853562a60ef&Expires=1592211791&ssig=ezIcHhY04s&KID=unistore,video",
4504739662811201,J1ZiCbNjX,2282358293,刘根平微博,//@人力资源胡卫东:转发微博,,,人力资源胡卫东,,0,0,0,2020-05-15 06:58,荣耀8 美得与众不同,,,4504684008554580
4504081533785111,J1Ib7fSGb,6901251920,讥击歪歪,小小新冠大闹环球丶所有伪善全撕掉。博爱之心全跑了丶活命还是看钞票……罪恶的资本…,,,,,1,1,0,2020-05-13 11:23,荣耀9i 千元潮美旗舰,['http://ww1.sinaimg.cn/large/007x2WSQly1geqnq6bgvjj30u01rctfn.jpg'],,
4504739653610053,J1ZiBf98F,6901251920,讥击歪歪,先说美国特朗普丶就是不肯戴口罩。再说歪嘴蓬佩奥丶为了放屁烧大脑………马克吐温说一一全世界的人民丶这回你们知道在美国丶我要竞选个州长是多么不容易了吧……,,,,,0,0,0,2020-05-15 06:58,荣耀9i 千元潮美旗舰,,,4504081533785111
4504725003906810,J1YUYgol4,2561289277,当幸福首次敲门时,转发微博,,,,,0,0,0,2020-05-15 05:59,荣耀7X 全面屏手机,,,4504618711962230
4504724973314048,J1YUVdU8o,3847253815,崔少楠1957,分享网易新闻《特朗普受访称和中国“彻底绝交”可省5000亿美元》O特朗普受访称和中国“彻底绝交”可省5000亿美元来自@网易新闻客户端#网易新闻#,,,网易新闻客户端,网易新闻,0,0,0,2020-05-15 05:59,网易新闻客户端,['http://ww4.sinaimg.cn/large/e5506f37ly1gespmmkf1pj20od0ddabg.jpg'],,
4504671311843121,J1Xwn7JtL,6409241151,爱国这件事,盘点下那些一问便会让特朗普“炸毛”的问题。。。#社交媒体##全球疫情#L爱国这件事的微博视频,,,,"社交媒体,全球疫情",1,0,0,2020-05-15 02:26,微博视频,,"http://f.video.weibocdn.com/uuP8s8palx07Dh2ie7SM01041200hgoP0E010.mp4?label=mp4_ld&template=360x640.24.0&trans_finger=81b11b8c5ffb62d33ceb3244bdd17e7b&Expires=1592211805&ssig=YWfD06IidZ&KID=unistore,video",
4504724957724134,J1YUTwpoO,6134641590,用户6134641590,转发微博,,,,,0,0,0,2020-05-15 05:59,荣耀10 AI变色更潮美,,,4504671311843121
4504724956922884,J1YUTt2Xq,6095909703,女性时尚生活杂质,【#白宫日记#：全面绝交？】#赵立坚回应FBI称中国黑客盗取美国疫苗#&就在没多久前，#美国总统特朗普#美国当地时间14日在接受狐狸台新闻的采访时语出惊人：和中国“全面绝交”，我们能省5000亿美元，他还抱怨起美国这些年来白白保卫着欧洲，而欧洲“还在贸易问题上占美国的便宜”。话音刚落，道琼斯工业指数在30分钟内急跌450点。…———大统领好歹也算是个商人出身，如今怎么一到生意上就犯迷糊？你把美国统计的所谓对华贸易5000亿美元的逆差整天挂在心里，恐怕都得了失心疯，要是没有对华贸易，美国的逆差恐怕远远不止这5000亿美元呢！→_→L微丢的微博视频,,青岛,,"白宫日记,赵立坚回应FBI称中国黑客盗取美国疫苗,美国总统特朗普",0,0,0,2020-05-15 05:59,HUAWEI Mate 10 Pro,,"http://f.video.weibocdn.com/xhcl71o1lx07DgLxJRRC010412007JHg0E010.mp4?label=mp4_ld&template=640x360.25.0&trans_finger=40a32e8439c5409a63ccf853562a60ef&Expires=1592211805&ssig=NZzNfykhrn&KID=unistore,video",
4504724902212830,J1YUO9hEO,1352168322,周身刀无张利,特朗普说跟中国打交道真的很困难，刚刚签署伟大的协议但是就算签100份贸易协议也填保不了来自中国疫情带来的人命损失。听了不觉想笑如果跟中国签的贸易协议算作是他的功劳那美国疫情处理混乱是他推不掉的责任。作为一名中国人真心的希望他能继续连任。,,东莞,,,0,0,0,2020-05-15 05:59,荣耀10 AI变色更潮美,,,
4504724885424315,J1YUMmL6X,1559523971,魔鬼作图,『突发！特朗普力挺强势美元，非美货币集体折戟_手机新浪网』O突发！特朗普力挺强势美元，非美货币集体折戟,,,,,0,0,1,2020-05-15 05:59,HUAWEI Mate 9,,,
4503931491324636,J1Eh75yB6,6381281329,欧美的那些事儿,【完整版视频】记者追问，特朗普转身走人？这些问题你去问中国？#特朗普崩溃了##海外抗疫日记##美国疫情##全球疫情#L欧美的那些事儿的微博视频,,,,"特朗普崩溃了,海外抗疫日记,美国疫情,全球疫情",96,12,36,2020-05-13 01:26,美国超话,,"http://f.video.weibocdn.com/NWbGp1cylx07DdMpehsk01041200928T0E010.mp4?label=mp4_ld&template=640x360.25.0&trans_finger=bdef57f06ae52835a2c783ca389e8517&Expires=1592211805&ssig=cFPxEjsCyW&KID=unistore,video",
4504724861362913,J1YUK5Iyt,7455118044,暮雨亦成詩-Jskj,转发微博,,,,,0,0,0,2020-05-15 05:59,荣耀畅玩8C,,,4503931491324636
4504724810018666,J1YUF04R4,1696623122,moneyeye,道琼斯工业指数在开盘30分钟内急跌450点，至收盘转升377点。,,,,,0,0,0,2020-05-15 05:59,iPhone客户端,,,4504618711962230
4504724763847051,J1YUAg8Nd,7453932237,egg炒蛋_Pcal,转发微博,,,,,0,0,0,2020-05-15 05:59,Android客户端,,,4503931491324636
4504441409850180,J1RxyFktS,1806128454,凤凰网视频,【#特朗普不接受福奇开学警告#：病毒对年轻人影响很小】#特朗普称美国学校应尽快复课#美国总统特朗普13日在白宫表示，他认为学校应该复课，因为新冠肺炎疫情主要影响老年人和有基础疾病的人，对年轻人的影响较小。此前传染病专家福奇以疫苗和治疗不能及时开发和分发为由反对复工，特朗普当天在接受采访时也强调，“福奇博士是个好人，但我不赞同他的说法。我们必须让学校复课，我们必须要开放整个国家。我们想安全地开放，但我们也想尽快开放。”#特朗普称必须让学校复课#O网页链接L凤凰网视频的微博视频,,,,"特朗普不接受福奇开学警告,特朗普称美国学校应尽快复课,特朗普称必须让学校复课",51,53,100,2020-05-14 11:13,微博视频,,"http://f.video.weibocdn.com/XYHNKmJblx07Dg1yNIYo010412006xxM0E010.mp4?label=mp4_ld&template=640x360.25.0&trans_finger=40a32e8439c5409a63ccf853562a60ef&Expires=1592211805&ssig=jumbV5f5Ci&KID=unistore,video",
4504724702088486,J1YUu8Ljg,7454253041,双人面具-兟,转发微博,,,,,0,0,0,2020-05-15 05:58,联想Z5Pro 划时代旗舰,,,4504441409850180
4504724680908236,J1YUs3OgY,5223458690,没啥来啥,爱死多少死多少吧.反正他是一句实话也没有.搜狐新闻:【特朗普被曝企图操控新冠死亡统计–疫情还在蔓延，特朗普又改口：美国新冠肺炎死亡病例或超10万例】O网页链接（分享自@搜狐新闻客户端）O网页链接,,,搜狐新闻客户端,,0,0,0,2020-05-15 05:58,搜狐新闻客户端,['http://ww3.sinaimg.cn/large/005Hv6dIly1gesplfn0grj30h809pjug.jpg'],,
4504724680906299,J1YUs3NLJ,6352876244,环球新视界天行道义,【突发！特朗普：新冠病毒疫情的暴发表明全球化时代已经结束】（来自@一点资讯）O突发！特朗普：新冠病毒疫情的暴发表明全球化时代已经结束,,,一点资讯,,0,1,2,2020-05-15 05:58,一点资讯小米,['http://ww4.sinaimg.cn/large/006VW1jSly1gesplfb1mpj30gs058dg3.jpg'],,
4504701976146534,J1YjPpMZE,3176804502,美国创业者,【美国疫情到底怎么样？】转:美国CDC统计2020年2月1日这个周末至4月25日这个周末，全美国各种原因死亡总人数为71.9万人，而2017、18、19三年同期总死亡人数的平均值为74.1万人。也就是说虽然疫情造成美国死亡6万多人，但仍然比往年的死亡人数少2.2万。分析原因由于这段期间全美国限制了人的出行，使美国死于交通事故的人数大大降低（每年死于交通事故约4万多人）由于居家和戴口罩减少流感的感染，其至死人数大大减少，社交活动的减少也使心脏病突发等降低。统计中死亡超出往年的主要是纽约州和新泽西州，共多出往年平均值2万多人，换言之其他各州同期要比往年少死四万多人。所以新冠在人员死亡上对美国没有什么冲击，受影响最大的是整体社会生活和经济，这恐怕也是美国多州民众闹着要解除封闭尽快开放社会的原因。美国2017年撞车死的4万，自杀的四万七千，流感肺炎五万六千，癌症六十万，心脏病六十四万八千。现在这些心脏病癌症都算在新冠肺炎的头上。死亡人数没有增加说明了真正死于新冠病毒的人非常少。。,,,,,39,42,56,2020-05-15 04:28,,['http://ww1.sinaimg.cn/large/bd5a3096ly1gesmziay8rj20go0p0wfu.jpg'],,
4504724634187303,J1YUnhzj9,2203230022,止戈从文,美国疫情死人其实非常少，爱吹牛的特朗普也不敢这么吹吧,,,,,2,1,3,2020-05-15 05:58,HUAWEI Mate 20,,,4504701976146534
4504724604433848,J1YUkiBrG,1946217760,萌君正是在下,转发微博,,,,,0,0,0,2020-05-15 05:58,iPhone客户端,,,4504612562713366
4504724558631856,J1YUfAdxu,1334133023,小宝贝华变老宝贝,转发微博,,,,,0,0,0,2020-05-15 05:58,红米Redmi,,,4504618711962230
4504525102846416,J1TIybWtW,5999251130,香港中通社,【特朗普这么关注中国是為了什麼？】佩洛西也算說了句大實話！當地時間5月13日，美國眾議院議長佩洛西接受美聯社採訪時，喊話特朗普讓其“說實話”，並表示特朗普如此關注中國都是為了轉移美國內的注意力，他不希望讓民眾將注意力聚焦在政府對於疫情所作做的必要措施上。佩洛西還表示，政府現在應該將焦點放在如何幫助民眾以及解決各州和地方失去資源和就業崗位等問題。視頻：@环视频#佩洛西称特朗普关注中国是为转移国内注意力#L香港中通社的微博视频,,,环视频,佩洛西称特朗普关注中国是为转移国内注意力,26,53,103,2020-05-14 16:45,微博视频,,"http://f.video.weibocdn.com/FmIqViOElx07DgoowU9W010412004KUz0E010.mp4?label=mp4_ld&template=640x360.25.0&trans_finger=40a32e8439c5409a63ccf853562a60ef&Expires=1592211805&ssig=kc9SYOWIYN&KID=unistore,video",
4504724558259242,J1YUfyEBA,1746159404,獅王之王_The_King_Of_LionDance,//@德高为范6:黑山老妖啊,,,德高为范6,,0,0,0,2020-05-15 05:58,荣耀10 AI变色更潮美,,,4504525102846416
4504642044563397,J1WLaj99b,1601481187,温秀军Jason,【#白宫日记#：全面绝交？】#赵立坚回应FBI称中国黑客盗取美国疫苗#&就在没多久前，#美国总统特朗普#美国当地时间14日在接受狐狸台新闻的采访时语出惊人：和中国“全面绝交”，我们能省5000亿美元，他还抱怨起美国这些年来白白保卫着欧洲，而欧洲“还在贸易问题上占美国的便宜”。话音刚落，道琼斯工业指数在30分钟内急跌450点。…#美国疫情##特朗普与女记者僵持不下转身就走#———大统领好歹也算是个商人出身，如今怎么一到生意上就犯迷糊？你把美国统计的所谓对华贸易5000亿美元的逆差整天挂在心里，恐怕都得了失心疯，要是没有对华贸易，美国的逆差恐怕远远不止这5000亿美元呢！→_→视频来自L微丢的微博视频,,温州,,"白宫日记,赵立坚回应FBI称中国黑客盗取美国疫苗,美国总统特朗普,美国疫情,特朗普与女记者僵持不下转身就走",78,17,80,2020-05-15 00:30,iPhone 11 Pro(暗夜绿),,"http://f.video.weibocdn.com/xhcl71o1lx07DgLxJRRC010412007JHg0E010.mp4?label=mp4_ld&template=640x360.25.0&trans_finger=40a32e8439c5409a63ccf853562a60ef&Expires=1592211805&ssig=NZzNfykhrn&KID=unistore,video",
4504724537454014,J1YUdvh82,7450296520,溜达小短腿_檅,//@溜达小短腿_檅:转发微博,,,溜达小短腿_檅,,0,0,0,2020-05-15 05:58,小米手机4,,,4504642044563397
4504724524675177,J1YUcjCe5,2654536441,看硅谷,#北美身边事#【川普反驳福奇仓促重启警告：他想玩等式的两面，不可接受】美国国家过敏症和传染病研究所所长福奇此前称过早重启经济恐致严重后果，川普13日表示，这一警告是“不可接受的”，尤其是学校复课方面。他称病毒对年轻人影响很小，应该重开学校。@时差视频L时差视频的微博视频,,,时差视频,北美身边事,2,0,0,2020-05-15 05:58,微博 weibo.com,,"http://f.video.weibocdn.com/2YKTMl5Ilx07DfZhGXNS01041200eKY70E010.mp4?label=mp4_ld&template=360x640.24.0&trans_finger=81b11b8c5ffb62d33ceb3244bdd17e7b&Expires=1592211805&ssig=n%2FXvykXvZR&KID=unistore,video",
4504724484033558,J1YU8gVjo,7450296520,溜达小短腿_檅,转发微博,,,,,1,0,0,2020-05-15 05:57,小米手机4,,,4504642044563397
4504709832994055,J1YwvcyTd,2782325847,厚德载物2121,分享网易新闻《特朗普宣布针对华为、中兴等供应链禁令延期至2021年5月；腾讯发布2020年Q1财报，营收超千亿元》O特朗普宣布针对华为、中兴等供应链禁令延期至2021年5月；腾讯发布2020年Q1财报，营收超千亿元来自@网易新闻客户端#网易新闻#,,,网易新闻客户端,网易新闻,0,0,0,2020-05-15 04:59,网易新闻客户端,['http://ww3.sinaimg.cn/large/a5d6ec57ly1gesnw1azy3j21400svtff.jpg'],,
4504709828351174,J1Ywuz2wm,6905394182,海棠秋雨688,曾轰动中国的美国“黑科技神器”被爆出“大问题”....包括美国《纽约时报》、《华盛顿邮报》以及“福克斯新闻网”在内的多家美国不同立场的主流媒体，近日纷纷披露了一件令人吃惊的事情：曾一度被美国总统特朗普吹爆、并在中国国内引起轰动的一种美国新冠病毒检测“神器”，竟然被一项研究发现存在1/3的假阴性……O曾轰动中国的美国“黑科技神器”被爆出“大问题”,,,,,0,0,0,2020-05-15 04:59,新浪新闻中心,,,
4504709773795280,J1YwpfVkc,7289126531,美诺维奇,小丑！！！,,,,,0,0,0,2020-05-15 04:59,iPhone客户端,,,4504618711962230
4504709769805405,J1YwoF8PH,6030100514,倦了0226,伊万卡对媒体的看法与父亲特朗普唱反调？特朗普：媒体是人民的敌人！伊万卡：媒体不是人民的敌人，我有自己的看法。👏L倦了0226的微博视频,,,,,13,10,121,2020-05-15 04:59,iPhone客户端,,"http://f.video.weibocdn.com/lXFFQWJ3lx07DhcMUsJO010412003cBA0E010.mp4?label=mp4_ld&template=640x360.25.0&trans_finger=647b8232579b0b23561398fc756ef4ae&Expires=1592211818&ssig=5C9kaFT5n%2B&KID=unistore,video",
4504709735584484,J1YwlnqMk,7452851267,一点点的蓝_Dkda,转发微博,,,,,0,0,0,2020-05-15 04:59,Android客户端,,,4504612562713366
4504709728463839,J1YwkzvPx,6524186068,小兵报道,特朗普先定下了一个小目标，死亡十万人，而现在只死了八万多，然后就宣称美国抗议成功了。美国驻华大使馆暗讽“中国式封城”没自由，美国人自由了，到目前为止有八万多自由的美国人长埋地下，永远的亲近了自然，成了自然的一部分。,,,,,4,0,12,2020-05-15 04:59,微博 weibo.com,['http://ww2.sinaimg.cn/large/006CB687ly1ges3f7yy18j30u017qqgj.jpg'],,
4504709719241688,J1YwjCMbu,2659820833,郭嵩峰,《教父2》主演痛批特朗普：他不在乎多少美国人死亡只想连任O网页链接,,,,,0,0,0,2020-05-15 04:59,iPhone客户端,['http://ww4.sinaimg.cn/large/9e89a521ly1gesnvk92f9j20u01dttg7.jpg'],,
4504709639382456,J1YwbDmNW,2770722975,每天开心的老孙,"美国的吃相从来没象现在这么难看过，已经到了完全自毁想象的程度，退群、甩锅、撒谎、污蔑......,各种拿不到台面的丑陋，被美国政客一一摆到了前台，还不以为耻，玩出了花样，反以为荣，洋洋自得。一个正常的人，是不会不顾形象的。只有巨大压力下，才会情绪失控到不顾形象。一个国家的政客也只有在危机严重到一定程度，才会出现特朗普团队这样的集体表现，内在焦虑，外在蛮横。这也是中美关系要发生大动荡的征兆之一。",,,,,0,0,1,2020-05-15 04:58,iPhone客户端,['http://ww1.sinaimg.cn/large/a525e09fly1gesnv4tcvjj20ka0c0q5c.jpg'],,
4503644197662159,J1wNJw9hd,1893801487,微天下,【#特朗普要求所有白宫人员佩戴口罩#】美媒11日消息，一位知情人士透露，白宫工作人员今天收到一份备忘录，要求所有进入白宫西翼的工作人员都必须戴上口罩。此外，备忘录还要求工作人员遵循社交距离，并对访客加以限制。#白宫要求所有进入白宫西翼的工作人员必须戴口罩#白宫西翼是白宫行政中枢所在地，包括总统椭圆形办公室、内阁会议室、战情室以及一些主要顾问的办公室。此前，白宫连续出现两位新冠确诊病例，包括特朗普的一名贴身工作人员和副总统彭斯的新闻秘书。#美国抗疫日记#,,,,"特朗普要求所有白宫人员佩戴口罩,白宫要求所有进入白宫西翼的工作人员必须戴口罩,美国抗疫日记",277,1066,22630,2020-05-12 06:25,专业版微博,['http://ww2.sinaimg.cn/large/70e11e0fly1gep9hvxc03j20l40dtqe2.jpg'],,
4504709618524888,J1Yw9zLIc,3742407034,哼哼哼哼哼嘿,特朗普怂了,,,,,0,0,0,2020-05-15 04:58,iPhone客户端,,,4503644197662159
4504709610944605,J1Yw93XJz,5314459367,lei97756,我在看：【黄子韬吐槽特朗普，你怎么看？】#跟新浪看热点#O黄子韬吐槽特朗普，你怎么看？,,,,跟新浪看热点,0,0,0,2020-05-15 04:58,新浪新闻客户端,,,
4503732887517536,J1z6MvxEA,5994003317,老板联播,【#盖茨2016年就向特朗普警告流行病#，后悔没加大推进力度】据《华尔街日报》报道，2016年，盖茨曾会见时任总统后选人的特朗普，以敦促重视大流行病的风险。他从2014年起就对大流行病的威胁发出警告，但此次新冠仍让各国措手不及，盖茨称这是自己最大遗憾之一，后悔没有加大推进力度。L老板联播的微博视频,,,,盖茨2016年就向特朗普警告流行病,475,12,355,2020-05-12 12:17,微博视频,,"http://f.video.weibocdn.com/LiI8gCWplx07DcUcUNfa010412008f4z0E010.mp4?label=mp4_ld&template=360x640.25.0&trans_finger=bdef57f06ae52835a2c783ca389e8517&Expires=1592211818&ssig=N3%2FR4wP0gV&KID=unistore,video",
4504709594156893,J1Yw7hroF,7453425369,一别而尽几念深_Mpzf,转发微博,,,,,0,0,0,2020-05-15 04:58,Android客户端,,,4503732887517536
4504610822615385,J1VWOaYnD,6508016609,风闻社区,特朗普14日在接受福克斯新闻的采访时语出惊人：和中国“彻底绝交”，我们能省5000亿美元但他没解释这5000亿美元是怎么算出来的。他还抱怨起美国这些年来白白保卫着欧洲，而欧洲“还在贸易问题上占美国的便宜”。话毕，道琼斯工业指数在30分钟内急跌450点。L微丢的微博视频,,,,,79,123,579,2020-05-14 22:26,专业版微博,,"http://f.video.weibocdn.com/xhcl71o1lx07DgLxJRRC010412007JHg0E010.mp4?label=mp4_ld&template=640x360.25.0&trans_finger=40a32e8439c5409a63ccf853562a60ef&Expires=1592211818&ssig=373IbnfcXV&KID=unistore,video",
4504709504762238,J1YvYjYSi,1746159404,獅王之王_The_King_Of_LionDance,//@風中微塵://@双子月色奔腾:一个疯子。要不就是快疯了。,,,"風中微塵,双子月色奔腾",,0,0,0,2020-05-15 04:58,荣耀10 AI变色更潮美,,,4504610822615385
4504709404388309,J1YvOipBb,6768595988,淡定人生A669,转发微博,,,,,0,0,0,2020-05-15 04:57,360手机 N6 Pro,,,4504612562713366
4504709379979911,J1YvLFSej,1789741751,叫我邢半仙儿,果然是商人……天天的笑点就靠川建国同志了！,,,,,0,0,1,2020-05-15 04:57,iPhone客户端,,,4504618711962230
4504709363191292,J1YvKdocs,1667189917,杨一木,特朗普又语出惊人：和中国“彻底绝交”，我们能省5000亿美元O特朗普又语出惊人：和中国“彻底绝交”，我们能省5000亿美元,,,,,0,0,0,2020-05-15 04:57,分享按钮,['http://ww1.sinaimg.cn/large/635f4c9dly1gesnu3jr15j204603c3yl.jpg'],,
4504536088159757,J1U0gyeIZ,1674718373,小红在霓虹,刚看了安倍首相直播“解除39县的紧急事态宣言”比起安倍的巴拉巴拉，日本网民的评论更让我在意，比如：10万块什么时候给，安倍口罩还没到，第二波肯定会来，破产的公司怎么办，九月开学吗，发表之前先戴上你的口罩，为什么安倍的头发还是这么浓密，他用的是什么洗发水……安倍表示自己太南了#日本疫情##海外抗疫日记##全球疫情##安倍宣布日本39县解除紧急状态#日本L小红在霓虹的微博视频,,日本,,"日本疫情,海外抗疫日记,全球疫情,安倍宣布日本39县解除紧急状态",35,19,30,2020-05-14 17:29,日本超话,,"http://f.video.weibocdn.com/jDMPsaOYlx07DgrolgTK01041200fWVr0E010.mp4?label=mp4_ld&template=640x360.25.0&trans_finger=bdef57f06ae52835a2c783ca389e8517&Expires=1592211818&ssig=BbhsxE24%2FI&KID=unistore,video",
4504709287458901,J1YvCvioR,7453981863,贺士裁挖j-,//@日本白菜君:问这么多问题特朗普就会说，好的，下一位,,,日本白菜君,,1,0,0,2020-05-15 04:57,小米手机4,,,4504536088159757
4504709287458598,J1YvCvijY,1791010393,微微万象民生直通车A,【#特朗普改口称将失去超10万美国人#：已是最低规模】5月13日，美国总统特朗普接受《福克斯商业》采访时称，美国死亡病例或将超过10万。但他强调这已是最低的死亡规模，如果什么都不做可能会死200万人。这与他此前多次提到的“将死亡人数控制在10万以下”的说法不同。但面对目前已超8.5万的死亡病例，他不得不再次改口。L世面的秒拍视频,,,,特朗普改口称将失去超10万美国人,0,0,0,2020-05-15 04:57,iPhone 6 Plus,,"http://miaopai.video.weibocdn.com/pPlsV45blx07DgOQMZcs010412005fJg0E013.mp4?label=mp4_ld&template=640x360.25.0&trans_finger=40a32e8439c5409a63ccf853562a60ef&Expires=1592211818&ssig=H4YLLQYvjO&KID=unistore,video",
4504709270105663,J1YvB0ruf,3079043167,半山金陵人,转发微博,,,,,0,0,0,2020-05-15 04:57,HUAWEI Mate 10,,,4504618711962230
4504609932281794,J1VVn9zB8,2596119483,微丢,【特朗普又语出惊人：和中国“彻底绝交”，我们能省5000亿美元】14日，特朗普在福克斯新闻的采访中将矛头又一次指向中国以及欧洲，并且语出惊人地表示：如果美国和中国“彻底切断关系”，可以省下5000亿美元。特朗普没解释这5000亿美元是怎么算出来的，他紧接着又抱怨起美国这些年来白白保卫着欧洲，而欧洲“还在贸易问题上占美国的便宜”。话毕，道琼斯工业指数在30分钟内急跌450点。L微丢的微博视频,,,,,258,305,1500,2020-05-14 22:22,微博视频,,"http://f.video.weibocdn.com/xhcl71o1lx07DgLxJRRC010412007JHg0E010.mp4?label=mp4_ld&template=640x360.25.0&trans_finger=40a32e8439c5409a63ccf853562a60ef&Expires=1592211818&ssig=373IbnfcXV&KID=unistore,video",
4504709165092664,J1YvqlmPK,1010949353,探索者4180,川普被感染了大脑！,,,,,0,0,0,2020-05-15 04:57,HUAWEI P30 Pro,,,4504609932281794
