﻿id,bid,user_id,用户昵称,微博正文,头条文章url,发布位置,艾特用户,话题,转发数,评论数,点赞数,发布时间,发布工具,微博图片url,微博视频url,retweet_id
4509009165590521,J3MmUnslH,1823184085,美国侨报网,【突发美国】纽约州州长会见美国总统特朗普讨论基础设施支出5月26日，纽约州州长库默表示，他将于5月27日前往华盛顿会见特朗普总统，并计划讨论在基础设施方面的重大投资，以此推动被新冠病毒大流行摧毁的经济。L美国侨报网的微博视频,,,,,32,6,28,2020-05-27 01:43,微博视频,,"http://f.video.weibocdn.com/icDRRQJ4lx07DA826DBu010412006ygD0E010.mp4?label=mp4_ld&template=640x360.25.0&trans_finger=bdef57f06ae52835a2c783ca389e8517&Expires=1592213106&ssig=MmFD0Try3Y&KID=unistore,video",
4509013024603680,J3Mt8jjCU,7452337821,北城孤酒_Nqcx,转发微博,,,,,0,0,0,2020-05-27 01:59,小米手机4,,,4509009165590521
4509012924994109,J3MsYkXc9,6995923626,今天eaa财经,#财经##美国新冠病毒感染病例超过82万#【美国彻底乱了，各州开始不听特朗普指挥】美国人疯了，原本以为恢复经济活动只是特朗普说说，各州州长会坚决抵制，没想真的成为了现实。在之前的白宫新闻发布会上，特朗普曾经要求各州在5月1日之前恢复经济活动，但是众多州长并不买账，分别表示将绕开白?,,,,"财经,美国新冠病毒感染病例超过82万",0,0,0,2020-05-27 01:58,搜狗高速浏览器,['http://ww1.sinaimg.cn/large/006m2UFgly1ge2urpzjquj30u012d7gh.jpg'],,
4509012865530178,J3MsSncEq,5750856274,让人民阳光幸福112233,可怕的世界病毒！可恨的美国特郎普！美国人都傻吗？不知道特郎普在害他（她）们吗？美国人惊醒的时候也就是美国总统特郎普走到头的时候！！！……。《全球超547万！特朗普停药；世卫组织发出严厉提醒》据约翰斯·霍普金斯大学的实时数据，截至北京时间5月26日6时32分左右，全球累计确诊超547万，为5471768例；累计死亡超34万，达344911例。O网页链接,,,,,0,0,2,2020-05-27 01:58,百度App,['http://ww1.sinaimg.cn/large/006hc0qmly1gf6dyspma7j308o05swem.jpg'],,
4509012831693768,J3MsP76CQ,6995923626,今天eaa财经,#财经#【特朗普澄清秋冬疫情会更糟：疫情可能根本不会再来】4月22日，特朗普指责媒体错误引用疾控中心主任罗伯特?雷德菲尔德有关“秋冬的二次疫情会更糟糕”的言论。雷德菲尔德表示，自己说的是“流感和新冠疫情同时发生会更复杂且困难”，并不意味着会更加糟糕。特朗普随后更是表示，新冠疫情可能压?,,,,财经,0,0,0,2020-05-27 01:58,搜狗高速浏览器,,,
4509012643619775,J3MswfbFt,6995923626,今天eaa财经,#财经#【白宫发表声明确认#特朗普的一名贴身工作人员确诊新冠肺炎#】当地时间5月7日，美国有线电视新闻网称特朗普的一名贴身工作人员确诊新冠肺炎。该工作人员隶属美国海军，为白宫精英部队的成员之一，需要和特朗普近距离接触。白宫随后发表声明确认了这一消息。报道称，该工作人员在6日上午出现?,,,,"财经,特朗普的一名贴身工作人员确诊新冠肺炎",0,0,0,2020-05-27 01:57,微博 weibo.com,,,
4509012475500253,J3Msfn4RL,7380714519,晋城蛋娃,我在看：【这是一首非常欢快的《特朗普》神曲！】#跟新浪看热点#L这是一首非常欢快的《特朗普》神曲！,,,,跟新浪看热点,0,0,0,2020-05-27 01:56,新浪新闻客户端,,http://api.ivideo.sina.com.cn/public/video/play/url?appname=weibocard&appver=0.1&applt=web&tags=weibocard&direct=1&vid=33688290203,
4508583977103175,J3Bj7tNRl,1739998361,刘欣在北京,【#香港是特朗普政府维护世界霸权的牺牲品#】美国官员竟然威胁就涉港国家安全立法制裁中国？香港特区立法会原主席范徐丽泰说，在国家安全上只有“一国”，没有“两制”；对于美国，香港是个“易于捕获的猎物”，是特朗普政府维护世界霸权的牺牲品，如果没有香港，他们也会从别处下手。范徐丽泰恳切呼吁，放下“武器”，展开对话，对全人类都有好处。#2020全国两会##全国两会#@CGTN@CGTN_thePointL刘欣在北京的微博视频,,,"CGTN,CGTN_thePoint","2020全国两会,全国两会",275,0,854,2020-05-25 21:34,微博视频,,"http://f.video.weibocdn.com/FF0f3jIilx07Dyg0mwli01041200dO020E010.mp4?label=mp4_ld&template=624x360.25.0&trans_finger=bdef57f06ae52835a2c783ca389e8517&Expires=1592213106&ssig=fuWMnzdaIh&KID=unistore,video",
4509012051130343,J3Mrz4K3l,7454736489,红颜薄命-岓,转发微博,,,,,0,0,0,2020-05-27 01:55,Android客户端,,,4508583977103175
4509012047896909,J3Mryx8lv,6856941690,KUN我的坤劳资不谈当年只谈将来,#财经#【#特朗普威胁印度解除药物出口管控#：你要是不给药就等着报复吧！】当地时间6日，在白宫新冠肺炎疫情简报会上，特朗普当众威胁印度，如果印度不解除对抗疟疾药物羟氯喹的出口管控，美国将采取报复性举措。（燃新闻）L燃新闻的微博视频,,,,"财经,特朗普威胁印度解除药物出口管控",0,0,0,2020-05-27 01:55,微博 weibo.com,,"http://f.video.weibocdn.com/UuHCqWaQlx07Cj79eIyk010412003dH80E010.mp4?label=mp4_ld&template=640x360.25.0&trans_finger=40a32e8439c5409a63ccf853562a60ef&Expires=1592213106&ssig=GhSur1ag0w&KID=unistore,video",
4509010100956764,J3Moq40TG,5558990115,湛泸剑,"【快讯】据美国实时数据显示：美国新冠状病毒确诊病例超1713753例，死亡病例超100,083例。",,,,,7,7,8,2020-05-27 01:47,,['http://ww3.sinaimg.cn/large/0064cXgTly1gf6drop17sj30pu0pu423.jpg'],,
4509012042729204,J3MrybrZq,2550315300,ZGWS789,终于到十万了！特朗普这下没屁放了吧,,,,,0,0,0,2020-05-27 01:55,,,,4509010100956764
4509011666737948,J3MqWsgQA,6351035260,刘薛6351035260,[精选]特朗普亲自上阵，华盛顿发起了最疯狂的攻击！我们又该...。查看👉👉👉O网页链接疫情之下，我们也是见证了美国这个国家曾从多么辉煌变得如今多么不堪，我们无法想象，如此强大的一个国家，医疗体系如此完善，竟然会让疫情发展到如此地步。美国再把自己包装成完全的“受害者”截止美东时间5月25O网页链接,,,,,0,0,0,2020-05-27 01:53,趣头条,['http://ww4.sinaimg.cn/large/006VOioAgy1gf6dy3snjbj306y04nmx5.jpg'],,
4509011661779503,J3MqW7sVF,1691632731,云验光视力恢复张仕郎,#美国新冠肺炎死亡病例超10万例#上帝是公平的，上帝派了特朗普来美国。,,南京·南京奥林匹克体育中心,,美国新冠肺炎死亡病例超10万例,0,1,3,2020-05-27 01:53,HUAWEI Mate 20 X,['http://ww2.sinaimg.cn/large/64d4445bgy1gf6dv7lyy0j20u013ijsw.jpg'],,
4508193130925546,J3r8J3SMa,2656274875,央视新闻,【#近10万人死亡特朗普却在打高尔夫#】截至美国东部时间23日18时32分（北京时间24日6时32分），美国新冠肺炎确诊病例超162万例，死亡病例达96983例。但在这种情况下，美国总统特朗普却在打高尔夫球……L央视新闻的微博视频,,,,近10万人死亡特朗普却在打高尔夫,681,1288,6954,2020-05-24 19:41,微博云剪,,"http://f.video.weibocdn.com/Xtls0G6Olx07DwxlHc4M0104120029y60E010.mp4?label=mp4_ld&template=360x640.24.0&trans_finger=81b11b8c5ffb62d33ceb3244bdd17e7b&Expires=1592213106&ssig=5jdjYgUeQw&KID=unistore,video",
4509011548708001,J3MqKAxlD,1770220921,E极星,保持健康！,,,,,0,0,0,2020-05-27 01:53,iPhone客户端,,,4508193130925546
4509011523966593,J3MqIgDTj,6221182094,锐眼看财经,特朗普#孟晚舟##外汇#决定美国暂定资#欧洲经济##康师傅#助世卫组织,,,,"外汇,欧洲经济,康师傅",1,0,1,2020-05-27 01:53,微博 weibo.com,"['http://ww3.sinaimg.cn/large/006N1rEGgy1gf0kto4maaj30x40ouad7.jpg', 'http://ww1.sinaimg.cn/large/006N1rEGgy1gf0ktpej06j30xc0qqn1b.jpg', 'http://ww4.sinaimg.cn/large/006N1rEGgy1gf0ktqhp8zj30xe0jugoe.jpg']",,
4505881427872719,J2t0ax23l,1496814565,封面新闻,【#特朗普儿子称新冠病毒11月会消失#：它是拜登害我爸的骗局】5月17日，特朗普的二儿子埃里克接受福克斯采访时称，“新冠病毒会在11月奇迹般地消失”，因为这整件事情是拜登团队编造出来要打倒他父亲的阴谋乃至骗局。该言论一出，便引起美国网友的一致声讨。#奥巴马再批特朗普政府##美国新增确诊病例20747例#@青蜂侠BeeL青蜂侠Bee的秒拍视频,,,青蜂侠Bee,"特朗普儿子称新冠病毒11月会消失,奥巴马再批特朗普政府,美国新增确诊病例20747例",190,326,2347,2020-05-18 10:35,微博 weibo.com,,"http://miaopai.video.weibocdn.com/4dz6uEM5lx07DmtdjTcA0104120083pN0E013.mp4?label=mp4_ld&template=640x360.25.0&trans_finger=40a32e8439c5409a63ccf853562a60ef&Expires=1592213106&ssig=BtNeC7bWwI&KID=unistore,video",
4509011388480985,J3MquzAi5,2627953157,Lovely王姑娘,都是为了选票！,,,,,0,0,0,2020-05-27 01:52,iPhone客户端,,,4505881427872719
4509011381458589,J3Mqu67rD,6995923626,今天eaa财经,#财经#【“改口”不改“自信”，#特朗普改口称美国死亡病例可能达8至9万#：还算成功】又“改口”了。美国有线电视新闻网（CNN）5月3日报道称，美国总统特朗普当天表示，美国新冠肺炎死亡病例可能达8万至9万人，这一数字相比他此前的估计上升了不少。但他似乎仍对自己的防疫“成果”很满意。新?,,,,"财经,特朗普改口称美国死亡病例可能达8至9万",0,0,0,2020-05-27 01:52,微博 weibo.com,,,
4508932754637509,J3KnFjsqx,1601481187,温秀军Jason,【#CNN主播道出特朗普甩锅中国真相#：选举惯用手段】24日，CNN主持人法里德·扎卡里亚在节目中指出，特朗普此前曾多次赞扬中国的抗议措施与透明度，直到美国疫情恶化、支持率下滑后，才改口指责起中国。这种做法其实与2016年选举指责墨西哥一样，是其惯用的竞选策略：极力渲染外国威胁，批评民主党的绥靖政策，将自己塑造成可以帮助美国应对未来挑战的人。扎卡里亚还指责民主党没有坚定立场，竟也加入到批评中国的行列中，“掉入这个熟悉的陷阱”。#美国疫情#L微丢的微博视频,,乐清市,,"CNN主播道出特朗普甩锅中国真相,美国疫情",7,0,4,2020-05-26 20:40,iPhone 11 Pro(暗夜绿),,"http://f.video.weibocdn.com/002znwLtgx07DztDdkNV01041200awH10E010.mp4?label=mp4_ld&template=640x360.25.0&trans_finger=40a32e8439c5409a63ccf853562a60ef&Expires=1592213106&ssig=mQxInX1yII&KID=unistore,video",
4509011230150027,J3Mqf0D1N,1793303977,早睡对不起青春,转发微博,,,,,0,0,0,2020-05-27 01:51,HUAWEI Mate 30 5G,,,4508932754637509
4509011107661218,J3Mq2w922,2650287291,潘帕斯雏鹰,转发微博,,,,,0,0,0,2020-05-27 01:51,vivo智能手机,,,4509009165590521
4509010852889377,J3MpDc7ER,5892170995,Sapphire大侠饶命,骂人今天骂sb美国的特朗普,,武汉,,,0,0,0,2020-05-27 01:50,骂人超话,['http://ww2.sinaimg.cn/large/006qKWQ3ly1gf6dunju2ej30u01rck3e.jpg'],,
4509010802013546,J3Mpy8rOy,2156834170,可怜_____,总要有人说出真相，纽约州长公然对抗白宫，特朗普不承认也没用O总要有人说出真相，纽约州长公然对抗白宫，特朗普不承认也没用,,,,,0,0,0,2020-05-27 01:50,vivo浏览器,['http://ww4.sinaimg.cn/large/808ead7aly1gf6dukcp78j205k05kweh.jpg'],,
4509010717981765,J3Mppxuq9,1934810547,阿宝阿宝哥,记着：5月27日，美国新冠肺炎死亡病例超10万。特朗普踩着美国人的尸体竞选总统！,,,,,0,0,1,2020-05-27 01:49,荣耀8X,['http://ww1.sinaimg.cn/large/7352ddb3ly1gf6dqoyek1j20u01t0444.jpg'],,
4508868803400947,J3IIwegJZ,1887344341,观察者网,【#CNN主播道出特朗普甩锅中国真相#：选举惯用手段】24日，CNN主持人法里德·扎卡里亚在节目中指出，特朗普此前曾多次赞扬中国的抗议措施与透明度，直到美国疫情恶化、支持率下滑后，才改口指责起中国。这种做法其实与2016年选举指责墨西哥一样，是其惯用的竞选策略：极力渲染外国威胁，批评民主党的绥靖政策，将自己塑造成可以帮助美国应对未来挑战的人。扎卡里亚还指责民主党没有坚定立场，竟也加入到批评中国的行列中，“掉入这个熟悉的陷阱”。L微丢的微博视频,,,,CNN主播道出特朗普甩锅中国真相,413,352,3631,2020-05-26 16:25,微博 weibo.com,,"http://f.video.weibocdn.com/002znwLtgx07DztDdkNV01041200awH10E010.mp4?label=mp4_ld&template=640x360.25.0&trans_finger=40a32e8439c5409a63ccf853562a60ef&Expires=1592213116&ssig=sKy2nJT9M7&KID=unistore,video",
4508998001409946,J3M4U5UN4,5481373303,凭荷晓岚97917,一切为了选票，选票的背后皆是利益,,,,,0,0,0,2020-05-27 00:59,360安全浏览器,,,4508868803400947
4508563571872113,J3AMd7R1n,1301904252,江苏新闻,【#二哈当警犬拆了特警队#】“不拆”和“八万”这两只哈士奇，分别于今年加入云南某特警队和消防队，成为有正式编制的警犬。特警刘先生介绍，战士们打算挑战不可能。但二哈不仅把训犬员折磨得够呛，还直接把特警队“拆”了，训练员基本上训一个跑一个...二哈：看是你驯化我，还是我改变你L荔直播的秒拍视频#特警挑战训练二哈做警犬#,,,,"二哈当警犬拆了特警队,特警挑战训练二哈做警犬",1082,1327,24425,2020-05-25 20:13,微博 weibo.com,,"http://miaopai.video.weibocdn.com/dXulLsKHlx07DyauOv9K01041200jzjR0E013.mp4?label=mp4_ld&template=640x360.25.0&trans_finger=40a32e8439c5409a63ccf853562a60ef&Expires=1592213116&ssig=qH5eF0RaKy&KID=unistore,video",
4508997984214667,J3M4ShGqv,2200438440,先生One,不好意思，一开始看成了特朗普挑战二哈做警犬,,,,,0,0,1,2020-05-27 00:59,iPhone客户端,,,4508563571872113
4508997934478797,J3M4NiN8F,6962741952,服之无斁LdX224,#财经#争取先搞定中欧、中日韩和RECP自由贸易谈判，把中美贸易谈判留在最后慢慢谈，届时压力大的反而会是美国。14亿人口的全球最大单一市场，先开放给欧盟、日韩和东盟，让先到的企业先受益。如此一来，美国的企业进入中国跑马圈地会落后很多，压力自然就会非常大，特朗普这些政客就很难办，慢慢也只?,,,,财经,0,0,0,2020-05-27 00:59,微博 weibo.com,['http://ww4.sinaimg.cn/large/006NwWLDgy1ge1gy89ac1j30kl1f60xv.jpg'],,
4477362995835908,Iwsz1ouby,3609302441,玄學大師李居明,抗疫大師外一篇：疫期輕鬆睇《粤劇特朗普》L玄學大師李居明的微博视频,,,,,1734,182,1012,2020-02-29 17:53,微博 weibo.com,,"http://f.video.weibocdn.com/WPVcpNZNlx07BkQdNx8Q01041200sGtt0E010.mp4?label=mp4_ld&template=640x360.25.0&trans_finger=40a32e8439c5409a63ccf853562a60ef&Expires=1592213116&ssig=FAfJp6wvHa&KID=unistore,video",
4508997668863323,J3M4mBbKP,7457678473,CH1H1RO_KZM,一睇就知道係龍貫天，雖然我唔睇大戲//@定於羊尊:最近劇院終於要重新開了//@汝恒常在:我想睇粤剧润之兄//@广州城堡堡主:香港人真会玩//@梁冬的微博://@我叫双黄连:,,,"定於羊尊,汝恒常在,广州城堡堡主,梁冬的微博,我叫双黄连",,0,1,1,2020-05-27 00:57,微博 weibo.com,,,4477362995835908
4508997598667395,J3M4fAmMH,5508631750,军事首条,伊朗派出的第二艘油轮给委内瑞拉总统马杜罗提供了救命稻草，同时显示出德黑兰方面正和美国的拉美对手建立更紧密关系。马杜罗以及伊朗领导人表示，他们正共同努力坚持到特朗普政府届满。马杜罗称：“我们是两个不屈服的革命民族，永远不会向北美帝国主义屈膝。”,,,,,0,0,2,2020-05-27 00:57,微博 weibo.com,['http://ww3.sinaimg.cn/large/0060NELcly1gf6cbymjg9j30fd0a9t93.jpg'],,
4508997493905547,J3M45go0H,5023784474,极限耕读兵史足球,钱昌明：这是一种什么“神”逻辑?——评特朗普“以丑为美”的是非观-乌有之乡O　　钱昌明：这是一种什么“神”逻辑?,,,,,0,0,0,2020-05-27 00:57,分享按钮,,,
4508997325151330,J3M3OlC5Y,5869843242,时间有泪·,#特朗普已停用羟氯喹#美国总统特朗普表示，他“刚刚结束”为期两周的抗疟疾药物羟基氯喹的疗程。他一直大力宣传这种药物是预防或治疗冠状病毒的药物，尽管有越来越多的证据表明，这种药物可能弊大于利。“结束了，刚刚结束了，”他在周日辛克莱广播公司播出的一次采访中说。“顺便说一下，我还好着呢。”在美国食品和药物管理局(简称FDA)警告不要在医院以外的地方使用这种药物治疗冠状病毒，因为存在严重心脏问题的风险之际，总统再次为自己采取并在采访中谈论这种未经证实的治疗方法的决定进行了辩护。羟基氯喹是一种抗疟疾药物，通常用于治疗狼疮和类风湿性疾病。目前还没有批准的治疗冠状病毒的方法，这种疾病是由新型冠状病毒引起的。“嗯，我听到了很多关于这件事的报道。坦率地说，我听到了大量的报告。很多人认为它救了他们的命。医生会拿出报告。你在法国进行了一项研究，在意大利进行了一项令人难以置信的研究，“特朗普说，他没有承认那些将药物与更大的死亡风险联系在一起的研究，或者那些根本没有发现任何益处的研究。查看更多（已翻译）：O网页链接,,,,特朗普已停用羟氯喹,0,0,0,2020-05-27 00:56,小米8周年旗舰手机,['http://ww3.sinaimg.cn/large/006pfgn0ly1gf6cav5tk3j30u01dpdqy.jpg'],,
4508115632663137,J3p7JbaNP,1644114654,新京报,【拜登列死亡数据抨击特朗普：死亡病例近10万总统#特朗普疫情间忙着打高尔夫#】在美国新冠确诊和死亡病例不断攀升之际，美国总统特朗普23日去打高尔夫球的行为引发争议。美民主党总统候选人、前副总统拜登在社交媒体上发了一段特朗普打高尔夫球的视频，并配文称：“近10万人丧生，数千万人失业，与此同时，总统却忙着打高尔夫。”#新型冠状病毒#（海客新闻）L海客新闻的秒拍视频,,,,"特朗普疫情间忙着打高尔夫,新型冠状病毒",220,536,3251,2020-05-24 14:33,微博 weibo.com,,"http://miaopai.video.weibocdn.com/Yw1BzR4Llx07DwaBfcX6010412006uwd0E013.mp4?label=mp4_ld&template=640x360.25.0&trans_finger=40a32e8439c5409a63ccf853562a60ef&Expires=1592213116&ssig=Cy0uujDw%2Bd&KID=unistore,video",
4508997299946040,J3M3LFJq0,5860542414,久久为功A,“搬起石头砸自己脚”，原来危害可以这样大。,,,,,3,2,3,2020-05-27 00:56,iPhone客户端,,,4508115632663137
4508997229362498,J3M3EDhC2,6856711138,kun的笑颜再不努力我们就老了,【特朗普威胁称永久断供世卫组织】18日，美国总统特朗普在社交媒体公布给世卫组织总干事谭德塞的信件，信中要求世卫组织在30天内进行重大实质性改革，否则美国将永久停止对世卫组织的资助，且考虑退出世卫组织。,,,,,0,0,0,2020-05-27 00:56,搜狗高速浏览器,['http://ww4.sinaimg.cn/large/007rdiYFly1gexm5ujq3gj30j60ljjtf.jpg'],,
4508803271450600,J3H0P65mM,5366907963,起肖蔷,这个ao3被美国家长举报屏蔽的洗脑包，在他圈流传之广之深入人心，我之前一直以为他们知道这是洗脑包，只是揣着明白装糊涂，现在才惊觉他们一个个居然是zqsg相信的。怎样密不透风的洗脑环境才能洗出这么一群神经病。,,,,,3938,677,21318,2020-05-26 12:05,,"['http://ww3.sinaimg.cn/large/005RcZVFly1gf5q33s5o0j30u01t0gra.jpg', 'http://ww3.sinaimg.cn/large/005RcZVFly1gf5pzwtp2dj30u0314dq6.jpg', 'http://ww1.sinaimg.cn/large/005RcZVFly1gf5pzx74ivj30om1hcwjz.jpg', 'http://ww3.sinaimg.cn/large/005RcZVFly1gf5q33kpf4j30om1hc0ye.jpg']",,
4508996969557979,J3M3eE6sX,2641423781,绿娃不是竹子,听上去像特朗普那个顾问说“这不是covid-1而是covid-19”一样//@式微_居委会的大闲人:妈耶我惊了//@木秀流湍_哥权儿美么:……//@福禄寿喜吉祥茶://@cucojie:ao3的名字来源于一部女权小说aroomofone'sown  所以他是archiveofone'sown  是全球公认的同人文化数据库…,,,"式微_居委会的大闲人,木秀流湍_哥权儿美么,福禄寿喜吉祥茶,cucojie",,1,0,1,2020-05-27 00:55,一只咕咕咕,,,4508803271450600
4508992396914515,J3LVRt0Mr,7283364547,来点石锤,【#CNN主播道出特朗普甩锅中国真相#：选举惯用手段民主党为什么加入？】说的很明确了，甩锅是为了大选造势，也是特朗普管用的伎俩，共和党这么干因为对他们有利，可民主党为什么也跟着抹黑中国呢？L微丢的微博视频,,,,CNN主播道出特朗普甩锅中国真相,10,8,25,2020-05-27 00:37,微博 weibo.com,,"http://f.video.weibocdn.com/002znwLtgx07DztDdkNV01041200awH10E010.mp4?label=mp4_ld&template=640x360.25.0&trans_finger=40a32e8439c5409a63ccf853562a60ef&Expires=1592213116&ssig=sKy2nJT9M7&KID=unistore,video",
4508996960919516,J3M3e3RcU,6979088276,孔雀东南飞_201901,#美国病毒##美国肺炎#二傻子二愣子二杆子特朗普忽悠着欺骗着一锅没脑子的白皮，如注射消毒液吃无效有害的药拒绝戴口罩咒骂奥黑子,,,,"美国病毒,美国肺炎",0,0,0,2020-05-27 00:55,HUAWEI nova 2,,,4508992396914515
4508996894421168,J3M37iy9a,7231129878,云中雨燕52427,《特朗普这次麻烦大了！死亡数逼近10万，他去打高尔夫了……》反正在美国网络上，“特朗普打高尔夫你去死”，不仅上了热搜，还在持续发酵。一边，美国新冠死亡人数，正在逼近10万。O网页链接,,,,,0,0,0,2020-05-27 00:54,iPhone客户端,['http://ww1.sinaimg.cn/large/007Tn5d4ly1gf6c901zntj308o05sgly.jpg'],,
4508996822795797,J3M30bJjv,1987747723,卒心勿欲,#哼……！一个只为自己打高尔夫消遣乐趣的人渣灾星除了自吹自擂的嘴皮功夫之外再也无法令人看得见还能拿出什么能耐来嘞，新冠肺炎病毒泛滥成灾之下的美国早已把特朗普折腾的无可奈何嘞；但是特朗普依然还在继续口出狂言如果不能成功连任，世界就会完蛋了！由此可见特朗普谋求总统的权力已经是势在必得的心态嘞。#【小月儿】大家都知道，美国是世界上最强大的国家，因此有关美国的话题都能得到大家的激烈讨论。不知不觉间特朗普：如果我不能成功连任，世界就完了！O网页链接,,,,哼……！一个只为自己打高尔夫消遣乐趣的人渣灾星除了自吹自擂的嘴皮功夫之外再也无法令人看得见还能拿出什么能耐来嘞，新冠肺炎病毒泛滥成灾之下的美国早已把特朗普折腾的无可奈何嘞；但是特朗普依然还在继续口出狂言如果不能成功连任，世界就会完蛋了！由此可见特朗普谋求总统的权力已经是势在必得的心态嘞。,0,0,0,2020-05-27 00:54,UC浏览器Android,['http://ww3.sinaimg.cn/large/767a9f8bgy1gf6bjox1r2j20bx06qq34.jpg'],,
4508996595523289,J3M2DnaRj,7443918200,sharby1,#特朗普已停用羟氯喹#美国总统特朗普表示，他“刚刚结束”为期两周的抗疟疾药物羟基氯喹的疗程。他一直大力宣传这种药物是预防或治疗冠状病毒的药物，尽管有越来越多的证据表明，这种药物可能弊大于利。“结束了，刚刚结束了，”他在周日辛克莱广播公司播出的一次采访中说。“顺便说一下，我还好着呢。”在美国食品和药物管理局(简称FDA)警告不要在医院以外的地方使用这种药物治疗冠状病毒，因为存在严重心脏问题的风险之际，总统再次为自己采取并在采访中谈论这种未经证实的治疗方法的决定进行了辩护。羟基氯喹是一种抗疟疾药物，通常用于治疗狼疮和类风湿性疾病。目前还没有批准的治疗冠状病毒的方法，这种疾病是由新型冠状病毒引起的。“嗯，我听到了很多关于这件事的报道。坦率地说，我听到了大量的报告。很多人认为它救了他们的命。医生会拿出报告。你在法国进行了一项研究，在意大利进行了一项令人难以置信的研究，“特朗普说，他没有承认那些将药物与更大的死亡风险联系在一起的研究，或者那些根本没有发现任何益处的研究。查看更多（已翻译）：O网页链接,,,,特朗普已停用羟氯喹,0,0,0,2020-05-27 00:53,小米8周年旗舰手机,['http://ww3.sinaimg.cn/large/0087LVaMly1gf6c7udfxfj30u01dpdqy.jpg'],,
4508996595520550,J3M2Dna98,6478839326,松松阿松123sun,转发微博,,,,,0,0,0,2020-05-27 00:53,前后2000万 OPPO R11,,,4508868803400947
4508865162672848,J3ICEbdks,1190785973,大作手白起,广西股神反复强调，今天早上挂单没有成功，没有赚到电费，主要目的其实就是两个：1、告诉大家我是看多的，只是没买进去而已，不算踏空；2、如果大盘冲高回落，我没买进去也是对的；老白点评：做超短线的，哪有挂单的，看准了，就直接上，市价成交。我之前就说过了，大盘如果大涨的话，一般也就30点，小涨是15点左右，今天涨了28.58个点，然后把点位的个位放在5或6这个中间数的位置，这样不管哪个区间，都会离5或6的中间数非常近，如果你预测的点位经常放在0的这个位置的话，那么错误率就会非常高了，不信你们试试。如果他真的能知道涨到什么位置，今天也就不会踏空了，就这么简单的道理！@有好运,,,有好运,,41,19,18,2020-05-26 16:11,微博 weibo.com,"['http://ww1.sinaimg.cn/large/46f9f3b5ly1gf5wtvfxlqj20uy0ec0wb.jpg', 'http://ww4.sinaimg.cn/large/46f9f3b5ly1gf5x1fshh7j20u90a00ul.jpg']",,
4508996550450496,J3M2z1Tc4,7302354135,挽澜者_杜荣峻,回复@财猫李大蛇:你估计也没几个钱吧估计都没我亏过的多！//@财猫李大蛇:回复@挽澜者_杜荣峻:你还穷到要借高利贷？牛逼！//@大作手白起:回复@挽澜者_杜荣峻:你自己动脑子想一下，影响股市短期走势的因素太多了，特朗普发个推，走势就变了，不是天天瞎蒙，这是什么？,,,"财猫李大蛇,挽澜者_杜荣峻,大作手白起",,0,0,0,2020-05-27 00:53,,,,4508865162672848
4508996532431838,J3M2xacDc,5528537517,我发疯了,互怼升级！佩洛西称特朗普就像鞋上沾满狗屎的小孩。狗咬狗真好玩。老巫婆对老巫棍#一句冷幽默##搞笑视频#L我发疯了的微博视频,,,,"一句冷幽默,搞笑视频",1,0,1,2020-05-27 00:53,微博视频,,"http://f.video.weibocdn.com/WrKMCsVilx07DA4AogCI010412003Six0E010.mp4?label=mp4_ld&template=360x620.24.0&trans_finger=81b11b8c5ffb62d33ceb3244bdd17e7b&Expires=1592213116&ssig=L3DNjTrZkG&KID=unistore,video",
4508996243077180,J3M24cUvW,2528495584,疯狂的山羊70,她是美国英雄！更是世界正义的英雄！👍【环球网报道记者李东尧】刚刚过去的周末，特朗普连续两天与高尔夫球相伴，美国民众是什么态度？当地时间24日，一张特朗普车队前往高尔夫俱乐部的照片在推特上大火。照片中，一名女性路人朝着飞驰而过的车队竖起中指，吸引了一大波关注与讨论。有人批评她行为不雅，但更多夸她的人说，她是“美国英雄”。,,,,,0,0,0,2020-05-27 00:52,iPhone客户端,['http://ww4.sinaimg.cn/large/96b5c7e0ly1gf6c55sa7rj20fh0adabu.jpg'],,
4508406495149517,J3wGRlBCJ,1974576991,环球时报,【真香！特朗普曾抨击前任不顾疫情打高尔夫：上任后我就成了你】当地时间5月23日，美国新冠肺炎死亡人数接近十万，特朗普却被拍到在弗吉尼亚州一高尔夫球场愉快打球。然而在2014年美国出现埃博拉疫情时，特朗普曾攻击过时任总统奥巴马“不顾疫情，去打高尔夫球“。并多次公开宣称，“奥巴马不够称职，自己若当上总统会沉迷工作，顾不上打高尔夫球”。据外媒统计，5月23日是特朗普自2017年就任以来第265次前往自家的高尔夫俱乐部。（《环球时报》三缺二视频组）@这视频L这视频的秒拍视频,,,这视频,,557,576,4052,2020-05-25 09:48,微博 weibo.com,,"http://miaopai.video.weibocdn.com/2BnbJmwzlx07Dxq5g9Py010412009mvN0E013.mp4?label=mp4_ld&template=640x360.25.0&trans_finger=40a32e8439c5409a63ccf853562a60ef&Expires=1592213116&ssig=E3FFgM7xHO&KID=unistore,video",
4508996130329483,J3M1T1nIf,5057838214,丿Mondy,特朗普是美国失败总统，只吹牛逼不干人事，,,,,,0,0,0,2020-05-27 00:51,iPhone客户端,,,4508406495149517
4499470907823951,IFJGWwPmL,1647172887,译林出版社,#什么是民粹主义##新书速递##译林社科#★★民粹主义诊断之作：仇视精英、反对多元、垄断人民★★★★“它的体系成功地解释了特朗普等民粹主义者。”——《华盛顿邮报》★★☆紧扣国际政治新趋势，教你看懂现代社会的民粹危机☆☆民粹主义不仅事关政治，更事关人性的弱点☆☆普林斯顿教授精到解读，国内知名政治学者刘擎作序推荐☆“米勒这本小书……对澄清“什么是民粹主义”做出了富有启发性的阐释，并针对当下的政治现象提出许多敏锐而深邃的批判分析。”——刘擎在过去的几年里，世界见证了唐纳德•特朗普、玛丽娜•勒庞等民粹主义者的崛起。他们宣扬自己代表真正的普罗大众，借助“平民政治”和“沉默的大多数”等口号，对精英包揽的政治提出了尖锐的批评。可是，到底什么是民粹主义？它真的是对民主的纠错和补充吗？在本书中，米勒定义了民粹主义的核心要素：它反对多元主义，垄断对人民的定义，剥夺持反对意见者的人民资格；民粹主义并非民主政治的正当组成部分，而是它挥之不去的永恒阴影。,,,,"什么是民粹主义,新书速递,译林社科",765,48,904,2020-04-30 18:02,微博 weibo.com,['http://ww1.sinaimg.cn/large/622ddd17gy1ge9fzrziguj20m80vpdhe.jpg'],,
4508995949450880,J3M1ADEBy,5588974297,梨花依旧,马一下//@西窗随记:篇幅不长，四、五个小时可轻松读完。对当下欧美政治感兴趣的话一定要读一下这本书。//@小白的鹦鹉螺:终于开始预售了！二月的书单里推荐过。特朗普当选后，导师直接把这本小册子甩给我，我在图书馆里一晚上读完。它用通俗的语言解释了当代民粹主义的特征，对厘清概念非常有益！,,,"西窗随记,小白的鹦鹉螺",,0,0,0,2020-05-27 00:51,iPhone客户端,,,4499470907823951
4509209514890125,J3RA3kw8Z,2743179533,哈吉美人,美国老百姓快起来推翻体制啦！,,,,,0,0,0,2020-05-27 14:59,iPhone客户端,,,4508193130925546
4509199479006227,J3RjRBMVJ,3937348351,共青团中央,戴不戴口罩，这是一个……政治正确的问题5月26日，美国白宫。特朗普：你第二个问题是啥，我没听清……能不能把口罩摘了说？记者：那我大声点。特朗普：你就是为了政治正确。记者：总统先生，我只是想戴个口罩……L微丢的微博视频,,,,,120,243,1672,2020-05-27 14:19,微博 weibo.com,,"http://f.video.weibocdn.com/002xzGlwgx07DAz3eoq4010412002TZy0E010.mp4?label=mp4_ld&template=360x640.24.0&trans_finger=81b11b8c5ffb62d33ceb3244bdd17e7b&Expires=1592213128&ssig=Ze8DsajIlQ&KID=unistore,video",
4509209510690821,J3RA32TIh,3108212625,一笑而过听风起,//@YiBo的妞妞呀:真的是无语，瞬间懵逼，一时懵逼，不断懵逼,,,YiBo的妞妞呀,,0,0,0,2020-05-27 14:59,HUAWEI Mate 30,,,4509199479006227
4509209503709041,J3RA2fyTf,1342408392,山禘水,【#推特首次认定特朗普推文有误导性#打标签提示网友了解事实】当地时间5月26日，推特公司首次在特朗普的推文上加上了“事实核查”的标签，认为这位美国总统的推文内容具有误导性。推特公司5月26日指出，特朗普当天发布的两条有关加州邮寄选票的推文中，错误地宣称邮寄选票将导致广泛的选民欺诈。因此，该公司在这两条美国总统的推文下加上了“了解邮寄选票事实”的标签。这一标签会链接到推特平台创建的一个事实核查页面，页面上也包含了更多揭穿特朗普说法的新闻报道链接和摘要。,,,,推特首次认定特朗普推文有误导性,0,0,0,2020-05-27 14:59,iPhone客户端,,,
4509209410042438,J3RzT0b2u,5617256445,思远军事,【局势终于逆转？特朗普亮出17马赫超级导弹，一小时打遍全球目标】近日，据媒体报道，特朗普又亲自公开一张底牌，亮出17马赫的超级导弹计划，有网友表示，这款导弹半小时可夷平头号反美大国，一小时打遍全球目标，难道美国与俄罗斯的局势终于发生了逆转？#思远军事##国际军事##军事#L思远军事的微博视频,,,,"思远军事,国际军事,军事",0,0,0,2020-05-27 14:59,军事 · 视频社区,,"http://f.video.weibocdn.com/BsEtlFP0lx07DB0G3wJq01041200ueHt0E010.mp4?label=mp4_ld&template=640x360.25.0&trans_finger=bdef57f06ae52835a2c783ca389e8517&Expires=1592213128&ssig=cc%2FG%2Fjjgln&KID=unistore,video",
4508638289123079,J3CIIChkr,1601481187,温秀军Jason,#特朗普称普京不希望他连任#【特朗普：普京喜欢我，但不希望我赢得连任】5月24日，美国新闻节目《FullMeasure》播出总统特朗普采访视频。特朗普在采访中谈到普京“喜欢自己”，但认为对方不希望自己在2020年大选中赢得连任。（视频来源FullMeasure）O特朗普：普京喜欢我，但不希望我赢得连任L澎湃新闻的微博视频,,温州,,特朗普称普京不希望他连任,5,3,2,2020-05-26 01:09,iPhone 11 Pro(暗夜绿),,"http://f.video.weibocdn.com/001J0MS7gx07DxrCqe36010412004CEP0E010.mp4?label=mp4_ld&template=640x360.25.0&trans_finger=bdef57f06ae52835a2c783ca389e8517&Expires=1592213128&ssig=eTQtrTcLtw&KID=unistore,video",
4509209373203775,J3RzPdrrN,7453221797,紫色风铃-Qyps,转发微博,,,,,0,0,0,2020-05-27 14:59,小米手机4,,,4508638289123079
4509209351457949,J3RzN67hj,1678311621,秋水長天orchid,吃错药大脑昏成这样了？还是毒素太多消毒水注射多了？☀️,,,,,0,0,0,2020-05-27 14:59,,,,4509199479006227
4509148195228060,J3PZ9lW3y,5993531560,中新经纬,【#特朗普遭推特审查后发飙#：你在干涉美国大选！】据《纽约邮报》报道，#特朗普推文被推特标记为事实有误信息#，此举史无前例特朗普26日发推文说：“推特正在干预2020年总统大选。他们说根据假新闻美国有线电视新闻网（CNN）和《华盛顿邮报》的新闻核实，我关于选票邮寄有可能导致大规模腐败和欺诈的说法是不正确的。推特完全扼杀了言论自由。作为总统，我不会允许这种事情发生。”#财视频#L中新经纬的微博视频,,,,"特朗普遭推特审查后发飙,特朗普推文被推特标记为事实有误信息,财视频",24,43,198,2020-05-27 10:56,微博视频,,"http://f.video.weibocdn.com/aqyvCTqXlx07DAJYmorC010412002GPI0E010.mp4?label=mp4_ld&template=360x624.24.0&trans_finger=81b11b8c5ffb62d33ceb3244bdd17e7b&Expires=1592213128&ssig=rRdeIxPNCJ&KID=unistore,video",
4509209319165790,J3RzJCsrk,1098709662,紫气东来天,转发微博,,,,,0,0,0,2020-05-27 14:59,HUAWEI nova 3i,,,4509148195228060
4509209297737080,J3RzHwsLC,7306705801,Amway在互联网上安利的燕燕,"武汉招聘大学生宝妈兼职赚钱🥳""事故宝妈""兼职🈷️入过万🥳75后，二宝才刚6岁宝的宝妈，上班，老公还有脑梗后遗症。😳说实话，这些东西加在一起在一个人身上就是一个大事故。但是看懂社交电商新安利，挤出时间兼职运作。现在也可以每个月提前十天左右做到达标，实现副业🈷️入过万！牛🐮这样靠谱赚钱的副业，喜欢吗🤣一起副业赚钱，➕wei❤️，514359768化妆#房产中介#创业健康养生健身恋爱#创业##减肥#成都兼职上海兼职#美国洛杉矶市中心突发爆炸##深圳离婚排号##鲁冰花作者钟肇政去世##特朗普这回说漏嘴了##钟南山否认商业代言传闻##网红打卡胜地##社交媒体##招聘##职场##兼职##不想上班##设计师##今天不想加班##职场有话说##加薪##眼综合##一起家庭教育##试管婴儿##一首歌,一个故事##魔道祖师##大学生兼职##手机兼职赚钱##毕业前最后一次寝室夜谈##毕业后第一笔工资做了什么##今年毕业生有多惨##应届生的身份到底有多重要##今年应届生太难了##2019年应届生平均起薪5610元##2019年平均工资出炉##工资不高却经常熬夜的工作##全国各地区最低工资标准##gap停发8万员工工资##上官喜爱真名##副业##副业刚需##没搞副业的我太难了##副业推荐##微商推广##微商代理##微商零食代理#中国外交天团#大国外交##美国疫情##全球疫情##疫情#@阿-K姬@薇娅李佳琦直播预告课代表@薇娅viyaaa@李佳琦薇娅直播@李佳琦Austin#何猷君悼念何鸿燊##诺兰新片炸了真飞机##奶味最浓最好喝的牛奶##陈芊芊人设#2安庆",,柳州,"阿-K姬,薇娅李佳琦直播预告课代表,薇娅viyaaa,李佳琦薇娅直播,李佳琦Austin","房产中介,创业,减肥,美国洛杉矶市中心突发爆炸,深圳离婚排号,鲁冰花作者钟肇政去世,特朗普这回说漏嘴了,钟南山否认商业代言传闻,网红打卡胜地,社交媒体,招聘,职场,兼职,不想上班,设计师,今天不想加班,职场有话说,加薪,眼综合,一起家庭教育,试管婴儿,一首歌,一个故事,魔道祖师,大学生兼职,手机兼职赚钱,毕业前最后一次寝室夜谈,毕业后第一笔工资做了什么,今年毕业生有多惨,应届生的身份到底有多重要,今年应届生太难了,2019年应届生平均起薪5610元,2019年平均工资出炉,工资不高却经常熬夜的工作,全国各地区最低工资标准,gap停发8万员工工资,上官喜爱真名,副业,副业刚需,没搞副业的我太难了,副业推荐,微商推广,微商代理,微商零食代理,大国外交,美国疫情,全球疫情,疫情,何猷君悼念何鸿燊,诺兰新片炸了真飞机,奶味最浓最好喝的牛奶,陈芊芊人设",0,0,0,2020-05-27 14:58,武汉招聘超话,"['http://ww1.sinaimg.cn/large/007YubXzly1gf70myhaemj30u01qggur.jpg', 'http://ww1.sinaimg.cn/large/007YubXzly1gf70mz1ikej30u01qgjvn.jpg']",,
4509108206587267,J3OWErDEf,1314608344,新闻晨报,【#特朗普自夸应对疫情又快又好#：如果不是我死亡人数会是现在的20倍】截至当地时间5月26日，美国新冠肺炎累计确诊病例超过171万例，累计死亡超10万人。然而，美国总统特朗普26日在推特上发文自夸，称“如果不是我做得好且行动得早，我们将失去150万至200万人，损失将是现在的15到20倍”。（青蜂侠Bee）L青蜂侠Bee的秒拍视频,,,,特朗普自夸应对疫情又快又好,53,86,224,2020-05-27 08:17,,,"http://miaopai.video.weibocdn.com/7XSN5ryolx07DAtFsIdW010412009cbO0E013.mp4?label=mp4_ld&template=640x360.25.0&trans_finger=40a32e8439c5409a63ccf853562a60ef&Expires=1592213128&ssig=gIAH2%2Bij2Q&KID=unistore,video",
4509209292814418,J3RzHbO9Q,6727986715,维港超人,转发微博,,,,,0,0,0,2020-05-27 14:58,iQOO Pro 5G性能旗舰,,,4509108206587267
4509125260912707,J3Poa3Pr5,1887344341,观察者网,#特朗普吹捧自己#【邀功？特朗普吹捧自己和团队：要不是我们，死亡人数可能是现在的25倍】5月26日，美国白宫，特朗普宣称，如果没有自己和团队，新冠死亡人数可能是现在的10倍到20倍，甚至是25倍。他表示，他对工作小组和团队感到骄傲。此外，特朗普还不忘“甩锅”中国，称早前对中国实施旅行禁令，才避免高死亡率。L微丢的微博视频,,,,特朗普吹捧自己,494,678,3621,2020-05-27 09:25,微博 weibo.com,,"http://f.video.weibocdn.com/004xHLmmgx07DACvki9F0104120057Zo0E010.mp4?label=mp4_ld&template=640x360.25.0&trans_finger=40a32e8439c5409a63ccf853562a60ef&Expires=1592213128&ssig=h4aulR3PHQ&KID=unistore,video",
4509209293169023,J3RzHdiph,5815420371,二杯即是解渴的蠢物,行，真有你的,,,,,0,0,0,2020-05-27 14:58,nova5Pro人像超级夜景,,,4509125260912707
4509209276970998,J3RzFtfts,6830034474,ZPSWYC幸运星,《戴口罩被特朗普嘲笑，拜登回击：他是个真正的蠢货还假装男子汉》戴口罩被特朗普嘲笑，拜登回击：他是个真正的蠢货还假装男子汉O网页链接,,,,,0,0,0,2020-05-27 14:58,百度极速版,['http://ww3.sinaimg.cn/large/007se7Ymly1gf70n50llzj318g0oxq6d.jpg'],,
4509197897924394,J3RhjxfuO,6357456494,果然视频,【邀功？特朗普吹捧自己和团队：如果没有我们，死亡率是现在的25倍】截至当地时间5月26日，美国新冠肺炎累计确诊病例超过171万例，累计死亡超10万人。当地时间26日，特朗普在记者会上宣称如果没有自己和团队，死亡人数可能会达到现在的25倍。特朗普还再次甩锅中国，称提早对中国实施旅行禁令，才得以避免高死亡率。视频发布出后引发网友质疑，有网友认为疫情还没结束特朗普这是在邀功？@青蜂侠Bee#美国新冠病毒感染病例超167万##特朗普已停用羟氯喹#L果然视频的微博视频,,,青蜂侠Bee,"美国新冠病毒感染病例超167万,特朗普已停用羟氯喹",3,14,23,2020-05-27 14:13,微博视频,,"http://f.video.weibocdn.com/NhkDlYS0lx07DAXxfgzC0104120082Ei0E010.mp4?label=mp4_ld&template=640x360.25.0&trans_finger=40a32e8439c5409a63ccf853562a60ef&Expires=1592213128&ssig=fP%2BoKQowVO&KID=unistore,video",
4509209256083785,J3RzDpwFz,5973173721,白水咖啡111,转发微博,,,,,0,0,0,2020-05-27 14:58,微博搜索,,,4509197897924394
4509204070607293,J3Rrh2xZ3,1887344341,观察者网,【海滩爆满无人戴口罩游客：特朗普不戴，我就不戴】上周末，阿拉巴马州格尔夫海岸的沙滩上人流攒动，挤满了来此度假的游客。尽管有社交距离规定且海滩上有警察执勤，但显然无人在意，也没有人戴口罩。CNN记者采访了数位游客，询问他们担不担心自己被传染，听到的理由千奇百怪。“每个人最终都会死...”“这里风大会吹走病毒的”“特朗普不戴，我就不戴”“如果这是上帝给我安排的命运，我会接受”....L微丢的微博视频,,,,,1110,1067,6059,2020-05-27 14:38,微博 weibo.com,,"http://f.video.weibocdn.com/002rzmvugx07DAY8WSMU01041200v8Ls0E010.mp4?label=mp4_ld&template=640x360.25.0&trans_finger=40a32e8439c5409a63ccf853562a60ef&Expires=1592213128&ssig=vSEBogxMOY&KID=unistore,video",
4509209184267994,J3RzwhUiC,5887043735,剑宗517,对头，没毛病，就是要向大统领看齐，戴什么鸟口罩啊，支持欣赏美国人的率真。,,,,,0,0,0,2020-05-27 14:58,微博 weibo.com,,,4509204070607293
4509209112443230,J3RzpafAW,6107501700,是北海的章,三体里刘慈欣就预言了这场面,,,,,0,0,0,2020-05-27 14:58,荣耀Magic2 魔法手机,,,4509204070607293
4509209087651777,J3Rzmw6zL,2340866734,KONG_tbw,说好的人权呢？戴口罩😷的自由也没有么？,,,,,0,0,0,2020-05-27 14:58,iPhone客户端,,,4509199479006227
4508973019416321,J3LqBDvC9,3921730119,新浪资讯台,【#特朗普发拜登版黑人抬棺视频#】特朗普在自己的脸书账号上发了一段拜登版黑人抬棺视频。视频中，不仅有专业的BGM和动作，棺材上则是拜登的竞选标志。拜登此前在一档黑人电台节目中称“如果连选我还是选特朗普都不知道，那你就不是黑人了”。拜登之后为自己的言论道歉。@微天下L微天下的微博视频,,,微天下,特朗普发拜登版黑人抬棺视频,7,6,7,2020-05-26 23:20,微博 weibo.com,,"http://f.video.weibocdn.com/SZmbqAO9lx07DzRfDxgA010412007dfj0E010.mp4?label=mp4_ld&template=640x360.25.0&trans_finger=40a32e8439c5409a63ccf853562a60ef&Expires=1592213128&ssig=bZsuUtIQXz&KID=unistore,video",
4509209041925526,J3Rzi84US,1644928070,己已斋,沥青和鸡毛都省了。//@逻辑说品:“如果连选我还是选特朗普都不知道，那你就不是黑人了””--潜意识里种族歧视的，其实是左翼...,,,逻辑说品,,1,0,0,2020-05-27 14:57,微博 weibo.com,,,4508973019416321
4509209036977639,J3Rzhthcz,7312143108,阿论故事-实战指导,#湖北新增无症状感染者22例#新增无症状感染者22例，这个数量确实也还是不低，所以我们还是要谨慎！#特朗普推文被推特标记为事实有误信息#,,,,"湖北新增无症状感染者22例,特朗普推文被推特标记为事实有误信息",0,0,0,2020-05-27 14:57,微博手机版,,,
4509202146076442,J3RoapuL8,1499104401,新浪军事,@胡锡进“灵魂拷问”特朗普：你真会派美军“登陆”香港吗？“你真的会派美军去‘登陆’香港地区吗？如果不这样做，那你所说的‘强有力’回应就是虚张声势，不是吗？取消香港地区的独立关税区地位算不上‘强有力’，中方对此早有准备。”(观察者网),,,胡锡进,,51,144,747,2020-05-27 14:30,微博 weibo.com,['http://ww4.sinaimg.cn/large/595a8491ly1gf6zphs57jj20gh0htdjy.jpg'],,
4509209007350483,J3RzeuQcb,1808019510,七根蒹葭,//@cy沉墨:特朗普：遇到个杠精啊，我感觉有点吃力啊,,,cy沉墨,,0,0,0,2020-05-27 14:57,,,,4509202146076442
4509208970929703,J3Rzb3TRd,2729232002,抚州南丰发布,【#特朗普称佩戴口罩是为了政治正确#？记者：不，我只是想戴口罩…】当地时间26日，特朗普出席发布会答记者问。有记者戴口罩向其提问，但特朗普却挑刺让其摘下口罩，在记者拒绝后指责其“只是为了政治正确”。记者回应说，“不，我只是想戴着口罩而已…”@青蜂侠BBhttp://t.cn/A62fWdYH,,,青蜂侠BBhttp,特朗普称佩戴口罩是为了政治正确,0,0,0,2020-05-27 14:57,微博 weibo.com,,"http://miaopai.video.weibocdn.com/ZJ8Njoq0lx07DAyZU52o010412007A290E013.mp4?label=mp4_ld&template=640x360.25.0&trans_finger=40a32e8439c5409a63ccf853562a60ef&Expires=1592213128&ssig=vza%2FZzz6EB&KID=unistore,video",
