﻿id,bid,user_id,用户昵称,微博正文,头条文章url,发布位置,艾特用户,话题,转发数,评论数,点赞数,发布时间,发布工具,微博图片url,微博视频url,retweet_id
4503772044663846,J1A7Wjzhk,2032139271,央证公开课,【特朗普回答不了记者的问题会这样做：你们再说我就走了！】#特朗普崩溃了#！美国爆发疫情以来，美媒记者当场与总统特朗普互怼的场面频频上演！当遇上“他不喜欢的”记者，一场接一场的大戏就连番上演。11日，#特朗普与女记者僵持不下转身就走#这次他也是这样！来源:L央视网快看的微博视频,,,,"特朗普崩溃了,特朗普与女记者僵持不下转身就走",3321,3589,76489,2020-05-12 14:53,央哥的Android,,"http://locallimit.us.sinaimg.cn/mDn7E6vblx07CDGD2z8c010412004iXX0E010.mp4?label=mp4_ld&template=640x360.25.0&trans_finger=bdef57f06ae52835a2c783ca389e8517&Expires=1592211480&ssig=%2Fj9G07z1hi&KID=unistore,video",
4504000240731581,J1G4034jH,6191126015,幸福小女人6666666,安静安静安静,,,,,0,0,0,2020-05-13 05:59,,,,4503772044663846
4503722589794274,J1yQaF5Wa,2656274875,央视新闻,【#特朗普崩溃了#遭记者追问特朗普转身走人】11日记者会上，特朗普称“美国所做检测比任何国家都多”。美国CBS记者提问：“美国的病例仍在增加，为什么你却将此视作国际竞赛？”特朗普点名CNN记者提问。CBS记者继续质问特朗普，却被说问题“肮脏”。随后，特朗普又不再允许此前点名的CNN记者提问，记者坚持提问，特朗普走了…（央视记者殷岳）L央视新闻的微博视频,,,,特朗普崩溃了,72120,48725,1696577,2020-05-12 11:36,微博云剪,,"http://f.video.weibocdn.com/SxhhBPCHlx07DcRoRvGM010412005MxF0E010.mp4?label=mp4_ld&template=360x640.24.0&trans_finger=81b11b8c5ffb62d33ceb3244bdd17e7b&Expires=1592211480&ssig=1XWk%2FWVcdN&KID=unistore,video",
4504000223502720,J1G3YeHdu,6748718986,斋藤悠介,转发微博,,,,,0,0,0,2020-05-13 05:59,红米Redmi,,,4503722589794274
4504000202517691,J1G3WayXV,5144209414,娱乐俩,美国总统特朗1日转发了一正能量视仔细一查，这则#特朗普崩溃了##搞笑段子爆笑##那些治愈的笑话#L娱乐俩的微博视频,,,,"特朗普崩溃了,搞笑段子爆笑,那些治愈的笑话",0,0,0,2020-05-13 05:59,微博云剪,,"http://f.video.weibocdn.com/53oulOEzlx07De59NTJe010412000TPW0E010.mp4?label=mp4_ld&template=360x632.24.0&trans_finger=81b11b8c5ffb62d33ceb3244bdd17e7b&Expires=1592211480&ssig=vKwGXa5NNI&KID=unistore,video",
4504000201879930,J1G3W7T3s,1990463235,lisaqy,转发微博,,,,,0,0,0,2020-05-13 05:59,iPhone客户端,,,4503772044663846
4504000198320307,J1G3VyUuv,5123583295,-Victoriaaa是你袖没错-,哥我先预定热搜哈哈哈//@YKYBtao-黄子韬:你为什么要问中国？youMtF？你自己得儿b你还提中国reallyfuckyou了。SB,,,YKYBtao-黄子韬,,0,0,0,2020-05-13 05:59,小米8周年旗舰手机,,,4503722589794274
4504000194351448,J1G3Vig0E,2817376365,獐子岛的超大只扇贝,韬韬爱你啊//@生菜生吃:看了一下右边id//@YKYBtao-黄子韬:你为什么要问中国？youMtF？你自己得儿b你还提中国reallyfuckyou了。SB,,,"生菜生吃,YKYBtao-黄子韬",,0,0,0,2020-05-13 05:59,HUAWEI nova 3,,,4503722589794274
4504000180895504,J1G3U3KXC,6734239553,日本丰田,特朗普又放狠招？美国对中芯、华虹等启动半导体“无限追溯”机制！O网页链接,,,,,0,0,0,2020-05-13 05:59,新浪财经,,,
4504000169168367,J1G3SCt6T,6440684348,方式前后思_16008,#特朗普崩溃了#在我记忆的银河系里，童年趣事如繁星点点，每件事都让我记忆犹新。唯有一件事让我印象最深刻，至今想起来仍让我忍俊不禁。,,,,特朗普崩溃了,0,0,0,2020-05-13 05:59,红米4,,,
4504000164109586,J1G3Shf5E,5326138992,kenskenshz,哈哈哈哈哈哈哈哈哈哈哈哈哈哈哈我的妈呀！韬太狠了，热搜预定。。。//@YKYBtao-黄子韬:你为什么要问中国？youMtF？你自己得儿b你还提中国reallyfuckyou了。SB,,,YKYBtao-黄子韬,,0,0,0,2020-05-13 05:59,iPhone客户端,,,4503722589794274
4504000160993833,J1G3S4axz,2257153712,欧阳凌军FRANKAU,特朗普吹嘘美国检测率“世界第一”，今天被再次爆发出英雄气的武汉打脸了！原创 李光满冰点时评现在全球新冠病肺炎确诊病例已超过400万例，死亡27.9万例，其中美国134万例，死亡超过8万例，美国的死亡病例已经超过中国全部确诊病例。就是在这种形势下，美国总统特朗普依然不忘吹嘘美国的检测率是“世界第一”，以此证明美国控制疫情是多么“成功”，而且因此在美国最新民调中提高了支持率。5月12日，特朗普正在白宫玫瑰花园召开的关于新冠肺炎疫情的记者会上“自吹自擂”，一名供职于美国哥伦比亚广播公司（CBS)的华裔记者向特朗普提问：“当美国人每天都在死去的时候，为啥你却特别在乎检测率高这件事，还把这视作是一种国际竞争呢？”特朗普泰然自诺地回答道：“世界上每个地方都在死人。”然后对这名华裔记者说“或许你该向中国提出这个问题”。特朗普的这个“让华裔记者去问中国”的回答令人吃惊，华裔记者脱下口罩继续追问道：“你为什么刻意对我说出这番话？”特朗普则回答：“我不是针对你，而是谁问我这么讨厌的问题我都会这么回答”。然后，特朗普突然中止了记者会，头也不回地离开了现场。随后，特朗普的这个回答就上了推特热门话题，一些美国网民认为特朗普让华裔记者“去问中国”的说辞是“种族主义”性质的，还有一名CNN的记者更怒斥特朗普的这一表现“非常非常丑陋”。『特朗普吹嘘美国检测率“世界第一”，今天被再次爆发出英雄气的武汉打脸了！』O特朗普吹嘘美国检测率“世界第一”，今天被再次爆发出英雄气的武汉打脸了！,,,,,3,18,58,2020-05-13 05:59,Android,"['http://ww4.sinaimg.cn/large/86896eb0gy1gepwx0ny4oj20xc0irwmz.jpg', 'http://ww2.sinaimg.cn/large/86896eb0gy1gepwx0ch00j20u00u0dl1.jpg', 'http://ww3.sinaimg.cn/large/86896eb0gy1gepwx0zc6fj21900u0q6t.jpg']",,
4504000130534882,J1G3P2f98,5482649843,王小159357,#特朗普崩溃了#中国和美国就好比老实人和满嘴打嘴炮的人，一个闷声干实事，一个满嘴跑火车画大饼，关键时刻一点用都没有！！,,,,特朗普崩溃了,0,0,0,2020-05-13 05:59,iPhone客户端,,,
4503903716672597,J1DyjrZQx,1907319731,记者王冠,这是特朗普第二次同CBS华裔女记者过不去。第一次在两周前，当时特朗普已连续两天审问有中国官方背景的记者，他几次追问这名华裔女记者是哪里人？对方说CBS，这才放了心。昨天为啥还让这她“去问中国”呢，脸盲？被刁钻提问惹恼？当天心情不好？这在美国算是赤裸裸的种族歧视了。L微丢的微博视频,,,,,110,131,689,2020-05-12 23:36,iPhone客户端,,"http://f.video.weibocdn.com/xSncoVK4lx07DcEkAsiA01041200bQrW0E010.mp4?label=mp4_ld&template=360x640.24.0&trans_finger=81b11b8c5ffb62d33ceb3244bdd17e7b&Expires=1592211480&ssig=Q6ENGPe3IS&KID=unistore,video",
4504000106694983,J1G3Ms5FB,1871036101,京沪高铁探险家,转发微博,,,,,0,0,0,2020-05-13 05:59,iPhone客户端,,,4503903716672597
4504000085452046,J1G3KmSke,3625729560,菩提修慧888666123,人生因为在乎，所以痛苦；人生因为怀疑别人，所以伤害了自己，又伤害了别人。要学会看轻，我们就会快乐。因为放下，我们才能开悟。其实我们都是天地的过路客，很多的人和这个世界上的事情其实都是因果，我们小时候所有的一切实际上都成为了过去。知因懂果，一切随缘，那就是学佛人放下的心态。2019.1.26澳大利亚，悉尼#特朗普崩溃了##何炅郭敬明郑爽谈公开表态##韩国夜店集体感染已致101人确诊#,,,,"特朗普崩溃了,何炅郭敬明郑爽谈公开表态,韩国夜店集体感染已致101人确诊",0,0,0,2020-05-13 05:59,柔光自拍vivo X7Plus,,,
4504000081257073,J1G3K5h1n,7136236110,BYYD-小韬韬,这个时间点//@YKYBtao-黄子韬:你为什么要问中国？youMtF？你自己得儿b你还提中国reallyfuckyou了。SB,,,YKYBtao-黄子韬,,0,0,0,2020-05-13 05:59,Android,,,4503722589794274
4504000080595234,J1G3K2uQy,6012130005,西瓜杰会香熏飞,别人也要批评你……别人要批评你，别人还是要批评你，走自己的路……#特朗普称注射消毒液的说法只是讽刺#,,南京·双塔圩,,特朗普称注射消毒液的说法只是讽刺,0,0,0,2020-05-13 05:59,iPhone客户端,,,
4503985137281819,J1FFDuykH,5777814941,用户5777814941,"我分享了【连任恐将无望！特朗普最重要成绩被抹掉，4年来所有努力全都白费】,快来看吧！|O连任恐将无望！特朗普最重要成绩被抹掉，4年来所有努力全都白费",,,,,0,0,0,2020-05-13 04:59,小米浏览器,['http://ww2.sinaimg.cn/large/006j17Bzly1geqcnr3k19j30u01hh7bx.jpg'],,
4503985082364536,J1FFy9V7G,7453926154,大朵5020,,,,,,0,0,0,2020-05-13 04:59,vivo智能手机,,,4503722589794274
4503985073010116,J1FFxcD4g,3216159890,你再坚持一下子,哥，没睡呢//@YKYBtao-黄子韬:你为什么要问中国？youMtF？你自己得儿b你还提中国reallyfuckyou了。SB,,,YKYBtao-黄子韬,,0,0,0,2020-05-13 04:59,微博国际版,,,4503722589794274
4503985070139491,J1FFx0AhR,7414062608,抱紧黄子韬003,//@YKYBtao-黄子韬:你为什么要问中国？youMtF？你自己得儿b你还提中国reallyfuckyou了。SB,,,YKYBtao-黄子韬,,0,0,0,2020-05-13 04:59,荣耀Play3,,,4503722589794274
4503985052994208,J1FFvcyVG,2801525364,浆果archer,？,,,,,0,1,0,2020-05-13 04:59,Android,,,4503722589794274
4503985043848656,J1FFug9d6,6449665422,落地成瓜,哥……你好敢//@YKYBtao-黄子韬:你为什么要问中国？youMtF？你自己得儿b你还提中国reallyfuckyou了。SB,,,YKYBtao-黄子韬,,0,0,0,2020-05-13 04:59,iPhone客户端,,,4503722589794274
4503673114425490,J1xynizgS,2174585797,王冰汝,#美国疫情##特朗普与女记者僵持不下转身就走#今天特朗普记者会的尴尬一幕，然后记者会就戛然而止了。第一位记者是CBS的华裔记者，第二位是CNN的记者。L王冰汝的微博视频,,,,"美国疫情,特朗普与女记者僵持不下转身就走",5561,2310,13592,2020-05-12 08:20,,,"http://f.video.weibocdn.com/AzLNPILWlx07DcDTxzdC01041200aDl30E010.mp4?label=mp4_ld&template=640x360.25.0&trans_finger=40a32e8439c5409a63ccf853562a60ef&Expires=1592211494&ssig=kwXTIqsGIT&KID=unistore,video",
4503985043847810,J1FFug8Zs,7454272552,承诺苍白的可笑-Wnfr,转发微博,,,,,0,0,0,2020-05-13 04:59,小米手机4,,,4503673114425490
4503985043636987,J1FFufg95,6871676720,云飞扬666201812,转发微博,,,,,0,0,0,2020-05-13 04:59,OPPO Reno3 Pro 5G,,,4503772044663846
4503881381483887,J1CYi6e1F,1036117702,从股置金,特朗普滑稽和不靠谱的形象已经深入人心了，连美国的小孩都能够感受到这一点，并且惟妙惟肖地模仿他，不知道特朗普看的这段视频会不会崩溃了？哈哈哈哈#特朗普崩溃了#L从股置金的微博视频,,,,特朗普崩溃了,288,103,2057,2020-05-12 22:07,HUAWEI P20 Pro,,"http://f.video.weibocdn.com/001SPuZPgx07DdyJq6vZ010412002k4S0E010.mp4?label=mp4_ld&template=360x640.24.0&trans_finger=81b11b8c5ffb62d33ceb3244bdd17e7b&Expires=1592211494&ssig=UJB7Ws2rXz&KID=unistore,video",
4503985035457043,J1FFtmTCP,7265491508,云霏霏雨霏霏,转发微博,,,,,0,0,0,2020-05-13 04:59,HUAWEI nova 2 Plus,,,4503881381483887
4503985032013683,J1FFt8rQL,5136476828,金闪闪fate,回复@女权:哈哈哈，川建国//@女权:川建国转身走人之后同志看了看四周并没有人，偷偷的从抽屉里掏出华为手机，放松的听着一首熟悉的歌曲:“洋装虽然穿在身，我心依然是......”.听完后，他的泪水已经沾满了红领巾。他不舍的把华为手机放回抽屉，继续埋头胡乱批改美国资料。,,,女权,,0,0,1,2020-05-13 04:59,HUAWEI P20,,,4503722589794274
4503985022656706,J1FFsb986,3782103165,冬野雲遊記·,清晨第一笑//@YKYBtao-黄子韬:你为什么要问中国？youMtF？你自己得儿b你还提中国reallyfuckyou了。SB,,,YKYBtao-黄子韬,,0,0,0,2020-05-13 04:59,我只道尋常Android,,,4503722589794274
4503984993284995,J1FFpdMzN,6339215586,曹Q羽,作为一个国家的领导人真是没有格局,,,,,0,0,0,2020-05-13 04:59,iPhone客户端,,,4503722589794274
4503866651216663,J1CAx56vB,1998988241,胥荣东主任医师,十年前中国介绍特朗普的纪录片。L看鉴地理的微博视频,,,,,17,3,11,2020-05-12 21:09,搜狗高速浏览器,,"http://f.video.weibocdn.com/DKVI0x6xlx07D3HTspB601041201EAMa0E010.mp4?label=mp4_ld&template=778x360.25.0&trans_finger=40a32e8439c5409a63ccf853562a60ef&Expires=1592211494&ssig=Pj1Cyi%2BhVe&KID=unistore,video",
4503984977186197,J1FFnu9sp,7318612865,沧海桑田无有尽,转发微博,,,,,0,0,0,2020-05-13 04:59,荣耀8X Max,,,4503866651216663
4503984964827054,J1FFmkfJI,7329885147,孤独的吐苦水机器-,我们tao哥真太痛快了！舒服//@YKYBtao-黄子韬:你为什么要问中国？youMtF？你自己得儿b你还提中国reallyfuckyou了。SB,,,YKYBtao-黄子韬,,0,0,0,2020-05-13 04:59,iPhone,,,4503722589794274
4503984918434148,J1FFhzo6E,1772351770,紫苏寒月,不管什么破事都推给中国，中国是你爹啊？！特朗普，不靠谱！呸！,,,,,0,5,6,2020-05-13 04:59,OPPO超视野全面屏R15,,,4503722589794274
4482828580298704,IyKKu1fHO,6528856314,李荣强59,潍坊晚报）设置是从何时开始的、为什么不早设置，发送多少天了是不是瞎了？潍坊十笏园博物馆就有伪造历史的劣迹，陈毅粟裕他们就是图财害命的畜牲？！罪恶多年、丧尽天良，罪行已经上到(解放军报）上了以正视听！,,西安·纺织城,,,1710,0,0,2020-03-15 19:51,vivo智能手机,['http://ww1.sinaimg.cn/large/0077QpM6ly1gcuuv1p0b3j30u0140115.jpg'],,
4503984893895111,J1FFfglin,6528856314,李荣强59,一九年九月爆发的流感季、去年造成了美国三千四百万人确诊，特朗普予估新型肺炎冠状病毒造成二百二十万人死亡。美众议院听证会质问美疾控中心主任罗伯特雷德菲尔德：“他们表面上死于流感、实际上死于冠状病毒”“根据现在的报告确实如此。”美国现在确诊一百三十四万、死亡八万，三月确诊七十四例,,,,,103,0,0,2020-05-13 04:59,iPhone客户端,,,4482828580298704
4503970025031892,J1Fhgl71y,7368759638,上高g花睛重_,转发微博,,,,,0,0,0,2020-05-13 03:59,Android客户端,,,4503722589794274
4503970024084322,J1Fhgh8wa,2653373504,一心向杨丶两情相越,……,,,,,0,0,3,2020-05-13 03:59,iPhone 11 Pro,,,4503722589794274
4503970003695194,J1FhefvhU,7265608104,谁抢了我的初恋,//@子非鱼12345678:自己选的总统，即使咬牙切齿也要忍下去，直到牙齿咬崩为止，点赞开始,,,子非鱼12345678,,0,0,0,2020-05-13 03:59,荣耀V9 我想要的快,,,4503772044663846
4503969987433434,J1FhcvbM6,5678302626,lovelin5678302626,#特朗普崩溃了##青春有你#分享视频L你你你你听不到我的声音的秒拍视频,,,,"特朗普崩溃了,青春有你",0,0,1,2020-05-13 03:59,小米9,,"http://f.us.sinaimg.cn/001goerzlx07hAajQUes010402001MC50k01.mp4?label=mp4_ld&template=28&Expires=1592211502&ssig=oT9ZSvLJWc&KID=unistore,video",
4503969979040809,J1FhbBVVv,1262387823,非常阳光地带,加索尔哽咽谈科比：我们之间有很多美妙的时刻！【中字】我湖前冠军球员保罗·加索尔谈科比：“我跟科比有很多非常美妙的时刻，特朗普崩溃了退役后的科比让我更加触动，他是一位很愿意帮助队友的球员，只是他确信自己可以在任何人面前得分，如果他愿意的话，他的三双会,,,,,0,0,0,2020-05-13 03:59,三星Galaxy_SII,,,
4503969957297891,J1Fh9uCvV,1865636755,单纯也是错,转发微博,,,,,0,0,0,2020-05-13 03:59,iPhone客户端,,,4503722589794274
4503969885954790,J1Fh2oZ70,7454267371,人生就俩字莪艹丶Srvw,转发微博,,,,,0,0,0,2020-05-13 03:59,红米Redmi,,,4503673114425490
4503969848951974,J1FgYByOG,5108727828,她的国度--,转发微博,,,,,0,0,0,2020-05-13 03:59,OPPO Reno Ace,,,4503722589794274
4503969823242879,J1FgWdBCv,7392212807,娱乐蝶,疫情真相来了！特朗普不承认也没用，美教授病毒蔓延是我们的错#特朗普崩溃了##搞笑段子爆笑##那些治愈的笑话#L娱乐蝶的微博视频,,,,"特朗普崩溃了,搞笑段子爆笑,那些治愈的笑话",0,0,0,2020-05-13 03:59,微博云剪,,"http://f.video.weibocdn.com/e61GUoutlx07DdWRJgzm01041200gYen0E010.mp4?label=mp4_ld&template=480x360.25.0&trans_finger=40a32e8439c5409a63ccf853562a60ef&Expires=1592211502&ssig=MtaDa3rGwI&KID=unistore,video",
4503969806835447,J1FgUsGd9,7307317442,猫猫七姑娘胡同小巷,你可真是个糟糕的记者,,,,,0,0,0,2020-05-13 03:59,iPhone客户端,,,4503722589794274
4503005267857076,J1gbcwXZ2,1618051664,头条新闻,【#奥巴马批评特朗普疫情应对#：彻底混乱的灾难】美前总统奥巴马与助手私下谈话，猛烈抨击了特朗普的新冠肺炎应对工作，称之为“彻底混乱的灾难”，如此乏力和不稳定的表现，归咎于白宫的错误运作观念。@央视网视频L小央视频的秒拍视频,,,央视网视频,奥巴马批评特朗普疫情应对,254,923,12401,2020-05-10 12:06,,,"http://miaopai.video.weibocdn.com/dhDRhgg7lx07Df4DW8mI010412002S230E013.mp4?label=mp4_ld&template=640x360.25.0&trans_finger=40a32e8439c5409a63ccf853562a60ef&Expires=1592211502&ssig=%2BvR%2BNfd5B7&KID=unistore,video",
4503969806835194,J1FgUsG94,3283855115,靜靜静sally,病的的病绝,,,,,0,0,0,2020-05-13 03:59,iPhone客户端,,,4503005267857076
4503969776746958,J1FgRsjbU,5627243186,加V看李白泡澡,哈哈哈哈到笑死了//@女权:川建国转身走人之后同志看了看四周并没有人，偷偷的从抽屉里掏出华为手机，放松的听着一首熟悉的歌曲:“洋装虽然穿在身，我心依然是......”.听完后，他的泪水已经沾满了红领巾。他不舍的把华为手机放回抽屉，继续埋头胡乱批改美国资料。,,,女权,,0,0,0,2020-05-13 03:58,iPhone客户端,,,4503722589794274
4503969759960793,J1FgPFNfX,6316344897,独行骑士·Lwf,"#腾讯新闻#江苏新闻:【特朗普转发正能量视频事发江苏】近日，美国总统特朗普转推一条""正能量视频”。视频中，一位好心车主看见老人在斑马线上徘徊，便停车迅速将老人背过马路。不过，细心的网友发现，事件发生于2018年的中国苏州。O腾讯新闻·热推L特朗普转推正能量视频，仔细一看事发中国江苏来自@腾讯新闻",,,腾讯新闻,腾讯新闻,0,1,1,2020-05-13 03:58,腾讯新闻客户端,,http://type=feedvideo&objectid=2003338005:4503766804922396&keys=4503766815474072&cover_img=//puui.qpic.cn/qqvideo_ori/0/d0965514kto_496_280/0&card_height=280&card_width=496&play_count=737&short_url=http://t.cn/A6AmCIpJ&encode_mode=&bitrate=277&biz_id=231268&current_mid=0&key=tblog_card&title=特朗普转推正能量视频，仔细一看事发中国江苏&full_url=//m.v.qq.com/play.html?vid=d0965514kto&ptag=887&object_id=2003338005:4503766804922396&video_src=https://multimedia.api.weibo.com/2/multimedia/redirect_tencent_video.json?vid=d0965514kto,
4503969743175226,J1FgOdk1k,5701723048,努力配得上林俊杰的女孩,跟着川普学英文，showboat,,,,,0,0,0,2020-05-13 03:58,iPhone客户端,,,4503722589794274
4503969742727714,J1FgObrBo,6157377630,搞笑逢,白宫告急！抗疫队长被隔离特朗普跟彭斯还是不戴口罩#西安当街被打女子发声##搞笑段子爆笑##那些治愈的笑话#L搞笑逢的微博视频,,,,"西安当街被打女子发声,搞笑段子爆笑,那些治愈的笑话",0,0,0,2020-05-13 03:58,微博云剪,,"http://f.video.weibocdn.com/fl9huHG8lx07DdWQmVoA01041200D9wP0E010.mp4?label=mp4_ld&template=640x360.25.0&trans_finger=40a32e8439c5409a63ccf853562a60ef&Expires=1592211502&ssig=b3ttMbNaz%2F&KID=unistore,video",
4503969739069508,J1FgNC3oo,3167180311,郭仔1991,夏日神仙彩虹水今天真的好膨胀好喝还好看一杯比一杯惊喜！感觉外面的甜品饮料都不香了…毕竟这些快乐水做起来真的很简单，特朗普崩溃了只要你掌握了㊙️外面随随便便几十一杯！11个小tips20S做麦旋风？最简单的冷泡超醇奶茶？咖,,,,,0,0,0,2020-05-13 03:58,荣耀平板优享版,,,
4503954929036242,J1ESUBUJQ,7454839013,陌然浅笑丶幉,转发微博,,,,,0,0,0,2020-05-13 02:59,荣耀10 AI变色更潮美,,,4503673114425490
4502557395683780,J14wPnQBS,1893801487,微天下,#美国副总统彭斯助手确诊新冠肺炎#【#彭斯新闻发言人新冠病毒检测呈阳性#特朗普：我就说检测不一定就好】当地时间8日，特朗普确认，美国副总统彭斯的新闻发言人米勒新冠病毒检测呈阳性。他在活动上说：这就是为什么检测不一定就好，检测很好，但是突然之间有什么事情发生了，凯蒂最近接受了检测，是阴性，今天的话，我猜由于某种原因，她的检测呈阳性。L微天下的微博视频,,,,"美国副总统彭斯助手确诊新冠肺炎,彭斯新闻发言人新冠病毒检测呈阳性",173,312,2129,2020-05-09 06:26,微博视频,,"http://f.video.weibocdn.com/BCwkTYQZlx07D7JqYttK010412004ifp0E010.mp4?label=mp4_ld&template=640x360.25.0&trans_finger=40a32e8439c5409a63ccf853562a60ef&Expires=1592211515&ssig=icwWWKZcMU&KID=unistore,video",
4503954924838117,J1ESUkiC9,1287599617,flower睨睨,这说明病毒都讨厌川普,,,,,0,0,0,2020-05-13 02:59,iPhone客户端,,,4502557395683780
4503789854580333,J1AAFjdyl,5354408684,阿尔法小分队,【时政】纽约书评人芬坦·奥图尔锐评疫情中的特朗普#特朗普##美国疫情#介绍：世界曾经热爱、厌恶、嫉妒美国，但这是第一次，大家开始可怜美国。历史上我们经历过糟糕的总统，也经历过无总统的状态，但这是第一次，我们在这个特殊的疫情时期，一切都是前所未有的挑战。制作人名单：翻轴压：@等待啊新校：@hey_-JudeL阿尔法小分队的微博视频,,,"等待啊新,hey_-Jude",美国疫情,13,4,22,2020-05-12 16:04,微博视频,,"http://f.video.weibocdn.com/jKFCCXuElx07Dd9KRx5m01041200kg1j0E010.mp4?label=mp4_ld&template=640x360.25.0&trans_finger=bdef57f06ae52835a2c783ca389e8517&Expires=1592211515&ssig=uL1jHaUVqq&KID=unistore,video",
4503954916677719,J1ESTs1b9,1687316803,洛姨娘,45一直是這樣的人，只要是真正的紐約客都知道，Bloomberg認識他這麼久，清楚地道出45就是個conman。人們選擇他，深層原因，輕浮虛榮的價值觀。//@冬木居士:转发微博,,,冬木居士,,4,4,10,2020-05-13 02:59,微博国际版,,,4503789854580333
4503954907734670,J1ESSws8K,7411123645,比奇堡奇比,川普莫cue我们，请独立行走,,,,,0,0,0,2020-05-13 02:59,OPPO R9s,,,4503722589794274
4503929934772168,J1EeBk1ss,5632433804,不要迷恋哥1790,最强布林结，号称绳结之王。#特朗普崩溃了##幽默##搞笑#L不要迷恋哥1790的微博视频,,,,"特朗普崩溃了,幽默,搞笑",7,1,10,2020-05-13 01:20,微博视频,,"http://f.video.weibocdn.com/MvmzxUx1lx07DdLYVaLm010412006YRM0E010.mp4?label=mp4_ld&template=360x640.24.0&trans_finger=81b11b8c5ffb62d33ceb3244bdd17e7b&Expires=1592211515&ssig=HKeFwoSxOQ&KID=unistore,video",
4503954846085696,J1ESMpxao,3122617837,Thanks谢少纯,转发微博,,,,,0,0,0,2020-05-13 02:59,荣耀Magic2 魔法手机,,,4503929934772168
4503954845593223,J1ESMnt3h,5939333237,槐越清,#特朗普崩溃了#有一种爱，它是无言的，是严肃的，在当时往往无法细诉，然而，它让你[瞧瞧]在过后的日子里越体会越有味道，一生一世忘不了，它就是那宽广无边的父母。,,,,特朗普崩溃了,0,0,0,2020-05-13 02:59,iPhone客户端,,,
4503954840896329,J1ESM3LaV,6034490140,李汶翰的乖乖女_,#特朗普崩溃了#特朗普：你这个记者真可怕，我不想和你玩了，哈哈哈哈哈哈,,,,特朗普崩溃了,0,0,0,2020-05-13 02:59,缺一颗兔牙超话,,,
4503954837412462,J1ESLv6jQ,6549313467,蓝雪睡狐小锦鲤,#特朗普崩溃了#这叫什么这叫虽然该15投了但是还是要倔强一下所以选择在泉水里挂机,,邢台,,特朗普崩溃了,0,0,0,2020-05-13 02:59,iPhone客户端,,,
4503954837197923,J1ESLucvx,6244627039,用户6244627039,转发微博,,,,,0,0,0,2020-05-13 02:59,iPhone客户端,,,4503772044663846
4503954770542386,J1ESF2h6a,7454933571,银河彩虹系,疑惑百分百这人怎么当上总统的,,,,,0,0,0,2020-05-13 02:59,红米Redmi,,,4503722589794274
4503954756905606,J1ESDsYsK,1667403304,苏仪没有明天,你你你，那个拿葱的大婶，出来！！！俺是耕田的,,,,,0,0,0,2020-05-13 02:59,断片之后的iPhone客户端,,,4503722589794274
4503946499035329,J1EFjBUv7,1592917513,陈思进,02:09　【马斯克感谢特朗普在推特上表示特斯拉工厂应该重启】特斯拉（TSLA.O）CEO马斯克感谢特朗普在推特上表示特斯拉工厂应该重启。02:15　【吉利德科学将瑞德西韦授权给5家制药商】吉利德科学：与印度和巴基斯坦的5家仿制药生产商签署了非排他性自愿许可协议，以进一步扩大瑞德西韦的供应。02:25　白宫经济顾问委员会主席哈西特：白宫的共识是，在对新冠病毒立法的最后阶段作出决定之前，要先看看美国经济恢复的效果。,,,,,2,0,6,2020-05-13 02:26,微博 weibo.com,,,
4503954749286679,J1ESCCXT9,7402782439,大隐居于市,吉利德授权的5家企业，可以把药卖给127个低收入国家，但没有授权给中国，梁子看来结的很大，马斯克与特朗普一唱一和。美国经济正在恢复活力。,,,,,0,0,1,2020-05-13 02:59,联想K5Pro 千元影霸,,,4503946499035329
4503954597966901,J1ESnxqyp,6438595911,木木琳L双,#特朗普崩溃了#欢乐的海洋。在回忆的海边，有无数的贝壳，有灰暗的，勾起一段伤心的往事；有灿烂的，使人想起童年趣事。,,,,特朗普崩溃了,0,0,0,2020-05-13 02:58,红米4,,,
4503954585126772,J1ESmlvHS,5699810127,xShadii,#特朗普与女记者僵持不下转身就走#问中国干嘛？来叫爸爸就告诉你，看爸爸反手不干死你，直接大脖溜子，多大了还不会说话，真让我们当家长的上火阿普啊，你可长点心吧……,,,,特朗普与女记者僵持不下转身就走,0,0,0,2020-05-13 02:58,微博 weibo.com,,,
4503954580399183,J1ESm1FQr,6440202603,恐惧词语瘦,#特朗普崩溃了#温柔的女人，总是微笑着去唱生活的歌谣，从不抱怨生活给予的磨难。把每一次的失败都归结为一次尝试，不去自卑；把每一次的成功都想象成一种幸运，不[去旅行]去自傲。,,,,特朗普崩溃了,0,0,0,2020-05-13 02:58,小米手机5,['http://ww1.sinaimg.cn/large/0071QqTxly1geq95c9rruj30sg0iw7d3.jpg'],,
4503954568337916,J1ESkyZ4w,7453604641,秦桑低绿枝_凡,转发微博,,,,,0,0,0,2020-05-13 02:58,红米Redmi,,,4503673114425490
