﻿id,bid,user_id,用户昵称,微博正文,头条文章url,发布位置,艾特用户,话题,转发数,评论数,点赞数,发布时间,发布工具,微博图片url,微博视频url,retweet_id
4509435961732475,J3Xti7gH9,6377741271,我是男生6377741271,转//#看点快报#《美国确诊160万，特朗普只做了3件事，这才是他背后的真实意图》O网页链接,,,,看点快报,0,0,0,2020-05-28 05:59,iPhone客户端,['http://ww4.sinaimg.cn/large/006XClQHgy1gf7qoeg2xzj30fp0bgmxx.jpg'],,
4509367444190799,J3VGMhAdx,6498373231,凤凰王又又,今天，NASA和SpaceX的龙飞船将搭载两名宇航员到国际空间站，这是美国自2011年以来首次从美国本土运送美国宇航员。美东时间下午4:33发射。@ElonMusk、美国副总统彭斯已在佛罗里达州肯尼迪航天中心，两人见宇航员的时候都带了口罩、并保持一定距离。特朗普正在赶去航天中心的路上。NASA直播网址：O网页链接,,,ElonMusk,,88,108,511,2020-05-28 01:27,微博 weibo.com,"['http://ww2.sinaimg.cn/large/0075MvJtgy1gf7isymwqhj30iv0eft9n.jpg', 'http://ww3.sinaimg.cn/large/0075MvJtgy1gf7j6wz5cij30rs0fxtao.jpg', 'http://ww2.sinaimg.cn/large/0075MvJtgy1gf7j70rsvwj30br0d40x1.jpg']",,
4509435899649762,J3XtbEulk,7320828671,6月的海2月的风,美国这是要上天啊！懂王快升天吧！//@凤凰王又又:特朗普：感谢NASA和SpaceX的辛勤工作和领导。期待周六再回来！//@凤凰王又又:因为恶劣天气，发射暂定延期到周六下午3:22。,,,凤凰王又又,,0,0,0,2020-05-28 05:59,iPad air,,,4509367444190799
4509364054904065,J3VBjkzLP,1601481187,温秀军Jason,【#特朗普宣布大幅降低胰岛素价格#：我要不要再来点胰岛素？】5月26日，特朗普召开记者会，宣布大幅降低胰岛素价格计划，期间提及胰岛素时突然自说自话：“我是不用胰岛素的，我应该用点吗？”胰岛素为降血糖的激素，主要用于糖尿病治疗。前不久特朗普表示自己结束服用羟氯喹。@新京报我们视频L世面的秒拍视频,,启东市,新京报我们视频,特朗普宣布大幅降低胰岛素价格,74,8,3,2020-05-28 01:13,享筹吧iPhone 11 Pro,,"http://miaopai.video.weibocdn.com/AdrtZjxBlx07DB3gXmuY010412009O630E013.mp4?label=mp4_ld&template=640x360.25.0&trans_finger=40a32e8439c5409a63ccf853562a60ef&Expires=1592213182&ssig=he0jrqOypr&KID=unistore,video",
4509435747852731,J3XsWwWQX,7456177820,从久伴到酒绊_Kcma,转发微博,,,,,0,0,0,2020-05-28 05:58,小米手机4,,,4509364054904065
4509435740117370,J3XsW0ux4,2891569610,血色军刀999,俄罗斯卫星通讯社5月27日消息，美国总统特朗普表示，“美国已告知印度和中国称愿出面调解两国边境争端”。此前，中国外交部发言人赵立坚在27日的例行记者会上表示，中方在边界问题上的立场是一贯的、明确的，一直认真落实两国领导人达成的重要共识，严格遵守两国签署的有关协定，致力于维护国家领土主权安全，维护中印边境地区的和平稳定。目前，中印边境地区的局势总体是稳定的、可控的。中印之间有完善的涉边机制和沟通渠道...O网页链接,,,,,0,4,0,2020-05-28 05:58,荣耀10 AI变色更潮美,['http://ww1.sinaimg.cn/large/ac59d9cagy1gf7qnhwicwj20go0go406.jpg'],,
4509272799921073,J3Te7FCVj,6244553417,今日俄罗斯RT,“推特在完全扼杀言论自由，我，作为总统，将不会允许这件事的发生。”#特朗普推文被推特标记为事实有误信息#,,,,特朗普推文被推特标记为事实有误信息,909,282,3989,2020-05-27 19:11,微博 weibo.com,['http://ww1.sinaimg.cn/large/006OBvBvgy1gf77xiiof1j30xe0d4q5f.jpg'],,
4509435681345589,J3XsQ5E33,6826313268,SirEdwardII,中美在推特钳制言论自由一事达成共识//@午后狂睡:……//@来去之间://@今日俄罗斯RT:特朗普威胁要关掉推特查看图片,,,"午后狂睡,来去之间,今日俄罗斯RT",,0,0,0,2020-05-28 05:58,iPhone,,,4509272799921073
4509157086837790,J3QdusGOW,5564927603,无心简影,推特首次在平台上提示使用者，要核查美国总统特朗普所发帖文内容的真伪。在Twitter上拥有8000万名关注者的特朗普，早前在帖文表示，邮寄投票实质上是欺诈的，会导致选举操纵的情况出现，又点名批评加州州长容许选民以此方式投票。Twitter后来在特朗普的相关帖文附上一个蓝色的感叹符号标签，促请使用者浏览有关邮寄投票真相的连结。Twitter在连结上表示，特朗普有关邮寄投票会引致选民欺诈的声称，是毫无根据，又列出特朗普相关帖文内3个虚假或具误导性的地方。特朗普之后发帖文回应，指控Twitter正干预今年的总统大选，扼杀言论自由，说自己作为总统，不会让这种情况发生。,,,,,33,21,216,2020-05-27 11:31,微博 weibo.com,['http://ww3.sinaimg.cn/large/0064BRSPly1gf6um4hf3hj31030u0hdt.jpg'],,
4509435617265185,J3XsJuu0p,7452151294,眞在走食神运,回复@关中箭侠:微博//@关中箭侠:关闭推特，川普玩啥？//@无心简影:特朗普现在威胁要关闭推特，他在说共和党人认为社交网平台是要令保守派噤声。他不会容许这种事情发生，威胁会严格规管社交网平台，甚至要求关闭它。,,,"关中箭侠,无心简影",,0,0,0,2020-05-28 05:58,Android,,,4509157086837790
4509435559296311,J3XsDD0ov,6377741271,我是男生6377741271,转//#看点快报#《不以为耻反以为荣！特朗普语不惊人死不休，表态堪称厚颜无耻榜样》O网页链接,,,,看点快报,0,0,0,2020-05-28 05:58,iPhone客户端,['http://ww4.sinaimg.cn/large/006XClQHgy1gf7qmpvrh6j30jb0e2754.jpg'],,
4509435483182987,J3Xswdm2v,1799860404,逼逼仁794,#孟晚舟未能获释#外国人如果在中国犯法了，中国法院一样有引渡审判权利，不会因为你是某个企业的高管就网开一面，反之亦然。现在这个舆论环境，只要和🇺🇸沾一点边的都会被中国的键盘侠怒斥，天天新闻报道微博热搜美国感染新冠肺炎多少多少例子然后特朗普什么什么热搜，美国不还是世界第一大国吗？不会因为你随便微博下面评论几句别人就不强了吗？互联网是没有记忆的吗，前几年美国卖给韩国萨德导弹系统，说好的抵制韩国抗韩呢？随便报道点新闻死点炮灰（乐天超市）这事就当没发生过一样。新闻总是报道什么吧啦吧啦没有中国游客某某国有多惨没钱赚，我真的寻思这些国家没有中国就不转了吗？孟晚舟事件很多人都不知道她犯了什么罪为什么美国要抓她就在那瞎起哄觉得美国又在哪发神经，大家就只知道是个华为高管在加拿大抓了要被引渡回美国，别人加拿大籍的在外国好吃好喝你们这群吃瓜网友在哪瞎操心，最后说一句华为营销号biss,,,,孟晚舟未能获释,0,8,5,2020-05-28 05:57,iPhone客户端,,,
4509435475715695,J3XsvnYUD,6377741271,我是男生6377741271,转//#看点快报#《特朗普怎么都没想到，关键时刻竟摊上官司，这次总统权力也没用了》O网页链接,,,,看点快报,0,0,0,2020-05-28 05:57,iPhone客户端,['http://ww1.sinaimg.cn/large/006XClQHgy1gf7qmdrjuzj30eg0ajq3g.jpg'],,
4509435475319357,J3XsvmjO5,7452151294,眞在走食神运,关了好，用微博//@无心简影:特朗普现在威胁要关闭推特，他在说共和党人认为社交网平台是要令保守派噤声。他不会容许这种事情发生，威胁会严格规管社交网平台，甚至要求关闭它。,,,无心简影,,0,0,0,2020-05-28 05:57,Android,,,4509157086837790
4509435395028556,J3Xsnl69K,6377741271,我是男生6377741271,转//#看点快报#《特朗普发黑人抬棺视频，棺材板上是拜登…》O网页链接,,,,看点快报,0,0,0,2020-05-28 05:57,iPhone客户端,['http://ww4.sinaimg.cn/large/006XClQHgy1gf7qm24c9hj30b005gq39.jpg'],,
4509435378477976,J3Xslzzvy,5401578556,尘缘逸梦,《小米、华为、台积电相继宣布！新的风暴席卷美企，科技界大洗牌》众所周知，华为在最近遭受了有史以来最严厉的封锁措施，特朗普和美国政府为了限制华为的发展，对华为进行了全球范围内的猛烈打压！O网页链接,,,,,0,0,0,2020-05-28 05:57,百度极速版,['http://ww3.sinaimg.cn/large/005TytkMly1gf7qm074aej302w01xdfn.jpg'],,
4509435349784547,J3XsiF3ph,6377741271,我是男生6377741271,转//#看点快报#《特朗普发黑人抬棺视频，棺材板上是拜登…》O网页链接,,,,看点快报,0,0,0,2020-05-28 05:57,iPhone客户端,['http://ww4.sinaimg.cn/large/006XClQHgy1gf7qlvf6dxj30b005gq39.jpg'],,
4509435336617762,J3XshrLA6,7454787314,铭记这段殇-峣,//@凤凰王又又:特朗普：感谢NASA和SpaceX的辛勤工作和领导。期待周六再回来！//@凤凰王又又:因为恶劣天气，发射暂定延期到周六下午3:22。,,,凤凰王又又,,0,0,0,2020-05-28 05:57,小米手机4,,,4509367444190799
4467919485937109,IsuTyoUvP,5872636712,水山水山水山,PBS前线美国大分裂:从奥巴马到特朗普1/2(2020)#水山汉化#1这是PBS前线2020年开年史诗大片，通盘讲述2008年到2020年间美国两党政斗，如果走到今天这个地步。2上集从奥巴马竞选开始一直讲到2016年离任，从开始的雄心壮志到最后的灰心丧气3本以为黑人总统当选是美国团结新象征，没想到导致右翼最大反弹，造成最大分裂4反弹不仅针对民主党，连共和党建制派的几批人也整的狼狈不堪，使茶党和特朗普得势L水山水山水山的微博视频,,,,水山汉化,7284,648,4883,2020-02-03 16:27,微博视频,,"http://f.video.weibocdn.com/000W6rzElx07AFhdAm8U0104120fJa7C0E060.mp4?label=mp4_ld&template=640x360.25.0&trans_finger=bdef57f06ae52835a2c783ca389e8517&Expires=1592213182&ssig=yjjPZwTpg7&KID=unistore,video",
4509435287244244,J3XscuoyE,6339037154,陆双龙2944,转发微博,,,,,0,0,0,2020-05-28 05:56,微博小程序,,,4467919485937109
4509435236244647,J3Xs7qcw7,7455513287,甘美的过去-期,转发微博,,,,,0,0,0,2020-05-28 05:56,小米手机4,,,4509364054904065
4509435202513303,J3Xs4axP9,6377741271,我是男生6377741271,转//#看点快报#《最怕空气突然安静！特朗普遭灵魂拷问当场愣住，支支吾吾说不出话》O网页链接,,,,看点快报,0,0,0,2020-05-28 05:56,iPhone客户端,['http://ww3.sinaimg.cn/large/006XClQHgy1gf7ql96yg7j30g80bujs9.jpg'],,
4509435134752716,J3XrXjWoI,2943106790,各区轰击铁中,查尔斯：你永远不知道王冠和新冠哪个先来...英国女王：速召皇长孙入宫...特朗普：也许这就是人生吧...新冠病毒：众生平等...,,南京·河西金陵中学,,,0,0,0,2020-05-28 05:56,iPhone客户端,"['http://ww2.sinaimg.cn/large/c108da4fly1gd6gznyhk5j20hc0k3goi.jpg', 'http://ww1.sinaimg.cn/large/c108da4fly1gd6gzo69wnj20bs0dc3zk.jpg', 'http://ww3.sinaimg.cn/large/c108da4fly1gd6gzoes1pj20vk0unwhg.jpg', 'http://ww2.sinaimg.cn/large/c108da4fly1gd6gzokt5nj20u00gw767.jpg']",,
4509435119166090,J3XrVCswa,3077680162,俞老二,"【想搞""终极抗议""却成瓮中之鳖""港独""这次真的慌了|特朗普_新浪新闻】原标题：想搞“终极抗议”却成瓮中之鳖，“港独”这次真的慌了……今天香港《国歌法》草案二读，它经历了许多曲折，姗姗来迟。此前有媒体统计，在《国歌法》正式立法前的3年间，至少有13...O网页链接",,,,,0,0,0,2020-05-28 05:56,分享按钮,,,
4509435043604395,J3XrOf7Fp,6377741271,我是男生6377741271,转//#看点快报#《拜登穿情侣装全黑亮相，被特朗普嘲笑戴口罩，公开大骂他是蠢货！》O网页链接,,,,看点快报,0,0,0,2020-05-28 05:55,iPhone客户端,['http://ww1.sinaimg.cn/large/006XClQHgy1gf7qkmgx7hj30fb0b5js9.jpg'],,
4509420820254252,J3X4S148Q,7390462008,我是小六零,【美国反应越是激烈，越是说明刺激到了特朗普的G点，继续干就完了！】白宫发言人：推港区国安法恐令金融中心地位不保美国白宫昨日(26日)指，总统特朗普对中国的做法感到不满，若中国接管香港，难以看到香港如何维持金融中心地位。白宫经济顾问库德洛认为，北京计划在香港实施国安法是犯了大错，又说欢迎在香港和中国大陆的美国企业回流，华府愿意支付相关费用。评：美国政客轮番发言，看来香港国安法是真的找到了他们的痛点！,,朝阳·朝阳县,,,0,0,0,2020-05-28 04:59,nova5Pro人像超级夜景,,,
4509420781857426,J3X4O7Ncu,6403456582,中医爱好者963,情况难控！美传来绝望消息，美州长正式宣布：特朗普违法#快资讯#O网页链接,,,,快资讯,0,0,0,2020-05-28 04:59,分享按钮,,,
4509420719158322,J3X4HCquS,6392138118,倚窗梦月,#蚂蚁金服##杨振宁#【美国第一女婿幕后指导抗疫，大发国难财还是真正的爱国者？】岳父特朗普的信任让库什纳成为美国有史以来可能权势最大却不需负法律责任的“第一女婿”。有人批评库什纳在美国抗疫行动中雇佣的志愿者群就像美国大学里的“兄弟会”一样运作，但库什纳却称他们是“真正的爱国者”O美国第一女婿幕后指导抗疫，大发国难财还是真正的爱国者？,,,,"蚂蚁金服,杨振宁",2,0,2,2020-05-28 04:59,微博 weibo.com,['http://ww3.sinaimg.cn/large/006YAL7Ugy1gf0oim4gp7j30u00k3ac9.jpg'],,
4509420236731788,J3X3Vsffe,1669748140,那年那兔那事2020,今日凌晨，美国國務卿蓬佩奧發聲明，確認香港不再享有高度自治，更明言不再保證香港續享美國法例賦予的特殊待遇，而路透社及《紐約時報》更引述消息指，美國會取消港出口關稅優惠，總統特朗普前日也表示，本周內將就港版國安法作強力回應。#美国务卿称香港失去自治地位##香港是中国的香港#,,,,"美国务卿称香港失去自治地位,香港是中国的香港",0,0,1,2020-05-28 04:57,iPhone 11,['http://ww4.sinaimg.cn/large/638655acgy1gf7oszhz3gj20vk0kz76y.jpg'],,
4509120047544812,J3PfKvEKw,1496814565,封面新闻,【邀功？特朗普吹捧自己和团队：如果没有我们，死亡率是现在的25倍】截至当地时间5月26日，美国新冠肺炎累计确诊病例超过171万例，累计死亡超10万人。当地时间26日，特朗普在记者会上宣称如果没有自己和团队，死亡人数可能会达到现在的25倍。特朗普还再次甩锅中国，称提早对中国实施旅行禁令，才得以避免高死亡率。视频发布出后引发网友质疑，有网友认为疫情还没结束特朗普这是在邀功？L青蜂侠Bee的秒拍视频（青蜂侠Bee）#美国新冠病毒感染病例超167万##特朗普已停用羟氯喹#,,,,"美国新冠病毒感染病例超167万,特朗普已停用羟氯喹",224,646,4997,2020-05-27 09:04,微博 weibo.com,,"http://miaopai.video.weibocdn.com/7XSN5ryolx07DAtFsIdW010412009cbO0E013.mp4?label=mp4_ld&template=640x360.25.0&trans_finger=40a32e8439c5409a63ccf853562a60ef&Expires=1592213192&ssig=3Kx9IN6uTK&KID=unistore,video",
4509420182169554,J3X3Q96oO,1959947364,芊蔚妈,不是戴着总统的头衔他就是个垃圾,,,,,0,0,0,2020-05-28 04:56,iPhone客户端,,,4509120047544812
4509419826150398,J3X3gpNZY,2797405567,love小皇帝勒布朗,扎心了，特朗普被当头泼来盆凉水！英国前首相：这届美国政府不行O网页链接,,,,,0,0,0,2020-05-28 04:55,iPhone客户端,['http://ww1.sinaimg.cn/large/a6bd057fly1gf7otpa98kj20zk0k0gnb.jpg'],,
4508379148351847,J3vYKz2Hd,2174585797,王冰汝,特朗普被记者灵魂拷问：请说出拜登的一个优点。然而他太“诚实”了，撒个谎都不愿意主持人逼问：就说一个！特朗普：呃…（沉默三秒，别逼我了）主持人放弃：好吧，那缺点是什么？特朗普：太多了，我可以说一天。L王冰汝的微博视频,,,,,845,657,6189,2020-05-25 08:00,,,"http://f.video.weibocdn.com/SPpGCtlzlx07Dxm6SJN6010412003g3W0E010.mp4?label=mp4_ld&template=640x360.25.0&trans_finger=40a32e8439c5409a63ccf853562a60ef&Expires=1592213192&ssig=dqNveSfe03&KID=unistore,video",
4509419755593036,J3X39nt0g,3835196784,眼泪仿徨,转发微博,,,,,0,0,0,2020-05-28 04:55,iPhone客户端,,,4508379148351847
4509095866484189,J3OCKrcPH,1893801487,微天下,【#特朗普自夸应对疫情又快又好#：如果不是我死亡人数会是现在的20倍】截至当地时间5月26日，美国新冠肺炎累计确诊病例超过171万例，累计死亡超10万人。然而，美国总统特朗普26日在推特上发文自夸，称“如果不是我做得好且行动得早，我们将失去150万至200万人，损失将是现在的15到20倍”。#美国新冠病毒感染病例超167万#@青蜂侠BeeL青蜂侠Bee的秒拍视频,,,青蜂侠Bee,"特朗普自夸应对疫情又快又好,美国新冠病毒感染病例超167万",231,331,1138,2020-05-27 07:28,微博 weibo.com,,"http://miaopai.video.weibocdn.com/7XSN5ryolx07DAtFsIdW010412009cbO0E013.mp4?label=mp4_ld&template=640x360.25.0&trans_finger=40a32e8439c5409a63ccf853562a60ef&Expires=1592213192&ssig=3Kx9IN6uTK&KID=unistore,video",
4509419662907250,J3X30ccj8,5337017023,全宇宙最精彩的内容精选广播台,//@楼上热评是头猪:总结了下，川普疫情经典语录。“大家不用怕，这只是普通流感”“如果我们把死亡人数降到10万，我们就算做得不错”。“没有人比我更了解病毒，我这么好的基因应该去搞医学，当总统真是浪费了”“我想在复活节复工，你不觉得到时候教堂塞满了人，不是很棒的事,,,楼上热评是头猪,,0,0,0,2020-05-28 04:54,荣耀8 美得与众不同,,,4509095866484189
4508801895962893,J3GYBp1dH,1861477054,何天恩,我来帮川总补充下：拜登最大的优点就是随时随地都能睡着，这样可以少惹好多事；拜登最大的缺点也是睡觉，整天迷迷糊糊的真的干不了啥事。知道我为什么那么忙了吧？————————————————————————主持人：说一个拜登的优点特朗普：我本来···但是···主持人：就说一个！特朗普：呃···（沉默三秒，摇了摇头）主持人放弃：好吧缺点呢特朗普：那太多了，我能说一天呢！L微丢的微博视频,,,,,5,7,35,2020-05-26 12:00,微博 weibo.com,,"http://f.video.weibocdn.com/003FldAvgx07DxxPF1Mb010412003K2W0E010.mp4?label=mp4_ld&template=640x360.25.0&trans_finger=40a32e8439c5409a63ccf853562a60ef&Expires=1592213192&ssig=ZdUbRRYaDQ&KID=unistore,video",
4509419646403886,J3X2YqRWu,1589632442,制片人何凡,//@制片人何一凡:转发微博,,,制片人何一凡,,0,0,0,2020-05-28 04:54,前后2000万 OPPO R11s,,,4508801895962893
4509419587645755,J3X2Sw50D,2276136045,天外飞星2276136045,当今世界以美国为首的一些资本主义国家到处做怪很不太平，特别是特朗普上台以来随着他年龄的增长做事就更不按套路出牌；还有跟他的一堆小弟经常是颠倒黑白像疯狗一样到处乱串乱咬。搞得很没有天理，为什么特朗普这种人都能当总统，真是魔界在作怪。,,,,,0,0,0,2020-05-28 04:54,HUAWEI P10,['http://ww3.sinaimg.cn/large/87ab146dgy1gf7osq3ns0j20ht1dvmz5.jpg'],,
4509419293551244,J3X2peTQ8,5337017023,全宇宙最精彩的内容精选广播台,转发微博,,,,,0,0,0,2020-05-28 04:53,荣耀8 美得与众不同,,,4509095866484189
4509419225983309,J3X2ip6wZ,2797405567,love小皇帝勒布朗,死多少人特朗普政府能称抗疫成功？面对两次提问白宫发言人回应O网页链接,,,,,0,0,0,2020-05-28 04:53,iPhone客户端,['http://ww2.sinaimg.cn/large/a6bd057fly1gf7or86ydqj20zk0k0acm.jpg'],,
4509419105243011,J3X26lZWH,2797405567,love小皇帝勒布朗,国际观察丨美国还有心思搞霸权？德国携24国向特朗普政府提出索赔O网页链接,,,,,0,0,0,2020-05-28 04:52,iPhone客户端,['http://ww4.sinaimg.cn/large/a6bd057fly1gf7oqpqbj8j20zk0k0jtr.jpg'],,
4482828580298704,IyKKu1fHO,6528856314,李荣强59,潍坊晚报）设置是从何时开始的、为什么不早设置，发送多少天了是不是瞎了？潍坊十笏园博物馆就有伪造历史的劣迹，陈毅粟裕他们就是图财害命的畜牲？！罪恶多年、丧尽天良，罪行已经上到(解放军报）上了以正视听！,,西安·纺织城,,,1710,0,0,2020-03-15 19:51,vivo智能手机,['http://ww3.sinaimg.cn/large/0077QpM6ly1gcuuv1p0b3j30u0140115.jpg'],,
4509419062926810,J3X22choC,6528856314,李荣强59,特朗普早知道马里兰州的德特里克堡生化武器基地出了问题、去年九月爆发的美国流感季年底造成了三千四百多万疑似病例，“他们表面上死于流感、实际上死于新型肺炎病毒？”“根据我们现在的检测报告，确实如此。”一一这是美国会听证会众议员质疑美疾控中心主任罗伯特-雷德菲尔德今年三月十一日的对答。,,,,,111,0,0,2020-05-28 04:52,iPhone客户端,,,4482828580298704
4509139084090619,J3PKsha9J,2174585797,王冰汝,#美国疫情#一张口罩引发的大战。特朗普对路透社记者说：你把口罩取了吧，我听不清楚。记者：我不。我可以说大声点。特朗普：你是想政治正确。记者：我就是想戴口罩！L王冰汝的微博视频,,,,美国疫情,720,305,4337,2020-05-27 10:19,,,"http://f.video.weibocdn.com/jmvA4Oqtlx07DAHudDaU010412005ZTH0E010.mp4?label=mp4_ld&template=640x360.25.0&trans_finger=40a32e8439c5409a63ccf853562a60ef&Expires=1592213192&ssig=i7DCdo95Fj&KID=unistore,video",
4509418950452730,J3X1R1TM6,5337017023,全宇宙最精彩的内容精选广播台,转发微博,,,,,0,0,0,2020-05-28 04:52,荣耀8 美得与众不同,,,4509139084090619
4508092216304580,J3ovXqs6M,1732112365,NOWnews今日新闻,【美副总统彭斯批：中国让世界失望WHO是隐匿疫情同伙】美国副总统彭斯（MikePence）周六（23）在卫星电台「BreitbartNews」的节目中批评，中国企图隐瞒#新型冠状病毒#（COVID-19）爆发的资讯，让全世界失望，应该要为此负责。彭斯直言「中国让全世界失望」并解释道，他认为中国不让美国疾病预防控制中心（CDC）进入调查，直到2至中旬美方才了解情况，这非常异常，中国毫无疑问将因为缺乏公开透明，为全世界正在经历的一切负责。此外，在隐瞒COVID-19疫情上，彭斯指控世界卫生组织（WHO）也是中国的同伙。彭斯表示，美国将会继续要求WHO进行改革，确保未来国际能够了解任何需要知道的潜在健康威胁。据《Newsweek》，美国中央情报局（CIA）曾在12日发表评估，发现中国威胁WHO如果宣布「国际突发公共卫生事件」（PHEIC），将切断组织进入中国进行冠状病毒调查的途径。德国《明镜》（DerSpiegel）在5月初引述情报机构报告，称中国早在1月21日就向WHO秘书长谭德塞施加压力。WHO拒绝具体回答中国官员是否影响「国际突发公共卫生事件」的延迟或更改，强调决策不是出自于对中国的不信任，WHO对中国疫情控制充满信心。欢迎关注NOWnews今日新闻新浪微博#nownews今日新闻#www.nownews.com,,,,"新型冠状病毒,nownews今日新闻",96,362,1114,2020-05-24 13:00,微博 weibo.com,['http://ww4.sinaimg.cn/large/673defedly1gf3ew6fbcrj20m80dw0tl.jpg'],,
4509418870703573,J3X1J2X1X,1212026365,喜来登_皮,我帮他加一条，特朗普政府对此表现软弱,,,,,0,0,0,2020-05-28 04:51,iPhone客户端,,,4508092216304580
4509198598079621,J3RirxTSt,1231668867,周蓬安,#传染病预防#【邀功？#特朗普吹捧自己和团队#：如果没有我们，死亡率是现在的25倍】当地时间26日，特朗普在记者会上宣称如果没有自己和团队，死亡人数可能会达到现在的25倍。特朗普还再次甩锅中国，称提早对中国实施旅行禁令，才得以避免高死亡率。视频发布出后引发网友质疑，有网友认为疫情还没结束特朗普这是在邀功？（北京晚报）微评：一副好牌被打得稀巴烂，还好意思在这里吹。从武汉撤侨，显得美国很重视这个疫情。可后来，都不当回事了。死亡都快10万了，还好意思吹。L海客新闻的微博视频,,,,"传染病预防,特朗普吹捧自己和团队",3,7,7,2020-05-27 14:16,nova4自拍极点全面屏,,"http://f.video.weibocdn.com/aFSykPCplx07DAuQDfag010412005HoD0E010.mp4?label=mp4_ld&template=640x360.25.0&trans_finger=40a32e8439c5409a63ccf853562a60ef&Expires=1592213192&ssig=Dct6S7rbGd&KID=unistore,video",
4509418849051534,J3X1GBYIu,5168183636,霁虹雨,转发,,,,,0,0,0,2020-05-28 04:51,iPhone客户端,,,4509198598079621
4509418828322350,J3X1EyV1s,7452190744,宛如红袖丶Dfki,转发微博,,,,,0,0,0,2020-05-28 04:51,小米手机4,,,4509364054904065
4509116453013152,J3P9XcDRe,2028810631,新浪新闻,"【美媒:别听信""中国隐瞒疫情""疫情是特朗普失误】截至美国东部时间5月26日晚6时，#美国新冠病毒感染病例超167万#↓↓近日，美国一些政客不断声称“中国隐瞒了疫情”，但美媒已经不接受这种“甩锅”手段了。甚至有杂志透露美国暴发严重疫情的根本原因，与特朗普这个失误有关↓↓O美媒:别听信""中国隐瞒疫情""疫情是特朗普失误",,,,美国新冠病毒感染病例超167万,237,274,2007,2020-05-27 08:50,专业版微博平台,,,
4509418709989634,J3X1sFUL8,5124968670,埼玉ONE1,精辟哈哈哈//@沐清寻:特朗普要黑，中国也要黑，要是只能黑一个，那就黑特朗普，毕竟特朗普会抢总统位置，而中国是永远抢不到的。攘外必先安内。//@皓月千里ww:美媒怎么可能替中国说好话？为了选举造势啦,,,"沐清寻,皓月千里ww",,0,1,1,2020-05-28 04:51,,,,4509116453013152
4508399603446698,J3wvKesDU,5044281310,澎湃新闻,#特朗普称普京不希望他连任#【特朗普：普京喜欢我，但不希望我赢得连任】5月24日，美国新闻节目《FullMeasure》播出总统特朗普采访视频。特朗普在采访中谈到普京“喜欢自己”，但认为对方不希望自己在2020年大选中赢得连任。（视频来源FullMeasure）O特朗普：普京喜欢我，但不希望我赢得连任L澎湃新闻的微博视频,,,,特朗普称普京不希望他连任,581,833,4799,2020-05-25 09:21,360安全浏览器,,"http://f.video.weibocdn.com/001J0MS7gx07DxrCqe36010412004CEP0E010.mp4?label=mp4_ld&template=640x360.25.0&trans_finger=bdef57f06ae52835a2c783ca389e8517&Expires=1592213192&ssig=nCxOC7qMBp&KID=unistore,video",
4509418648500631,J3X1mzFoX,2932280651,爬在电线杆上玩电脑,先给自己埋个台阶，到时不能连任就说普京干预选举。,,,,,0,0,0,2020-05-28 04:50,iPhone客户端,,,4508399603446698
4509405637771175,J3WGnwBDx,1146389720,春有百花冬有雪,美国总统特朗普说，美方将在本周末之前宣布对中国涉港国安立法的回应措施，并扬言那些措施将“非常有力量”。美媒提前透露说，它们可能包括制裁实施该法的官员、限制交易、冻结资产、限制中国官员签证等等。在被问及是否考虑取消香港独立关税地位时，白宫发言人没有回答。要我说，即使美方取消香港独立关税地位，中国人都已经有了充分思想准备，而没走到这一步的其他制裁措施，特朗普怎么好意思把它们定义为“非常有力量”的？北京...O网页链接,,,,,1,2,2,2020-05-28 03:59,HUAWEI Mate 10,['http://ww1.sinaimg.cn/large/445484d8ly1gf7n6zce0pj205c040my4.jpg'],,
4509405620365912,J3WGm1xbO,6383666446,投资理财的那点儿事,【美国第一女婿幕后指导抗疫，大发国难财还是真正的爱国者？】岳父特朗普的信任让库什纳成为美国有史以来可能权势最大却不需负法律责任的“第一女婿”。有人批评库什纳在美国抗疫行动中雇佣的志愿者群就像美国大学里的“兄弟会”一样运作，但库什纳却称他们是“真正的爱国者”O美国第一女婿幕后指导抗疫，大发国难财还是真正的爱国者？#招财##美国经济#,,,,"招财,美国经济",0,1,1,2020-05-28 03:59,微博 weibo.com,['http://ww1.sinaimg.cn/large/006Y1dg2gy1gf0od4sjuzj30u00k3ac9.jpg'],,
4509204070607293,J3Rrh2xZ3,1887344341,观察者网,【海滩爆满无人戴口罩游客：特朗普不戴，我就不戴】上周末，阿拉巴马州格尔夫海岸的沙滩上人流攒动，挤满了来此度假的游客。尽管有社交距离规定且海滩上有警察执勤，但显然无人在意，也没有人戴口罩。CNN记者采访了数位游客，询问他们担不担心自己被传染，听到的理由千奇百怪。“每个人最终都会死...”“这里风大会吹走病毒的”“特朗普不戴，我就不戴”“如果这是上帝给我安排的命运，我会接受”....L微丢的微博视频,,,,,1110,1067,6059,2020-05-27 14:38,微博 weibo.com,,"http://f.video.weibocdn.com/002rzmvugx07DAY8WSMU01041200v8Ls0E010.mp4?label=mp4_ld&template=640x360.25.0&trans_finger=40a32e8439c5409a63ccf853562a60ef&Expires=1592213205&ssig=09njWfWF1n&KID=unistore,video",
4509405527294667,J3WGcuBFV,7452472278,用释怀换个灿烂_Pfyx,转发微博,,,,,0,0,0,2020-05-28 03:58,Android客户端,,,4509204070607293
4509217127552205,J3RMkvGFL,1974576991,环球时报,【海滩爆满无人戴口罩游客：特朗普不戴，我就不戴】上周末，阿拉巴马州格尔夫海岸的沙滩上人流攒动，挤满了来此度假的游客。尽管有社交距离规定且海滩上有警察执勤，但显然无人在意，也没有人戴口罩。CNN记者采访了数位游客，询问他们担不担心自己被传染，听到的理由千奇百怪。“每个人最终都会死...”“这里风大会吹走病毒的”“特朗普不戴，我就不戴”“如果这是上帝给我安排的命运，我会接受”...(微丢）L微丢的微博视频,,,,,138,319,1187,2020-05-27 15:30,微博 weibo.com,,"http://f.video.weibocdn.com/002rzmvugx07DAY8WSMU01041200v8Ls0E010.mp4?label=mp4_ld&template=640x360.25.0&trans_finger=40a32e8439c5409a63ccf853562a60ef&Expires=1592213205&ssig=09njWfWF1n&KID=unistore,video",
4509405444401051,J3WG4isUH,6502316156,Z张战Z,转发微博,,,,,0,0,0,2020-05-28 03:58,小米MIX2S 全面屏,,,4509217127552205
4509405410353961,J3WG11u53,1792036871,君love泓,他就是这么个不着调川普Style,,,,,0,0,0,2020-05-28 03:58,iPhone客户端,,,4508399603446698
4509405120962284,J3WFy42kI,6040083360,臧-宁,特朗普称愿为中印仲裁，三哥家很期待，中方的回复很精彩O特朗普称愿为中印仲裁，三哥家很期待，中方的回复很精彩,,,,,0,0,0,2020-05-28 03:57,内置浏览器,['http://ww1.sinaimg.cn/large/006ALzBmgy1gf7n4wd3eij308c08cabu.jpg'],,
4509405007618572,J3WFmvXWc,1505427343,笔直比至秕轾的墙头草,艹绝活儿//@今日俄罗斯RT:骚图评论配图//@今日俄罗斯RT:特朗普威胁要关掉推特查看图片,,,今日俄罗斯RT,,0,0,0,2020-05-28 03:56,天地一鹤鸣iPhone X,,,4509272799921073
4509404906744572,J3WFcsizq,2883343157,嗉啵凝5,如果喜欢韩国风格的冬季服饰搭配……而且非常的显露年轻女生的可爱气质。麻豆红色棉服+桃心图案针织外套的叠搭、那么就一定要选一款板型稍微宽松一点的棉服外套；我听过许多形形色色的承诺和誓言但是都没能敌得过时间、美妞们……#特朗普称注射消毒液的说法只是讽刺#,,重庆·林玉红蜻蜓美蛙鱼头总店,,特朗普称注射消毒液的说法只是讽刺,0,0,0,2020-05-28 03:56,iPhone客户端,,,
4509376653616486,J3VVDfaOq,2656274875,央视新闻,【#孟晚舟未能获释#】温哥华当地时间27日上午，加拿大不列颠哥伦比亚省高等法院公布了孟晚舟引渡案的第一个判决结果，认定华为公司副董事长、首席财务官孟晚舟符合“双重犯罪”标准，因此对她的引渡案将继续审理，孟晚舟将留在加拿大参加后期的相关听证，并等待新的审判结果。（总台记者张森）,,,,孟晚舟未能获释,28864,57808,948362,2020-05-28 02:03,微博 weibo.com,['http://ww3.sinaimg.cn/large/9e5389bbly1gf7iolo62tj20go0gotiq.jpg'],,
4509404840315563,J3WF61k5J,2644554890,Tez烟缸,这官司打个5，6年很正常。到时候特朗普都下台了。只能慢慢玩了。。。,,,,,0,0,0,2020-05-28 03:55,HUAWEI Mate 20 Pro,,,4509376653616486
4509404244829802,J3WE8kgs2,6897055769,美国崔医生,#孟晚舟未能获释#所谓的司法独立都是假的，一切都是为了需要，特别是政治需要。看看特朗普这个助手，有的已经入监，有的等待宣判。全部改过来了。助手michaelflynn自己都认罪了，还可以撤案。你看操蛋不操蛋！美国人虚伪，加拿大人一样。都是一些喜欢居高临下的虚伪的无耻之徒。,,,,孟晚舟未能获释,2,9,21,2020-05-28 03:53,iPhone 6s Plus,,,
4509329926268849,J3UIgqiOt,3173633817,CGTN,"【特朗普：如果没有我们死亡率会是现在的25倍】AmidcriticsthatthetollofCOVID-19shotupintheU.S.becausePresidentDonaldTrumpwasslowtorespond,hecontendedTuesdayitcouldhavebeen25timeshigherwithouthisactions.LCGTN的微博视频",,,,,51,103,338,2020-05-27 22:58,微博视频,,"http://f.video.weibocdn.com/dQdBvXHOlx07DBxahz2M010412001dBP0E010.mp4?label=mp4_ld&template=360x640.24.0&trans_finger=81b11b8c5ffb62d33ceb3244bdd17e7b&Expires=1592213205&ssig=S7d7Mwsn8m&KID=unistore,video",
4509403955495813,J3WDFn3I9,1406492162,李li_zinan子男,这里翻译成“死亡率”不太合适，毕竟他说的是“thenumberofdeath”，即“死亡人数”。,,,,,0,0,0,2020-05-28 03:52,HUAWEI Mate 10 Pro,,,4509329926268849
4509228591353317,J3S4P5G3H,3215951873,千龙网中国首都网,#美国新冠肺炎确诊病例#【#特朗普宣布大幅降低胰岛素价格#：我要不要再来点胰岛素？】5月26日，特朗普召开记者会，宣布大幅降低胰岛素价格计划，期间提及胰岛素时突然自说自话：“我是不用胰岛素的，我应该用点吗？”胰岛素为降血糖的激素，主要用于糖尿病治疗。前不久特朗普表示自己结束服用羟氯喹。@新京报我们视频L世面的秒拍视频,,,新京报我们视频,"美国新冠肺炎确诊病例,特朗普宣布大幅降低胰岛素价格",52,194,935,2020-05-27 16:15,iPhone 11,,"http://miaopai.video.weibocdn.com/AdrtZjxBlx07DB3gXmuY010412009O630E013.mp4?label=mp4_ld&template=640x360.25.0&trans_finger=40a32e8439c5409a63ccf853562a60ef&Expires=1592213205&ssig=0wcbS26Lw2&KID=unistore,video",
4509403950178718,J3WDF0Kuy,2770945633,scorpioventure,转发微博,,,,,0,0,0,2020-05-28 03:52,iPhone,,,4509228591353317
4509185855120975,J3QXTlucn,1575619643,IT互联网资讯,当地时间26日，特朗普在记者会上宣称如果没有自己和团队，死亡人数可能会达到现在的25倍。特朗普还再次甩锅中国，称提早对中国实施旅行禁令，才得以避免高死亡率。疫情还没结束吧，特朗普这是在邀功吗L海客新闻的微博视频,,,,,204,305,727,2020-05-27 13:25,,,"http://f.video.weibocdn.com/aFSykPCplx07DAuQDfag010412005HoD0E010.mp4?label=mp4_ld&template=640x360.25.0&trans_finger=40a32e8439c5409a63ccf853562a60ef&Expires=1592213205&ssig=Cr1QR2dis%2B&KID=unistore,video",
4509403649130892,J3WDaCjms,7309810297,碎语漫语,特朗普什么都没有了，只剩下自己吹牛，不然他的日子不好过啊！,,,,,0,0,0,2020-05-28 03:51,三星android智能手机,,,4509185855120975
4509298111609234,J3TSX6KDo,3937348351,共青团中央,【钟南山：特朗普曾说死亡人数低于10万就是胜利，现在看来很难说】近日钟南山院士接受专访，对美国新冠肺炎的病死率感到震惊，他称，美国的反应与17年前应对SARS形成了鲜明的对比。#美国新冠死亡病例月底预计将超10万#L海客新闻的秒拍视频,,,,美国新冠死亡病例月底预计将超10万,133,220,1303,2020-05-27 20:51,微博 weibo.com,,"http://miaopai.video.weibocdn.com/RBpCe0pWlx07DB1vACvK01041200m8ui0E013.mp4?label=mp4_ld&template=640x360.25.0&trans_finger=40a32e8439c5409a63ccf853562a60ef&Expires=1592213205&ssig=DIAclKytU5&KID=unistore,video",
4509403547926445,J3WD0xg1T,6280711973,奔跑的羚羊93556,转发微博,,,,,0,0,0,2020-05-28 03:50,红米Redmi,,,4509298111609234
4509403203955938,J3WCsgB7s,2858407710,Tears丶军魂,8⃣️💊命🌶️//@老胡bot:老胡认为一个国家的总统对社交媒体的恐惧居然到了要运用私权公然进行威胁的地步，这实在是一种极其不自信的表现。//@今日俄罗斯RT:特朗普威胁要关掉推特查看图片,,,"老胡bot,今日俄罗斯RT",,0,0,0,2020-05-28 03:49,iPhone客户端,,,4509272799921073
4509403166296384,J3WCoqpYA,6302228041,用户6302228041,跟特朗普一样愚蠢的家伙！完全不了解中国！伊拉克能跟中国比吗？！,,,,,0,0,0,2020-05-28 03:49,美图T8•双像素黑科技,['http://ww3.sinaimg.cn/large/006Svvpngy1gf7mws1swxj30u01hc7wh.jpg'],,
4509110358236973,J3P07yyOp,1295335170,至诚大兵,恬不知耻，尸横遍野，大统领还自夸，山姆大叔生气不？#特朗普自夸应对疫情又快又好#：如果不是我死亡人数会是现在的20倍截至当地时间5月26日，美国新冠肺炎累计确诊病例超过171万例，累计死亡超10万人。#美国新冠病毒感染病例超167万#然而，美国总统特朗普26日在推特上发文自夸，称“如果不是我做得好且行动得早，我们将失去150万至200万人，损失将是现在的15到20倍”。#特朗普已停用羟氯喹#L青蜂侠Bee的秒拍视频,,,,"特朗普自夸应对疫情又快又好,美国新冠病毒感染病例超167万,特朗普已停用羟氯喹",65,43,82,2020-05-27 08:25,大兵简评超话,,"http://miaopai.video.weibocdn.com/7XSN5ryolx07DAtFsIdW010412009cbO0E013.mp4?label=mp4_ld&template=640x360.25.0&trans_finger=40a32e8439c5409a63ccf853562a60ef&Expires=1592213205&ssig=FGOv8HMGMp&KID=unistore,video",
4509403027645167,J3WCaw4R9,7452452972,繁花落尽显清秋-惧,转发微博,,,,,0,0,0,2020-05-28 03:48,Android客户端,,,4509110358236973
4507081485675161,J2YdKnOmR,1829993987,毛小星Ryan,在吗？我这里有10000元礼盒送给你，麻烦给一下地址？【关注+转发】，抽6个锦鲤瓜分万元礼盒！1⃣️Darphin朵梵礼盒，总价值2859元包含（朵梵橙花亮妍精油露，银钻眼霜，甜橙芳香精露，鲜活水嫩保湿凝霜，洁面膏，小粉瓶精华）2⃣️迪奥化妆包2012年限量款（无价）嘻嘻3⃣️FENTYBEAUTY2019限量版眼影，价值580元4⃣️FAB急救美人礼盒，总价值447元。包含（洁面乳，修护面霜，燕麦面膜）5⃣️Origins悦木之源竹炭蜂蜜清洁面膜价值360元6⃣️Kiehl’s科颜氏男士礼盒，总价值820元。包括（男士洗护二合一，绅士理容定型啫哩，绅士理容塑型发泥，绅士理容塑型发泥，男士香皂）#为湖北助力一夏#5月31号开！@微博抽奖平台L毛小星Ryan的微博视频,,,微博抽奖平台,为湖北助力一夏,10493,4667,19539,2020-05-21 18:03,好物种草 · 视频社区,,"http://f.video.weibocdn.com/003fHt4ugx07DrE01lwX01041201LeNB0E010.mp4?label=mp4_ld&template=640x360.25.0&trans_finger=bdef57f06ae52835a2c783ca389e8517&Expires=1592213205&ssig=d1LG7oxSvU&KID=unistore,video",
4509403006657510,J3WC8rVVc,7459908400,Dontcry别哭啊,中了我捐给特朗普化妆，老特为人类做了太多贡献，都快变成黄脸婆了,,,,,0,0,0,2020-05-28 03:48,Android,,,4507081485675161
4509402991026434,J3WC74j1o,1245474052,风期,特朗普又和推特“干起来了”，5个追问看纷争_手机新浪网O特朗普又和推特“干起来了”，5个追问看纷争,,,,,0,0,0,2020-05-28 03:48,手机新浪网,,,
4509161536099001,J3QkFpACZ,6113692959,新员工入职遭qj,请该公司正面回应问题，不要避重就轻一次次的蜷缩，性侵该公司员工案发当时已经承认，但并不觉得我们说了算？请回应你们公司的团建聚餐文化。以及案发后未进行调查，并且未处罚相应员工的做法是为什么L新员工入职遭qj的微博视频,,深圳,,,34227,4206,85696,2020-05-27 11:49,华为手机 畅享玩不停,,"http://f.video.weibocdn.com/002CdSO9gx07DANC1tOo010412001gXZ0E010.mp4?label=mp4_ld&template=632x360.25.0&trans_finger=40a32e8439c5409a63ccf853562a60ef&Expires=1592213205&ssig=xs5FVp5vd0&KID=unistore,video",
4509402902815719,J3WBYbOuP,5249093493,坐着的桌子_263,//@dora57:这不仅仅是个案，也代表着垃圾职场文化对女性的压迫，甚至是对每一个不愿意却不得不应对这种职场文化酒场文化的人的压迫!希望#深圳艾姆勒#公司可以正视自身问题!@中国妇女报请问职场女性发声!#建议高铁票改签允许两次##诺兰新片炸了真飞机##特朗普推文被推特标记为事实有误信息#,,,"dora57,中国妇女报","建议高铁票改签允许两次,诺兰新片炸了真飞机,特朗普推文被推特标记为事实有误信息",0,0,0,2020-05-28 03:48,iPhone客户端,,,4509161536099001
