﻿id,bid,user_id,用户昵称,微博正文,头条文章url,发布位置,艾特用户,话题,转发数,评论数,点赞数,发布时间,发布工具,微博图片url,微博视频url,retweet_id
4508454586708399,J3xWqs99Z,5669689892,一分为二的科学观点,我提出了问题“丧尽天良的特朗普死忠者居然喊出：新冠病毒没有让更多的黑人死去。黑人高死亡率符合白人种族清洗心里预期？”。O丧尽天良的特朗普死忠者居然喊出：新冠病毒没有让更多的黑人死去。黑人高死亡率符合白人种族清洗心里预期？,,,,,0,0,0,2020-05-25 12:59,微博 weibo.com,,,
4508379148351847,J3vYKz2Hd,2174585797,王冰汝,特朗普被记者灵魂拷问：请说出拜登的一个优点。然而他太“诚实”了，撒个谎都不愿意主持人逼问：就说一个！特朗普：呃…（沉默三秒，别逼我了）主持人放弃：好吧，那缺点是什么？特朗普：太多了，我可以说一天。L王冰汝的微博视频,,,,,845,657,6189,2020-05-25 08:00,,,"http://f.video.weibocdn.com/SPpGCtlzlx07Dxm6SJN6010412003g3W0E010.mp4?label=mp4_ld&template=640x360.25.0&trans_finger=40a32e8439c5409a63ccf853562a60ef&Expires=1592212952&ssig=EDjsZ6%2BkxD&KID=unistore,video",
4508454544237047,J3xWmhMft,7136975118,四夕-立木斤,转发微博,,,,,0,0,0,2020-05-25 12:59,荣耀 9X PRO,,,4508379148351847
4508449574450459,J3xOliFLB,1974561081,网易财经,#特朗普谈拜登优点#特朗普被记者灵魂拷问：请说出拜登的一个优点。然而他太“诚实”了，撒个谎都不愿意主持人逼问：就说一个！特朗普：呃…（沉默三秒，别逼我了）主持人放弃：好吧，那缺点是什么？特朗普：太多了，我可以说一天。L王冰汝的微博视频,,,,特朗普谈拜登优点,17,18,37,2020-05-25 12:40,微博 weibo.com,,"http://f.video.weibocdn.com/SPpGCtlzlx07Dxm6SJN6010412003g3W0E010.mp4?label=mp4_ld&template=640x360.25.0&trans_finger=40a32e8439c5409a63ccf853562a60ef&Expires=1592212952&ssig=EDjsZ6%2BkxD&KID=unistore,video",
4508454536484180,J3xWlrcPy,6197536190,thony0000001,哈哈哈哈,,,,,0,0,0,2020-05-25 12:59,小米9,,,4508449574450459
4508425076063740,J3xaPprsg,1887344341,观察者网,主持人：说一个拜登的优点特朗普：我本来···但是···主持人：就说一个！特朗普：呃···（沉默三秒，摇了摇头）主持人放弃：好吧缺点呢特朗普：那太多了，我能说一天呢！L微丢的微博视频,,,,,404,502,5133,2020-05-25 11:02,微博 weibo.com,,"http://f.video.weibocdn.com/003FldAvgx07DxxPF1Mb010412003K2W0E010.mp4?label=mp4_ld&template=640x360.25.0&trans_finger=40a32e8439c5409a63ccf853562a60ef&Expires=1592212952&ssig=obKQTvaUjv&KID=unistore,video",
4508454527667494,J3xWkwaFg,3300297645,Hulk2002,转发微博,,,,,0,0,0,2020-05-25 12:59,HUAWEI Mate 30 5G,,,4508425076063740
4508454524743225,J3xWkjTVD,5020304486,哦可多多,哈哈哈哈//@你说我叫啥吧害:🙌没有人👐比我👌更懂☝拜登的缺点,,,你说我叫啥吧害,,0,2,2,2020-05-25 12:59,nova5Pro人像超级夜景,,,4508425076063740
4508452213349636,J3xSBe3oo,5370547595,义勇军--鬼谷子,解读特朗普六招对付中国全失灵，只剩下打“台🐸牌”了LM宽敞de又菱的优酷视频,,,,,13,9,43,2020-05-25 12:50,优酷土豆,,http://type=feedvideo&objectid=1007002:4508452207394842&keys=4508452209558091&cover_img=https://vthumb.ykimg.com/054101015ECAA51E8E182E9C48B74B4D&card_height=231&card_width=412&play_count=11987&short_url=http://t.cn/A62tPh1n&encode_mode=&bitrate=277&biz_id=231193&current_mid=0&key=tblog_card&title=M宽敞de又菱的优酷视频&full_url=https://v.youku.com/v_show/id_XNDY4NTE0NzE5Ng==.html&object_id=1007002:4508452207394842&video_src=https://api.youku.com/videos/player/file?data=WcEl5oEuWdTROVEUwTnpFNU5nPT18MHwwfDEwMDUwfDAO0O0O,
4508454515441029,J3xWjmPsx,5922858445,小草到大树,转发微博,,,,,0,0,0,2020-05-25 12:59,微博 weibo.com,,,4508452213349636
4508454490817941,J3xWh3qMB,5917153525,龙飞0468,确实不应该招惹特朗普，他疯起来连自己都咬#跟新浪看热点#O别去招惹打高尔夫的特朗普,,,,跟新浪看热点,0,0,0,2020-05-25 12:59,新浪新闻客户端,,,
4508454486255583,J3xWgqfmv,3714420514,股市狼头哥,这种行情买啥都不好使，或许真的只有死抱白酒和食品的赚钱，防御板块黄金军工农业都是大跌，以前特朗普搞事直接去防御就可赚钱，现在不灵了；,,,,,1,8,58,2020-05-25 12:59,微博 weibo.com,['http://ww1.sinaimg.cn/large/dd658f22ly1gf4lygb7ptj20h40e6wfx.jpg'],,
4508454461630105,J3xWe6Q41,6581805293,凌乱特没谱,笑死了😂看到一个美国人发的mydearleader#特朗普崩溃了#,,,,特朗普崩溃了,0,0,0,2020-05-25 12:59,iPhone客户端,"['http://ww1.sinaimg.cn/large/007bqAdTly1gf4lxw195ij30n00tctcz.jpg', 'http://ww1.sinaimg.cn/large/007bqAdTly1gf4lxvtminj30oc0zktc7.jpg']",,
4508425587353479,J3xbEuQYv,1893801487,微天下,【#总统顾问称特朗普每天工作16-18小时#网友：在推特上？】当地时间24日，美总统国家安全事务助理罗伯特·奥布莱恩在接受媒体采访时称，特朗普服用羟氯喹是在做正确的事情。奥布莱恩还大力吹捧特朗普，称他每天工作16-18小时，比任何人都精力充沛，然而视频发出后却引发网友们的质疑。L海客新闻的微博视频@海客新闻,,,海客新闻,总统顾问称特朗普每天工作16-18小时,57,42,96,2020-05-25 11:04,专业版微博,,"http://f.video.weibocdn.com/iroCMYwnlx07DxwPhAtO0104120086Kk0E010.mp4?label=mp4_ld&template=640x360.25.0&trans_finger=40a32e8439c5409a63ccf853562a60ef&Expires=1592212952&ssig=5uVgE7Rq%2FY&KID=unistore,video",
4508454461018720,J3xWe4h0Y,2037929387,ZHY0518,//@青蜂队长:#总统顾问称特朗普每天工作16-18小时#网友：在推特上？,,,青蜂队长,总统顾问称特朗普每天工作16-18小时,0,0,0,2020-05-25 12:59,柔光自拍vivo X7,,,4508425587353479
4508446207143793,J3xIUtYqt,1647486362,上帝之鹰_5zn,床破：“我觉得普京喜欢我，但他肯定不想让我赢得选举。”L微丢的微博视频,,,,,31,240,1558,2020-05-25 12:26,微博 weibo.com,,"http://f.video.weibocdn.com/0012ki2lgx07Dxsi8wnR010412003aYS0E010.mp4?label=mp4_ld&template=640x360.25.0&trans_finger=40a32e8439c5409a63ccf853562a60ef&Expires=1592212952&ssig=BKwAbuaz5x&KID=unistore,video",
4508454435769860,J3xWbod0g,6597970219,去你妈的大鸭子,没事，中国人民永远是你背后的后盾，中国人民支持你连任。,,,,,0,0,0,2020-05-25 12:59,华为手机 畅享玩不停,,,4508446207143793
4508452582686428,J3xTcbgRu,1885817875,我的马拉松投资天路之旅,让美国🇺🇸再次伟大的难度太大了L微丢的微博视频,,,,,1,1,1,2020-05-25 12:52,荣耀 9X,,"http://f.video.weibocdn.com/003FldAvgx07DxxPF1Mb010412003K2W0E010.mp4?label=mp4_ld&template=640x360.25.0&trans_finger=40a32e8439c5409a63ccf853562a60ef&Expires=1592212952&ssig=obKQTvaUjv&KID=unistore,video",
4508454435773655,J3xWbodZt,1902790827,Bin-Ben-Bang,让他想一个拜登的优点，表情比较搞笑。,,,,,0,0,0,2020-05-25 12:59,微博搜索,,,4508452582686428
4508409628893867,J3wLUBjHt,1887344341,观察者网,【哥大批美政府反应迟缓致数万人“冤死”，特朗普：自由派！】美国哥伦比亚大学的一份报告指出，如果美国能够提前一周采取措施，就可能减少3.6万人死亡。特朗普回应此事称，发布这份报告的机构“可耻”，“哥大是一个自由派的、可耻的机构，才会写出这样的话。”特朗普又再次谈及1月对中国的旅行禁令，称当时受到了“前所未见的巨大压力”。L微丢的微博视频,,,,,291,359,3017,2020-05-25 10:01,微博 weibo.com,,"http://f.video.weibocdn.com/002TyaQ7gx07DxtYiY360104120061Yn0E010.mp4?label=mp4_ld&template=640x360.25.0&trans_finger=40a32e8439c5409a63ccf853562a60ef&Expires=1592212952&ssig=f08FRksKoA&KID=unistore,video",
4508454423528928,J3xWaeO2c,1855683703,全是赚的1986,丫这俩月真显老了,,,,,0,0,0,2020-05-25 12:59,荣耀9 美得有声有色,,,4508409628893867
4508454414735998,J3xW9jS34,3580005417,王见土曾,《特朗普打高尔夫拜登炮轰：死了快10万人了！你还有闲心思打球？》特朗普打高尔夫拜登炮轰：死了快10万人了！你还有闲心思打球？O网页链接,,,,,0,0,0,2020-05-25 12:59,百度App,['http://ww2.sinaimg.cn/large/d5628c29ly1gf4ly68hyrj20ic0aagmk.jpg'],,
4508454411153247,J3xW94Q0L,7254907791,神願R_,美国人的智商与体型是画等号的越肥的肥仔都是白痴瘦子才有脑子的所以特朗普的智商可想而知,,,,,0,0,0,2020-05-25 12:59,微博国际版,,,
4508435729427830,J3xs0DyBM,6485617783,观察者网新媒体,【特朗普被记者灵魂拷问：说出拜登的一个优点】#特朗普谈拜登优点#主持人：说一个拜登的优点特朗普：我本来···但是···主持人：就说一个！特朗普：呃···（沉默三秒，摇了摇头）主持人放弃：好吧缺点呢特朗普：那太多了，我能说一天呢！L微丢的微博视频,,,,特朗普谈拜登优点,27,23,51,2020-05-25 11:45,微博 weibo.com,,"http://f.video.weibocdn.com/003FldAvgx07DxxPF1Mb010412003K2W0E010.mp4?label=mp4_ld&template=640x360.25.0&trans_finger=40a32e8439c5409a63ccf853562a60ef&Expires=1592212952&ssig=obKQTvaUjv&KID=unistore,video",
4508454411148348,J3xW94OJK,1459694013,東方國民委員長,//@啮花熊:特朗普：聊这个我可就不困了啊//@Chengtu小喵:哈哈哈哈哈,,,"啮花熊,Chengtu小喵",,0,0,0,2020-05-25 12:59,iPhone客户端,,,4508435729427830
4508454410904308,J3xW93NfC,2054474073,绿色微尘2008,,,,,,0,0,0,2020-05-25 12:59,荣耀 9X,,,4508425076063740
4508029377112835,J3mSBtQn9,1665808371,平民王小石,【生化危机5：精心策划一个末日天启，为了削减地球人口】王小石的石,,,,,138,20,243,2020-05-24 08:50,王小石的石超话,['http://ww2.sinaimg.cn/large/634a37f3gy1gf2u6j4zjsj20eo0kkdjd.jpg'],,
4508454305210675,J3xVYlRx9,5938146609,aIan8616,难怪他妈说他白痴。想反精英，却被“精英”愚弄//@alan8616:转基因源自美国。只能是实验室总统才能“完全掌控”。先攻击美国，后攻击欧亚，人类遭殃。美国军用商用科邪家，骗取经费军费，也破坏自己的国家安全。反转一刀切，从来不承认转基因所谓的科学性。科莫会见特朗普后(无记者在场),,,alan8616,,2,0,0,2020-05-25 12:58,,,,4508029377112835
4508454293236382,J3xVXdzVI,2203413637,我是常箐,他知道他有多招人厌恶啊——【澎湃视频：特朗普：普京喜欢我，但不希望我赢得连任】(分享自@澎湃新闻)#我读澎湃#O特朗普：普京喜欢我，但不希望我赢得连任,,,澎湃新闻,我读澎湃,0,0,1,2020-05-25 12:58,澎湃新闻,,,
4508406495149517,J3wGRlBCJ,1974576991,环球时报,【真香！特朗普曾抨击前任不顾疫情打高尔夫：上任后我就成了你】当地时间5月23日，美国新冠肺炎死亡人数接近十万，特朗普却被拍到在弗吉尼亚州一高尔夫球场愉快打球。然而在2014年美国出现埃博拉疫情时，特朗普曾攻击过时任总统奥巴马“不顾疫情，去打高尔夫球“。并多次公开宣称，“奥巴马不够称职，自己若当上总统会沉迷工作，顾不上打高尔夫球”。据外媒统计，5月23日是特朗普自2017年就任以来第265次前往自家的高尔夫俱乐部。（《环球时报》三缺二视频组）@这视频L这视频的秒拍视频,,,这视频,,557,576,4052,2020-05-25 09:48,微博 weibo.com,,"http://miaopai.video.weibocdn.com/2BnbJmwzlx07Dxq5g9Py010412009mvN0E013.mp4?label=mp4_ld&template=640x360.25.0&trans_finger=40a32e8439c5409a63ccf853562a60ef&Expires=1592212962&ssig=8frQdmqa1P&KID=unistore,video",
4508439441135494,J3xy04Loq,1087994763,范国才,,,,,,0,0,0,2020-05-25 11:59,搜狗高速浏览器,,,4508406495149517
4508439425316771,J3xxYmj8n,1394852621,快乐皮杰,转发微博,,,,,0,0,0,2020-05-25 11:59,iPhone客户端,,,4508425076063740
4508439415854004,J3xxXoyTq,3300492445,平星奇奇摇卷子wolfaiu,转发微博,,,,,0,0,0,2020-05-25 11:59,MondayiPhone 8（深空灰色）,,,4508425587353479
4508432747810479,J3xncwLRt,6733313882,李元芳星球,5月24日在纽约，美示威者将尸体袋摆到了特朗普酒店，并拉起横额，特朗普撒谎人们会死！示威者表示：当美国需要领导的时候，我们得到的是谎言、疏忽和“我根本不承担责任”。#美国疫情#L李元芳星球的微博视频,,,,美国疫情,10,5,52,2020-05-25 11:33,微博视频,,"http://f.video.weibocdn.com/e5NKDbfIlx07DxAJHHby010412002LEW0E010.mp4?label=mp4_ld&template=640x360.25.0&trans_finger=40a32e8439c5409a63ccf853562a60ef&Expires=1592212962&ssig=yGvz%2F3I68n&KID=unistore,video",
4508439387179994,J3xxUu7Qm,7320885493,宝贝妮儿妮儿,转发微博,,,,,0,0,1,2020-05-25 11:59,HUAWEI Mate 10 Pro,,,4508432747810479
4508439378540201,J3xxTzPHb,7209866866,焦点微记录,#特朗普谈拜登优点#特朗普被记者灵魂拷问：请说出拜登的一个优点。然而他太“诚实”了，撒个谎都不愿意主持人逼问：就说一个！特朗普：呃…（沉默三秒，别逼我了）主持人放弃：好吧，那缺点是什么？特朗普：太多了，我可以说一天。#总统顾问称特朗普每天工作16-18小时#祖国反黑站L焦点微记录的微博视频,,,,"特朗普谈拜登优点,总统顾问称特朗普每天工作16-18小时",1,2,6,2020-05-25 11:59,iPhone 8 Plus,,"http://f.video.weibocdn.com/xUTd3mGQlx07DxCxVtoQ01041200388K0E010.mp4?label=mp4_ld&template=636x360.25.0&trans_finger=40a32e8439c5409a63ccf853562a60ef&Expires=1592212962&ssig=o%2FlDEAxlay&KID=unistore,video",
4508437243302052,J3xusdR0U,1050896727,肖锋,假如特朗普给你打电话你会怎么说？任正非：他一个搞房地产的，我这个搞技术的，有什么好谈的嘛。L肖锋的微博视频,,,,,28,31,70,2020-05-25 11:51,微博 weibo.com,,"http://f.video.weibocdn.com/ZT08HHXKlx07DwWfZazC01041200dPHd0E010.mp4?label=mp4_ld&template=624x360.25.0&trans_finger=40a32e8439c5409a63ccf853562a60ef&Expires=1592212962&ssig=pwKNW9WmAC&KID=unistore,video",
4508439336978533,J3xxPthqZ,7447486799,现龙在田20201314,委婉的说了不想接特朗普电话,,,,,0,0,0,2020-05-25 11:59,HUAWEI Mate30 Pro 5G,,,4508437243302052
4508404896446092,J3wEhr2Ve,1499104401,新浪军事,【特朗普：普京喜欢我但他不希望我胜选连任】24日，特朗普在新闻节目《FullMeasure》采访中说，“我（当选总统）对俄罗斯来说是最糟糕不过的事，我和普京相处得不错，我觉得他挺喜欢我的，不过我敢肯定他不想让我赢得选举。”特朗普当选美国总统以来不断陷入“通俄门”风波。对此，特朗普曾表示，“从来没有人像他一样对俄罗斯采取如此强硬态度。”L微丢的微博视频@微丢,,,微丢,,32,84,186,2020-05-25 09:42,微博 weibo.com,,"http://f.video.weibocdn.com/0012ki2lgx07Dxsi8wnR010412003aYS0E010.mp4?label=mp4_ld&template=640x360.25.0&trans_finger=40a32e8439c5409a63ccf853562a60ef&Expires=1592212962&ssig=ZuvBesKn3k&KID=unistore,video",
4508439277791311,J3xxJwGSj,2706324623,化学佬唐,我真心希望特朗普再次当选！！！,,,,,0,0,1,2020-05-25 11:59,微博 weibo.com,,,4508404896446092
4508439214922177,J3xxDkEtX,7404180918,人间正道9521,转发微博,,,,,0,1,0,2020-05-25 11:58,vivo Y81系列,,,4508379148351847
4508399603446698,J3wvKesDU,5044281310,澎湃新闻,#特朗普称普京不希望他连任#【特朗普：普京喜欢我，但不希望我赢得连任】5月24日，美国新闻节目《FullMeasure》播出总统特朗普采访视频。特朗普在采访中谈到普京“喜欢自己”，但认为对方不希望自己在2020年大选中赢得连任。（视频来源FullMeasure）O特朗普：普京喜欢我，但不希望我赢得连任L澎湃新闻的微博视频,,,,特朗普称普京不希望他连任,581,833,4799,2020-05-25 09:21,360安全浏览器,,"http://f.video.weibocdn.com/001J0MS7gx07DxrCqe36010412004CEP0E010.mp4?label=mp4_ld&template=640x360.25.0&trans_finger=bdef57f06ae52835a2c783ca389e8517&Expires=1592212962&ssig=Qusa%2F5mPam&KID=unistore,video",
4508439193103116,J3xxBd1gg,6219398689,江苏省盐城市东台,转发微博,,,,,0,0,0,2020-05-25 11:58,iPhone客户端,,,4508399603446698
4508439189153407,J3xxACpdB,3067251055,谁把朕的药换成钙片不让朕萌萌哒,转发微博,,,,,0,0,0,2020-05-25 11:58,,,,4508425076063740
4508415596494274,J3wVxrfsm,1847123567,香港商報網,【被记者要求说出拜登优点特朗普当场沉默不回答】5月24日，特朗普接受记者专访，记者突然提问：立刻说出拜登一个优点。特朗普当场沉默了8秒，不停抿嘴摇头，发出叹息，气氛瞬间凝固。这时记者立刻换了个话题：说出拜登的缺点。特朗普立刻开口，“滔滔不绝地”讲了5分钟。L海客新闻的秒拍视频,,,,,19,25,53,2020-05-25 10:25,微博 weibo.com,,"http://miaopai.video.weibocdn.com/tkV6vFGElx07DxsLr7o4010412004iVf0E013.mp4?label=mp4_ld&template=640x360.25.0&trans_finger=40a32e8439c5409a63ccf853562a60ef&Expires=1592212962&ssig=kARWZMh47P&KID=unistore,video",
4508439177316599,J3xxzuHnF,5594529901,大大圆猫,奇葩,,,,,0,0,0,2020-05-25 11:58,iPhone客户端,,,4508415596494274
4508439105784541,J3xxsogP3,1707450894,中国贸易报,【#总统顾问称特朗普每天工作16-18小时#网友：在推特上？】当地时间24日，美总统国家安全事务助理罗伯特·奥布莱恩在接受媒体采访时称，特朗普服用羟氯喹是在做正确的事情。奥布莱恩还大力吹捧特朗普，称他每天工作16-18小时，比任何人都精力充沛，然而视频发出后却引发网友们的质疑。L海客新闻的微博视频@海客新闻,,,海客新闻,总统顾问称特朗普每天工作16-18小时,0,0,0,2020-05-25 11:58,iPad mini,,"http://f.video.weibocdn.com/iroCMYwnlx07DxwPhAtO0104120086Kk0E010.mp4?label=mp4_ld&template=640x360.25.0&trans_finger=40a32e8439c5409a63ccf853562a60ef&Expires=1592212962&ssig=QGrW37JH3P&KID=unistore,video",
4508439096850475,J3xxrsK7x,6581700121,用户6581700121,转发微博,,,,,0,0,0,2020-05-25 11:58,HUAWEI Mate 10,,,4508406495149517
4508424907819064,J3xaywO5W,1656831930,环球资讯广播,【特朗普曾抨击前任不顾疫情打高尔夫：上任后我就成了你】当地时间5月23日，美国新冠肺炎死亡人数接近十万，特朗普却被拍到在弗吉尼亚州一高尔夫球场愉快打球。然而在2014年美国出现埃博拉疫情时，特朗普曾攻击过时任总统奥巴马“不顾疫情，去打高尔夫球“。并多次公开宣称，“奥巴马不够称职，自己若当上总统会沉迷工作，顾不上打高尔夫球”。L环球资讯广播的微博视频,,,,,6,10,28,2020-05-25 11:02,微博 weibo.com,,"http://f.video.weibocdn.com/A6zbflsPlx07DxwRY1Ek01041200arUj0E010.mp4?label=mp4_ld&template=640x360.25.0&trans_finger=40a32e8439c5409a63ccf853562a60ef&Expires=1592212962&ssig=qeBQOUqOiH&KID=unistore,video",
4508439089553686,J3xxqE5lI,5662205122,Kant_Schopenhauer,天道好轮回，苍天绕过谁？！,,,,,0,0,0,2020-05-25 11:58,iPhone,,,4508424907819064
4508439088435994,J3xxqzoAq,6442340375,_阿根廷还流泪不,//@啮花熊:特朗普：聊这个我可就不困了啊//@Chengtu小喵:哈哈哈哈哈,,,"啮花熊,Chengtu小喵",,0,0,0,2020-05-25 11:58,微博国际版,,,4508435729427830
4508439067402897,J3xxov3Pz,1188679701,迭戈稳当当,//@一个院长的思考:美国选举政治，已经沦为小孩子过家家。,,,一个院长的思考,,0,0,0,2020-05-25 11:58,微博 weibo.com,,,4508379148351847
4508396605215674,J3wqUlSPM,2150758415,孤烟暮蝉,床总：普京喜欢我，但是我认为他不想我再次当选L孤烟暮蝉的微博视频,,,,,58,206,1837,2020-05-25 09:09,HUAWEI Mate 20 Pro,,"http://f.video.weibocdn.com/000EQydbgx07DxqScnX9010412000Xh60E010.mp4?label=mp4_ld&template=640x360.25.0&trans_finger=40a32e8439c5409a63ccf853562a60ef&Expires=1592212975&ssig=uy0e%2FTyywV&KID=unistore,video",
4508424383689727,J3x9IftRJ,5559891025,一只股票波浪宽,信口胡诌的垃圾人渣，美帝不衰败都难。//@侯宁:普京内心：滚NMDD//@王佳忠:美国实行独裁制，从特朗普开始！//@郭洪钧:这老东西咋啥都懂啊！,,,"侯宁,王佳忠,郭洪钧",,0,0,0,2020-05-25 10:59,微博 weibo.com,,,4508396605215674
4508424358102024,J3x9FxZHO,7326107483,柳佳衣,太滑稽了。无论香港台湾人多么跪舔美国。原来美国根本不把港台人当人。美国篷佩奥前天跑到以色列，要求以色列停止李嘉城对以色列淡水厂的投资。美国特朗普即将召见英国首相，要求英国不但停止华为5G，还要求英国停止所有李嘉诚的投资，因为李长着一张中国脸。,,,,,32,30,285,2020-05-25 10:59,,,,
4508424346472686,J3x9Er9Qa,6759456454,向上199902,名词新解：特朗普：意指神经病、流氓；蓬佩奧：意指流氓、不要脸。,,郑州,,,0,0,0,2020-05-25 10:59,HUAWEI P10 Plus,,,
4508193130925546,J3r8J3SMa,2656274875,央视新闻,【#近10万人死亡特朗普却在打高尔夫#】截至美国东部时间23日18时32分（北京时间24日6时32分），美国新冠肺炎确诊病例超162万例，死亡病例达96983例。但在这种情况下，美国总统特朗普却在打高尔夫球……L央视新闻的微博视频,,,,近10万人死亡特朗普却在打高尔夫,681,1288,6954,2020-05-24 19:41,微博云剪,,"http://f.video.weibocdn.com/Xtls0G6Olx07DwxlHc4M0104120029y60E010.mp4?label=mp4_ld&template=360x640.24.0&trans_finger=81b11b8c5ffb62d33ceb3244bdd17e7b&Expires=1592212975&ssig=zSGW%2Fz3PrL&KID=unistore,video",
4508424346144592,J3x9EpMuk,7170996492,村花的汉纸,天天嘲笑特朗普他救活了美股击垮了中概股理性看待啊！//@wu2198:没有人比他更了解病毒！,,,wu2198,,0,0,0,2020-05-25 10:59,iPhone客户端,,,4508193130925546
4508049169230218,J3nowCJcu,2596119483,微丢,【死亡数逼近10万特朗普跑自家高尔夫球场打球去了】#特朗普郊游打高尔夫#5月23日，特朗普造访位于弗吉尼亚州的自家高尔夫俱乐部打球，这是他自3月8日以来首次外出打高尔夫。鉴于目前美国确诊人数已超162万，死亡数近十万，特朗普的此次高尔夫之行再次引发外界质疑。据统计，自特朗普上任以来，共到访自家高尔夫球场打球265次，耗费纳税人约1.34亿美元。颇为讽刺的是，特朗普在竞选总统时曾承诺将“不会有时间去打球”，并多次攻击奥巴马打球过于频繁。#美国新冠病毒感染病例超过161万例#L微丢的微博视频,,,,"特朗普郊游打高尔夫,美国新冠病毒感染病例超过161万例",53,85,571,2020-05-24 10:09,微博视频,,"http://f.video.weibocdn.com/0041oKCOgx07DvU3Y6WY01041200cYeP0E010.mp4?label=mp4_ld&template=640x360.25.0&trans_finger=40a32e8439c5409a63ccf853562a60ef&Expires=1592212975&ssig=XuLC6uu9XK&KID=unistore,video",
4508424286518124,J3x9yrlF2,5742664602,孤骜-,高尔夫可以提高免疫力美国人民都来我这里打高尔夫就可以战胜疫情没人比我更懂新冠肺炎了,,,,,0,0,0,2020-05-25 10:59,HUAWEI Mate 20,,,4508049169230218
4508424249384803,J3x9uDnpN,6053278987,武汉加油爱橄榄绿,#美国疫情#川建国同志与女记者150秒完整版：我救了几万、甚至几十万人，你们整个电视台的新闻都是假的！#特朗普崩溃了##特朗普这回说漏嘴了#L武汉加油爱橄榄绿的微博视频,,,,"美国疫情,特朗普崩溃了,特朗普这回说漏嘴了",1,2,6,2020-05-25 10:59,小米MIX 3 滑盖全面屏,,"http://f.video.weibocdn.com/001BGkkzgx07DxypYLYr01041200i9LN0E010.mp4?label=mp4_ld&template=640x360.25.0&trans_finger=40a32e8439c5409a63ccf853562a60ef&Expires=1592212975&ssig=9VWC%2BVZa8h&KID=unistore,video",
4508424212472728,J3x9rangI,2011178754,山乡牧人,特朗普为什么走火入魔说中国，美媒真相了！O特朗普为什么走火入魔说中国，美媒真相了！,,,,,0,0,0,2020-05-25 10:59,分享按钮,,,
4508424207931222,J3x9qxhgW,3135034652,渴不渴以再,,,,,,0,0,0,2020-05-25 10:59,Android,,,4508379148351847
4507694206522661,J3ea0rmQd,1893801487,微天下,【拜登：如果选特朗普而不选我，那你就不是黑人】#拜登黑人#5月22日，美国民主党总统候选人、前副总统乔•拜登接受黑人电台《早餐俱乐部》采访。快结束之际，拜登突然发表言论称“如果连选我还是选特朗普都不知道，那你就不是黑人了”，并将自己的政绩大肆吹嘘了一番。其言论引发巨大争议后，他道歉称“不应该如此狂妄自大”、“不应该如此漫不经心”、“没人应该因种族、宗教或背景而投票给某个党派”。L微丢的微博视频@微丢,,,微丢,拜登 黑人,72,110,629,2020-05-23 10:38,专业版微博,,"http://f.video.weibocdn.com/004ij1S8gx07DujcvWa4010412005VWg0E010.mp4?label=mp4_ld&template=360x640.24.0&trans_finger=81b11b8c5ffb62d33ceb3244bdd17e7b&Expires=1592212975&ssig=ZY6lBb6QAF&KID=unistore,video",
4508424206916610,J3x9qt1ke,5818107455,大魔王20508,//@重工组长于彦舒:所以基本上就是“两坨屎，尽量选一坨没那么臭的”//@小浪:,,,"重工组长于彦舒,小浪",,0,0,0,2020-05-25 10:59,小米MIX2S 全面屏,,,4507694206522661
4508424186235621,J3x9oqaax,5619942334,弄小云,转发微博,,,,,0,0,0,2020-05-25 10:59,iPhone客户端,,,4508379148351847
4508424182371376,J3x9o9WU0,2009917280,市南团区委,Youarefired！那些年，特朗普开除的人……（人民日报客户端）,,,,,0,0,0,2020-05-25 10:59,皮皮时光机,['http://ww1.sinaimg.cn/large/eaaf2affly1gf0whlkuqyj20goas9npd.jpg'],,
4508424178378260,J3x9nz9ze,2639278851,悄悄围观,跟特朗普真是一对活宝，巴西总统人堆里不戴口罩吃热狗，期间多次用手摸脸擦嘴。5月23日，巴西总统博索纳罗离开总统府，前往当地一热狗摊。随后他摘下口罩吃热狗、喝可乐，期间还多次用手摸脸擦嘴。截至5月24日，巴西确诊人数成全球第二，当日人群中传来敲锅抗议声，还有人痛斥总统为“凶手”。L悄悄围观的微博视频,,,,,15,26,72,2020-05-25 10:59,微博会员限量版,,"http://f.video.weibocdn.com/002vF3crgx07DxyoJogT01041200bflv0E010.mp4?label=mp4_ld&template=636x360.25.0&trans_finger=40a32e8439c5409a63ccf853562a60ef&Expires=1592212975&ssig=BM8FxMHclz&KID=unistore,video",
4507545740019171,J3aiy04Zd,3007479053,世界爆笑视频,金一南少将谈：特朗普为何全力打压华为，不听不知道，厉害了华为。#魔性##乐趣#L世界爆笑视频的微博视频,,,,"魔性,乐趣",256,24,171,2020-05-23 00:48,微博视频,,"http://f.video.weibocdn.com/qa8eR6sFlx07DtGGunRm01041200nsnj0E010.mp4?label=mp4_ld&template=682x360.25.0&trans_finger=40a32e8439c5409a63ccf853562a60ef&Expires=1592212975&ssig=IvQZpePXxz&KID=unistore,video",
4508424169956590,J3x9mFMaa,7454040218,That_Vsdc,转发微博,,,,,0,0,0,2020-05-25 10:59,Android客户端,,,4507545740019171
4508424161537510,J3x9m6rYy,3120156802,小莺声燕语,特朗普让美国人死了10万，自己还高兴，该死的总统,,,,,0,0,1,2020-05-25 10:59,微博 weibo.com,['http://ww1.sinaimg.cn/large/b9f9d082gy1gf4iejfcelj20hs0daq89.jpg'],,
4508424128278727,J3x9iyJFR,6637699471,无与伦比·鸦,面色苍白，口唇暗紫，看了是试药起作用了,,,,,0,0,0,2020-05-25 10:58,小米8 SE,,,4508409628893867
4508424052667936,J3x9bbc3e,1891711061,传媒李明,#美国疫情#【真香！特朗普曾抨击前任不顾疫情打高尔夫：上任后我就成了你】当地时间5月23日，美国新冠肺炎死亡人数接近十万，特朗普却被拍到在弗吉尼亚州一高尔夫球场愉快打球。然而在2014年美国出现埃博拉疫情时，特朗普曾攻击过时任总统奥巴马“不顾疫情，去打高尔夫球“。并多次公开宣称，“奥巴马不够称职，自己若当上总统会沉迷工作，顾不上打高尔夫球”。据外媒统计，5月23日事特朗普自2017年就任以来第265次前往自家的高尔夫俱乐部。#特朗普打高尔夫引争议##特朗普打高尔夫被骂后开溜##川普总统##L这视频的秒拍视频,,,,"美国疫情,特朗普打高尔夫引争议,特朗普打高尔夫被骂后开溜,川普总统",1,0,1,2020-05-25 10:58,iPhone X,,"http://miaopai.video.weibocdn.com/2BnbJmwzlx07Dxq5g9Py010412009mvN0E013.mp4?label=mp4_ld&template=640x360.25.0&trans_finger=40a32e8439c5409a63ccf853562a60ef&KID=unistore,video&Expires=1592212975&ssig=QgyIeOoA5D&KID=unistore,video",
4508424043236195,J3x9adzSH,5518268662,shooting-stars_l,转发微博,,,,,0,0,0,2020-05-25 10:58,iPhone客户端,,,4508406495149517
4508424010170984,J3x970ItO,2706299373,双流共青团,#美国新冠病毒感染病例超164万例#数百卡车白宫外鸣笛抗议，特朗普：美妙的声音，这是爱的信号！卡车司机：不，并不是！L青年湖南的微博视频,,,,美国新冠病毒感染病例超164万例,0,4,8,2020-05-25 10:58,,,"http://f.video.weibocdn.com/003C7CBJgx07DvK14aoo010412003KSO0E010.mp4?label=mp4_ld&template=360x532.24.0&trans_finger=81b11b8c5ffb62d33ceb3244bdd17e7b&Expires=1592212975&ssig=YZ%2Fe7nELPv&KID=unistore,video",
4508309326321607,J3ua8qwxp,7195001932,段雀鳝,分享图片,,,,,77,19,324,2020-05-25 03:22,iPhone 11 Pro Max,['http://ww2.sinaimg.cn/large/007QVuGgly1gf45aaapumj30m70oejsh.jpg'],,
4508424006029724,J3x96piBC,1899329931,商务英语高级,//@打奥特曼de小怪兽:美国人民排名仅次于道琼斯，在建国同志心中占有重要的位置//@冰下有鱼://@赵脱俗:据美媒统计：新冠肺炎疫情爆发以来，特朗普先后9次放下手头工作去打高尔夫。在他心里，高尔夫球排第一，“没人比我更懂”排第二，中国排第三，美国人民……,,,"打奥特曼de小怪兽,冰下有鱼,赵脱俗",,0,0,0,2020-05-25 10:58,三星 Galaxy S7 Edge,,,4508309326321607
