﻿id,bid,user_id,用户昵称,微博正文,头条文章url,发布位置,艾特用户,话题,转发数,评论数,点赞数,发布时间,发布工具,微博图片url,微博视频url,retweet_id
4502565784399676,J14Kmisyw,7054092602,庄儿里的事儿,【#彭斯新闻秘书确诊新冠肺炎#】美国总统特朗普8日证实，副总统彭斯身边一位名叫“凯蒂”的工作人员新冠病毒检测呈阳性。美国媒体认为，此人就是彭斯的新闻秘书凯蒂·米勒，因为彭斯团队中只有她一人叫凯蒂。凯蒂·米勒最近未与特朗普接触，但她的丈夫史蒂芬·米勒是特朗普的高级助手。（央视记者王逢治）,,,,彭斯新闻秘书确诊新冠肺炎,0,0,0,2020-05-09 06:59,Redmi Note 8四摄,['http://ww3.sinaimg.cn/large/007HofJ8ly1geltndpiprj30qy0jaju0.jpg'],,
4502005994920407,J0QbtkE1p,5897927369,上官荣雲,十年前的中国纪录片，是怎样介绍特朗普的。viaL看鉴地理的微博视频,,,,,1210,59,328,2020-05-07 17:55,iPhone客户端,,"http://f.video.weibocdn.com/DKVI0x6xlx07D3HTspB601041201EAMa0E010.mp4?label=mp4_ld&template=778x360.25.0&trans_finger=40a32e8439c5409a63ccf853562a60ef&Expires=1592211007&ssig=uXy9JVJKgZ&KID=unistore,video",
4502565775531782,J14Klnd4i,1989790453,一堆土和豆,//@洪怀懋:特朗普不服输的精神你要学。原油期货择机再战。//@贰等学生-:@洪怀懋许谓北检察长曾说什么是宣传工作，就是别人很坏，我们很好。//@半介翁:当时印象评价好？,,,"洪怀懋,贰等学生-,半介翁",,0,0,0,2020-05-09 06:59,iPhone客户端,,,4502005994920407
4502565767134219,J14KktVW3,5056754004,方雀_,#三秦分享#【#特朗普或需每天接受新冠病毒检测#】白宫证实，#特朗普一名贴身工作人员确诊#，隶属美国海军现役，协助总统及其家庭处理私人事务，负责总统饮食，有时还陪同总统家庭出行。美国总统特朗普和副总统彭斯已接受病毒检测，结果均为阴性。特朗普今后可能需要每天接受检测。@央视新闻L央视新闻的微博视频Auther:三秦学子,,,央视新闻,"三秦分享,特朗普或需每天接受新冠病毒检测,特朗普一名贴身工作人员确诊",0,0,0,2020-05-09 06:59,平台移动端测试,,"http://f.video.weibocdn.com/ZbO7YTWvlx07D6ytgMOk01041200bG6K0E010.mp4?label=mp4_ld&template=640x360.25.0&trans_finger=40a32e8439c5409a63ccf853562a60ef&Expires=1592211007&ssig=DUSib9teOE&KID=unistore,video",
4502313702123185,J0YbM8UkV,1765373140,福布斯中文网,#特朗普推特发视频宣布美国开放了#【新冠病例迫近130万，特朗普推特发视频：美国要重新开放啦！】7日，美国总统在推特上发布视频，宣布美国开放了。他宣城要让美国经济强势复苏，要迎来一个难以置信的下一年。同日，美国新冠确诊人数已经迫近130万，死亡超过7.5万人。L小央视频的秒拍视频,,,,特朗普推特发视频宣布美国开放了,62,75,94,2020-05-08 14:18,微博 weibo.com,,"http://miaopai.video.weibocdn.com/KOiWyyCUlx07DeR6pKw00104120076eb0E013.mp4?label=mp4_ld&template=640x360.25.0&trans_finger=40a32e8439c5409a63ccf853562a60ef&Expires=1592211007&ssig=NfrE9QwtG6&KID=unistore,video",
4502565720871688,J14Kg3ELu,6499678585,Paynter,转发微博,,,,,0,1,0,2020-05-09 06:59,小米9 王源限量版,,,4502313702123185
4502565704873691,J14KekrRV,1177917961,FM989综合广播欣悦,【#美国副总统彭斯新闻秘书确诊#特朗普：我与她没有接触】美国总统特朗普8日证实，副总统彭斯的新闻秘书凯蒂·米勒确诊感染新冠病毒。特朗普当天在白宫会见国会共和党议员时说，米勒在很长一段时间里检测结果都很好，但8日检测结果突然呈阳性。特朗普说，他与米勒没有接触，但彭斯与米勒有接触。（人民日报）O彭斯新闻秘书确诊感染新冠特朗普：我与她没有接触,,,,美国副总统彭斯新闻秘书确诊,0,0,0,2020-05-09 06:59,HUAWEI Mate 20,['http://ww4.sinaimg.cn/large/46359a09ly1geltn014hej20fa0a6dg6.jpg'],,
4502559635964998,J14Arp1LE,2803301701,人民日报,【#美国新冠病毒感染病例超过128万#】据美国约翰斯·霍普金斯大学疫情实时监测系统统计，截至美东时间5月8日下午5时32分，美国已有新冠病毒感染病例1281246例，其中包括死亡病例76901例。美国新增病例为28335例，新增死亡病例为1454例。8日，#特朗普称新冠最终可致95000美国人死亡#。（郑琪）,,,,"美国新冠病毒感染病例超过128万,特朗普称新冠最终可致95000美国人死亡",857,2616,38493,2020-05-09 06:35,微博 weibo.com,['http://ww2.sinaimg.cn/large/a716fd45gy1gelsxxd1vzj20ob0obk0y.jpg'],,
4502565700674955,J14Ke2PAn,6530712446,拂晓哒哒么,【#美国新冠病毒感染病例超过128万#】据美国约翰斯·霍普金斯大学疫情实时监测系统统计，截至美东时间5月8日下午5时32分，美国已有新冠病毒感染病例1281246例，其中包括死亡病例76901例。美国新增病例为28335例，新增死亡病例为1454例。8日，#特朗普称新冠最终可致95000美国人死亡#。（郑琪）,,,,"美国新冠病毒感染病例超过128万,特朗普称新冠最终可致95000美国人死亡",0,0,0,2020-05-09 06:59,Android,,,4502559635964998
4502412763643457,J10LyfhPr,6414542889,历史故事,#历史故事#【奥巴马支持拜登竞选美国总统】美国前总统奥巴马正式宣布支持拜登竞选美国总统；拜登曾担任奥巴马政府的副总统，在一段近12分钟的视频中，奥巴马表示选择拜登做他的副总统是他“做过的最好的决定之一”，称相信拜登“具备总统所需要的所有品质”。这是奥巴马首度公开表态支持拜登，完整版12分钟发言（中英字幕）发音清晰，语速不快不慢，是一篇上佳的政治英语听力素材！L大弟子Leo的微博视频,,,,历史故事,28,14,31,2020-05-08 20:51,微博 weibo.com,,"http://f.video.weibocdn.com/H9V2ABoLlx07CvZLmwU001041201asOv0E010.mp4?label=mp4_ld&template=640x360.25.0&trans_finger=40a32e8439c5409a63ccf853562a60ef&Expires=1592211007&ssig=KrKo9HL7LZ&KID=unistore,video",
4502565679507971,J14KbDTsn,3983257139,jolene拍世界,//@风湿科聂医生:对比特朗普的发言，显然，奥巴马更多高级词汇，更复杂的语句结构，这可能就是精英与平民的区别吧,,,风湿科聂医生,,0,0,0,2020-05-09 06:59,iPhone,,,4502412763643457
4502565666085382,J14Kapx5k,6377741271,我是男生6377741271,转//#看点快报#《不爱戴口罩的特朗普，现在很紧张！》O网页链接,,,,看点快报,0,0,0,2020-05-09 06:59,iPhone客户端,['http://ww1.sinaimg.cn/large/006XClQHgy1geltmw32sij30nh0h3gnc.jpg'],,
4502563279447084,J14GjDDCk,1618051664,头条新闻,【#美国副总统彭斯助手确诊新冠肺炎#】美国总统特朗普8日证实，副总统彭斯的新闻秘书凯蒂·米勒确诊感染新冠病毒。特朗普当天在白宫会见国会共和党议员时说，米勒在很长一段时间里检测结果都很好，但8日检测结果突然呈阳性。特朗普说，他与米勒没有接触，但彭斯与米勒有接触。（人民日报）,,,,美国副总统彭斯助手确诊新冠肺炎,62,131,506,2020-05-09 06:50,微博 weibo.com,['http://ww3.sinaimg.cn/large/60718250ly1geltcf02gaj20ku0ku496.jpg'],,
4502565662883796,J14Kac6cQ,1467059551,在山门外,特朗普和彭斯快确诊吧，天天看他们撒谎，烦死人了。,,,,,0,0,1,2020-05-09 06:59,HUAWEI P20 Pro,,,4502563279447084
4502565646088111,J14K8pxNl,2120977033,北京便衣反扒-电话13810237160,#凤凰新闻#白宫连续出现两位新冠确诊后，今天所有记者都戴口罩了！但是白宫工作人员仍然没有戴。彭斯和大统领一样，将没有接受新冠测试。特朗普说他可能会进行抗体测试。...O美国主持人：特朗普栽赃中国让我想起伊拉克战争来自@凤凰新闻客户端,,,凤凰新闻客户端,凤凰新闻,1,0,3,2020-05-09 06:59,凤凰新闻,['http://ww4.sinaimg.cn/large/7e6b8a89ly1geltmsqosjj20je0awwfk.jpg'],,
4501010556792887,J0qhVsv8H,6498373231,凤凰王又又,#美国疫情#特朗普3号晚在林肯纪念堂出席福克斯新闻townhall《美国在一起：复工》，第一部分。视频来源福克斯新闻。L凤凰王又又的微博视频,,,,美国疫情,153,55,254,2020-05-05 00:00,微博 weibo.com,,"http://f.video.weibocdn.com/3BtOjjcllx07D0Tb7tri01041203kbvH0E020.mp4?label=mp4_ld&template=640x360.25.0&trans_finger=40a32e8439c5409a63ccf853562a60ef&Expires=1592211007&ssig=p7109dv2vL&KID=unistore,video",
4502565641425128,J14K85YJW,6063635261,为什么在寻找,//@为什么在寻找:转发微博,,,为什么在寻找,,0,0,0,2020-05-09 06:59,荣耀8X,,,4501010556792887
4500804508270669,J0kVAyHzT,6498373231,凤凰王又又,#美国疫情#特朗普在林肯纪念堂出席福克斯新闻townhall，谈及疫苗、重启美国经济等。-特朗普：相信年底会有新冠疫苗若别国赶超脱帽致敬“看起来，开发疫苗从未像现在这样快过。我们远远超过了历史上的任何疫苗的开发速度。如你所知，疫苗开发将需要两、四、五、六年、十年。我我告诉你，到今年年底，我认为我们将会有疫苗。”(MarthaMacCallum：您认为另一个国家能赶超我们吗？”“我要说一句话，真的不像是是我会说的，也不是你们两个会说的。我了解你们，也不是你们两个会说的。我不在乎。我只是想得到一种有效的疫苗。我真的不在乎，如果是另一个国家，我会向他们摘帽致敬。”-特朗普：经济开放节奏将取决于州长但有些州过慢“某些州将不得不花更多的时间来开放，他们正在这样做。坦率地说，我认为有些州的重启速度不够快。我的意思是，有一些州，弗吉尼亚州，他们想封锁到六月中旬，他们还在做很多其他事情，我真的相信，你可以去公园，可以去海滩，如你所知，你可以遏制蔓延，人们可以保持一定的距离。”根据约翰霍普金斯大学数据，美国目前共有1157945确诊，67680死亡，共测试7053366。L凤凰王又又的微博视频,,,,美国疫情,82,129,537,2020-05-04 10:21,微博 weibo.com,,"http://f.video.weibocdn.com/vo3BfFLTlx07D015OoKk01041200amQY0E010.mp4?label=mp4_ld&template=640x360.25.0&trans_finger=40a32e8439c5409a63ccf853562a60ef&Expires=1592211007&ssig=8%2F3KjCU6sE&KID=unistore,video",
4502565625090517,J14K6lmh7,6063635261,为什么在寻找,//@为什么在寻找:转发微博,,,为什么在寻找,,0,0,0,2020-05-09 06:59,荣耀8X,,,4500804508270669
4502565603283637,J14K4dMdT,6221878044,财道盘股,特朗普在记者会上确认，美国副总统彭斯的新闻发言人凯蒂·米勒新冠病毒检测呈阳性。特朗普说：她在很长一段时间里的检测结果都很好，但今天突然间，她的检测结果呈阳性。特朗普也确认自己没有和米勒进行接触，但她经常和彭斯接触。白宫同时也在向记者提供更多的检测。凯蒂·米勒的丈夫在白宫担任高级顾问，凯蒂现年25岁。特朗普的一名贴身人员新冠病毒检测呈阳性后，特朗普和彭斯将每天接受新冠病毒检测。#美国去年7月暴发不明原因呼吸系统疾病##特朗普一名贴身工作人员确诊#L财道盘股的微博视频,,,,"美国去年7月暴发不明原因呼吸系统疾病,特朗普一名贴身工作人员确诊",1,3,2,2020-05-09 06:59,iPhone 11,,"http://f.video.weibocdn.com/H9spjdRjlx07D7LFQMLK010412002cz10E010.mp4?label=mp4_ld&template=360x640.24.0&trans_finger=81b11b8c5ffb62d33ceb3244bdd17e7b&Expires=1592211007&ssig=HrBH25nfnm&KID=unistore,video",
4502565599083659,J14K3C74D,1808752832,亦品仙,连任乃特朗普首要。说特朗普不顾国际社会发展规律连连破坏中美关系，人们相信；但美国人民应清楚中美友好重要性，是会识破特朗普“甩锅”中国的恶毒，不会认同特朗普的。但为何特朗普还会选择恶化中美关系，以争选票图连任呢！？请教诸位。,,南通·海门,,,0,0,0,2020-05-09 06:59,nova5i 2400万AI四摄,,,
4499809614824831,IFSvfkf9R,3553342022,王义桅,【PBS纪录片《美国大分裂：从奥巴马到特朗普》】2020开年史诗大片，通过追溯分析2008-2020这12年间，从奥巴马到特朗普时期的美国两党政斗，揭示出走到如今这一步的必然性。全片分上下两集，上集讲述奥巴马的8年任期及特朗普的崛起，下集讲述特朗普如何利用并加深国家的分歧。（译制:水山水山水山）上集：L水山水山水山的微博视频下集：L水山水山水山的微博视频,,北京,,,2461,118,1014,2020-05-01 16:27,HUAWEI Mate 10 Pro,,"http://f.video.weibocdn.com/000W6rzElx07AFhdAm8U0104120fJa7C0E060.mp4?label=mp4_ld&template=640x360.25.0&trans_finger=bdef57f06ae52835a2c783ca389e8517&Expires=1592211007&ssig=b4qYLNcaa%2B&KID=unistore,video",
4502565599715574,J14K3ELsO,1963120061,多功能选装包,//@一玶海岸:好看，mark//@来去之间://@老蘇老了://@caozenghui:mk,,,"一玶海岸,来去之间,老蘇老了,caozenghui",,0,0,2,2020-05-09 06:59,HUAWEI P20,,,4499809614824831
4502565595237206,J14K3lYr4,5137261048,中国侨网,【#美国副总统彭斯助手确诊新冠肺炎#】据美媒CNBC报道，美国政府一名高级官员称，美国副总统彭斯的一名助手新冠病毒检测结果呈阳性，彭斯当地时间8日前往艾奥瓦州的行程被推迟近一个小时。就在前一天，美国总统特朗普的一名贴身工作人员新冠病毒检测呈阳性。（海外网）,,,,美国副总统彭斯助手确诊新冠肺炎,2,0,1,2020-05-09 06:59,iPhone 11,['http://ww4.sinaimg.cn/large/005BFqhaly1geltmkylxoj30pu0h840l.jpg'],,
4502565586302990,J14K2qrH8,2309482513,大连新闻网,【#美国新冠病毒感染病例超过128万#】据美国约翰斯·霍普金斯大学疫情实时监测系统统计，截至美东时间5月8日下午5时32分，美国已有新冠病毒感染病例1281246例，其中包括死亡病例76901例。美国新增病例为28335例，新增死亡病例为1454例。8日，#特朗普称新冠最终可致95000美国人死亡#。（郑琪）,,,,"美国新冠病毒感染病例超过128万,特朗普称新冠最终可致95000美国人死亡",0,0,0,2020-05-09 06:59,iPhone客户端,,,
4502290038778687,J0XzBAPJJ,2656274875,央视新闻,【#特朗普或需每天接受新冠病毒检测#】白宫证实，#特朗普一名贴身工作人员确诊#，隶属美国海军现役，协助总统及其家庭处理私人事务，负责总统饮食，有时还陪同总统家庭出行。美国总统特朗普和副总统彭斯已接受病毒检测，结果均为阴性。特朗普今后可能需要每天接受检测。L央视新闻的微博视频,,,,"特朗普或需每天接受新冠病毒检测,特朗普一名贴身工作人员确诊",487,1224,15018,2020-05-08 12:44,微博云剪,,"http://f.video.weibocdn.com/ZbO7YTWvlx07D6ytgMOk01041200bG6K0E010.mp4?label=mp4_ld&template=640x360.25.0&trans_finger=40a32e8439c5409a63ccf853562a60ef&Expires=1592211021&ssig=jvHqeLm5ll&KID=unistore,video",
4502550685218558,J14m0lTAi,7411452370,我的指纹1977,嘚瑟吧！,,,,,0,0,0,2020-05-09 05:59,HUAWEI P20,,,4502290038778687
4502550596630768,J14lRrOXS,3923531936,重庆酉阳县法院,【盖茨夫人：给特朗普政府抗疫工作打分“D-”】#盖茨夫人给特朗普抗疫工作打分D-#5月7日，比尔·盖茨的夫人梅琳达·盖茨在接受采访时表示，如果让她给特朗普政府的应对疫情工作打分，那么分数是“D-”（勉强及格）。梅琳达说：“我们的国家整整错失了几乎两个月的反应时间，我们需要国家一级的领导，我们缺乏协调一致的行动。”#美国疫情#L凤凰网视频的微博视频,,,,"盖茨夫人给特朗普抗疫工作打分D-,美国疫情",0,0,2,2020-05-09 05:59,红米Redmi,,"http://f.video.weibocdn.com/myT3R8nOlx07D6xilYlq0104120062is0E010.mp4?label=mp4_ld&template=632x360.25.0&trans_finger=40a32e8439c5409a63ccf853562a60ef&Expires=1592211021&ssig=RxEsUNHz5%2B&KID=unistore,video",
4502550579171843,J14lPCu0X,7082492314,zhangping201904,是什么原因，导致美国新冠肺炎病例突破百万呢？4月29日，特朗普在社交媒体上做了回答。我以为他会再次“甩锅”中国或者世卫组织哩！仔细看过之后，让人啼笑皆非。美国病患全球第一，居然成了他的功劳，是其检测有方：“美国报告了100万例新冠病毒感染病例的唯一原因是，我们的病毒检测做得比世界上任何其它国家都好得多。其它国家在检测方面远远落后于我们，发现病例就少得多”！～他太难了，找个理由容易吗,,新加坡,,,0,0,0,2020-05-09 05:59,iPhone客户端,,,
4502550554967947,J14lNkQob,5951888263,逃离陌上的软耳甜兔,中国【#美国新冠确诊病例超127万#】#美副总统新闻秘书新冠检测呈阳性#【特朗普：感染者为副总统新闻秘书】当地时间8日周五下午，美国总统特朗普向媒体确认，副总统彭斯身边感染的助手为彭斯的新闻秘书卡蒂·米勒。据美媒报道，卡蒂称自己没有症状，并且其在前一天周四的新冠检测结果为阴性。#美国副总统彭斯助手确诊新冠肺炎#,,,,"美国新冠确诊病例超127万,美副总统新闻秘书新冠检测呈阳性,美国副总统彭斯助手确诊新冠肺炎",0,0,3,2020-05-09 05:59,中国超话,['http://ww2.sinaimg.cn/large/006uNw1Nly1gelrwb0oosj30xc0ir116.jpg'],,
4502425392723568,J115Vbqww,7298488441,城市追擊-香港,#美国疫情#【美媒：特朗普給40多位盟國領導人打電話，要求統一口徑“甩鍋”中國】美媒CNN報道稱，過去3周，美國總統特朗普給40多位盟國的領導人打電話，主題就是統一口徑將疫情責任“甩鍋”給中國。但在電話中，多位歐洲領導人對美方執意加劇與中國的緊張關係保持警惕。（視頻來源：直新聞）#全球抗疫第一线##关注新冠肺炎##美国去年7月暴发不明原因呼吸系统疾病#L香港中通社的微博视频,,,,"美国疫情,全球抗疫第一线,关注新冠肺炎,美国去年7月暴发不明原因呼吸系统疾病",6,3,6,2020-05-08 21:42,HUAWEI P30 Pro,,"http://f.video.weibocdn.com/xRK7e0atlx07D76Ag6wM01041200mZhq0E010.mp4?label=mp4_ld&template=640x360.25.0&trans_finger=40a32e8439c5409a63ccf853562a60ef&Expires=1592211021&ssig=wEe1TRg4lE&KID=unistore,video",
4502550433194691,J14lBdp5h,7134689166,凤鸣于朝阳,量变到质变的警惕！@军报记者,,,军报记者,,0,0,0,2020-05-09 05:58,,,,4502425392723568
4502421902238195,J110i9ofV,1093974672,刘仰,一个纽约人这么说：“很多美国人都不愿意买中国制造的口罩，说这是中国病毒，骂中国人很脏，不要脸…我看得气疯，也不能冲他们发火，看了他们的照片，感觉他们都是失业者，没有钱去买口罩，找一大堆借口不要中国制造的口罩来掩饰自己的自卑。真是让人可怜。”他认为是米国穷人买不起口罩（因为涨价）所以用骂中国来掩饰穷酸。,,,,,71,32,125,2020-05-08 21:28,HUAWEI Mate30 Pro 5G,['http://ww2.sinaimg.cn/large/4134ba90ly1geleqn1c52j20wo1nynbc.jpg'],,
4502550365754601,J14luo929,2034541747,_栎阳_,//@老辣陈香://@司马平邦:应该想办法告诉美国人民（美国媒体），那66亿只口罩出口美国的价格是多少，特朗普的女婿从中嫌了多少一算便知。,,,"老辣陈香,司马平邦",,0,0,0,2020-05-09 05:58,HUAWEI Mate 30,,,4502421902238195
4502461887286142,J122Muzsq,1663072851,中国日报,【美媒：#美副总统一名助手新冠检测呈阳性#】据美国媒体报道，当地时间8日周五上午，经美国政府官员确认，美国副总统彭斯的一名助手新冠病毒检测呈阳性。彭斯计划于周五上午从安德鲁空军基地出发前往艾奥瓦州，但行程因助手确诊感染而延误了近一个小时。此前一天，美国总统特朗普的一名贴身工作人员确诊新冠肺炎，随后特朗普也进行了检测，结果为阴性。（记者蒋成龙）,,,,美副总统一名助手新冠检测呈阳性,441,258,940,2020-05-09 00:07,专业版微博,['http://ww3.sinaimg.cn/large/63207a53gy1gelhpdwyw3j217i0u0ape.jpg'],,
4502550348743359,J14lsAGxV,5884163538,用户5884163538,//@中国日报:#美副总统新闻秘书新冠检测呈阳性#【特朗普：感染者为副总统新闻秘书】当地时间8日周五下午，美国总统特朗普向媒体确认，副总统彭斯身边感染的助手为彭斯的新闻秘书卡蒂·米勒。据美媒报道，卡蒂称自己没有症状，并且其在前一天周四的新冠检测结果为阴性。,,,中国日报,美副总统新闻秘书新冠检测呈阳性,0,0,0,2020-05-09 05:58,vivo智能手机,,,4502461887286142
4502550327350759,J14lquQgD,1291673371,齐鲁一民,特朗普证实感染新冠的工作人员是副总统彭斯的新闻秘书KatieMiller，她的先生是特朗普的高级顾问StevenMiller.米勒是特朗普的爱将。不知道他测试结果是啥？,,,,,0,1,0,2020-05-09 05:58,nova4自拍极点全面屏,"['http://ww2.sinaimg.cn/large/4cfd5f1bly1gelrvgptm7j20b40adwf0.jpg', 'http://ww4.sinaimg.cn/large/4cfd5f1bly1gelrvgycmrj21jk0y5qqo.jpg']",,
4502550319363288,J14lpDhOM,6171811047,石艺韧,我在看：【究竟想隐瞒什么？福奇等多位“真话者”遭特朗普报复】#跟新浪看热点#O究竟想隐瞒什么？福奇等多位“真话者”遭特朗普报复,,,,跟新浪看热点,0,0,0,2020-05-09 05:58,新浪新闻客户端,,,
4502550306770795,J14lospon,2132860783,凍擰茶走冰,#特朗普一名贴身工作人员确诊#严防严控，做好自身防护才是王道。05fJnAb09。,,,,特朗普一名贴身工作人员确诊,0,0,0,2020-05-09 05:58,Android客户端,,,
4502550281447454,J14lm64y2,6588552542,烟客2007,《特朗普都懵了：一名前美国特种兵给美捅了个大篓子》可在现实中，在全世界都在忙着应对新冠肺炎疫情的时候，一名美国退伍兵却认为他也可以完成电影中这样的“壮举”。O网页链接,,,,,0,0,1,2020-05-09 05:58,百度极速版,['http://ww1.sinaimg.cn/large/007bSTuuly1gelrva199tj308o05s74a.jpg'],,
4502550227525819,J14lgvzOb,1773844004,至尊芝士烤奶巧克力风味便便,#美国大选##特朗普#昨日推特上再次发布了16年参与大选时候的口号：“draintheswamp（抽干沼泽）！”，可以理解为重建华盛顿，引来国外网友疯狂diss，大喊“Youaretheswamp（沼泽）！”然后恶搞图片又来了,,温州,,美国大选,0,0,1,2020-05-09 05:58,OnePlus 5,"['http://ww3.sinaimg.cn/large/69bab624ly1gelrnigh5oj215o0dwq57.jpg', 'http://ww2.sinaimg.cn/large/69bab624ly1gelrniweedj21hc110hau.jpg', 'http://ww4.sinaimg.cn/large/69bab624ly1gelrnj98noj20mw0qnn0a.jpg', 'http://ww4.sinaimg.cn/large/69bab624ly1gelrnjhityj20le0leq6s.jpg', 'http://ww1.sinaimg.cn/large/69bab624ly1gelrnjn1gwj20hr0gewet.jpg', 'http://ww3.sinaimg.cn/large/69bab624ly1gelrsg2pi1j2069069mx9.jpg']",,
4502266974266757,J0WYphTYF,1618051664,头条新闻,#最美微笑自拍大赛#微笑是世界通用的语言，你被#中国军人的微笑#感染了吗？@央广军事,,,央广军事,"最美微笑自拍大赛,中国军人的微笑",100,133,1143,2020-05-08 11:12,微博 weibo.com,"['http://ww2.sinaimg.cn/large/60718250ly1gekvbpjbioj20c80q5wgg.jpg', 'http://ww4.sinaimg.cn/large/60718250ly1gekvbpip01j20c8085q3o.jpg', 'http://ww1.sinaimg.cn/large/60718250ly1gekvbpiz0ij20c80fojt7.jpg', 'http://ww4.sinaimg.cn/large/60718250ly1gekvbppnazj20c80hkdjq.jpg', 'http://ww2.sinaimg.cn/large/60718250ly1gekvbpifm2j20c80850u0.jpg', 'http://ww3.sinaimg.cn/large/60718250ly1gekvbpi39tj20c80cf0u6.jpg', 'http://ww3.sinaimg.cn/large/60718250ly1gekvbphagmj20c808575f.jpg', 'http://ww4.sinaimg.cn/large/60718250ly1gekvbpi9e9j20c80c840t.jpg', 'http://ww2.sinaimg.cn/large/60718250ly1gekvbpg1d5j20c806w75e.jpg']",,
4502550143077299,J14l8cUxR,6869515179,赵春增zhaochunzeng,我这话送给特朗普总统？！可以教育地痞流氓,,,,,0,0,0,2020-05-09 05:57,Android客户端,,,4502266974266757
4502500499777828,J1333F1EU,2052010152,福州胡州人,#美国4月非农就业人口锐减2050万#【特朗普称就业报告在预料之中不该责怪他】特朗普周五表示，报告显示新冠疫情导致美国损失大量就业岗位并不令人意外，而且不应该责怪他。“完全在预料之中，不奇怪，”他在接受采访时，数据正好发布。“即便是民主党人也不能怪我。我能做的就是让它恢复过来。”（新浪财经）,,,,美国4月非农就业人口锐减2050万,1,1,3,2020-05-09 02:40,HUAWEI Mate30 Pro 5G,['http://ww4.sinaimg.cn/large/7a4f30a8gy1gelm5fxc2nj20hs0c6glx.jpg'],,
4502550131351875,J14l75FGr,1061579657,山海孟姜,所有的糟糕都在预料之中，唯有美国有这么个棒槌总统管理美国在意料之外，总统是美国人民选的，这不怪特朗普。,,,,,0,0,1,2020-05-09 05:57,HUAWEI Mate 30 5G,,,4502500499777828
4502550123367694,J14l6e85E,7383289454,夏天的向日葵DDy1953,//@夏天的向日葵DDy1953:消毒水、氯喹、瑞德西韦、疫苗轮换着用，没有感染就预防，感染了治疗。特朗普很乐观，他说人总是要死的。,,,夏天的向日葵DDy1953,,0,0,0,2020-05-09 05:57,iPhone客户端,,,4502290038778687
4501981752123508,J0Pyn8Uq8,7209866866,焦点微记录,焦点坊谈详细分析，#美国大选将于11月3日举行#，若特朗普竞选失败会有什么下场？L焦点微记录的微博视频,,,,美国大选将于11月3日举行,7,4,13,2020-05-07 16:19,焦点坊谈超话,,"http://f.video.weibocdn.com/U5xfIwf3lx07D5clpcVi01041200jBxV0E010.mp4?label=mp4_ld&template=640x360.25.0&trans_finger=40a32e8439c5409a63ccf853562a60ef&Expires=1592211021&ssig=v4lSki1rHr&KID=unistore,video",
4502550063818279,J14l0g1j9,7447850981,用户7447850981,转发微博,,,,,0,0,0,2020-05-09 05:57,小米手机4,,,4501981752123508
4502549854770783,J14kFk167,7052953434,荣三社区,美国确诊超125万例！贴身工作人员确诊后，特朗普的日程又多了一项O网页链接,,,,,0,0,0,2020-05-09 05:56,科普中国,,,
4502179504915415,J0UHkkCIT,1847123567,香港商報網,【特朗普向40多国领导人打电话施压，要求“统一甩锅”中国】过去三周，特朗普给40多位盟国的领导人打电话，主题就是统一口径，将疫情责任“甩锅”给中国。但在电话中，多位欧洲领导人对美方执意加剧与中国的紧张关系保持警惕。而推动特朗普采取这些更强硬立场的人之一，就是特朗普的高级顾问，女婿库什纳。L小央视频的秒拍视频,,,,,917,911,7751,2020-05-08 05:25,微博 weibo.com,,"http://miaopai.video.weibocdn.com/CLV7Usqxlx07D5nqnGRq010412009jTw0E013.mp4?label=mp4_ld&template=640x360.25.0&trans_finger=40a32e8439c5409a63ccf853562a60ef&Expires=1592211021&ssig=643jF9IYZt&KID=unistore,video",
4502549807443947,J14kAvevF,1298443754,国字脸在美帝,转发微博,,,,,0,0,0,2020-05-09 05:56,iPhone客户端,,,4502179504915415
4502343863478467,J0YYqeAUj,6067139463,台湾那点事儿,黄智贤:国民党放弃一中很久了,,,,,123,298,1618,2020-05-08 16:18,岛主的Android,['http://ww2.sinaimg.cn/large/006CB687ly1gel45ue0u3j30u03xntxr.jpg'],,
4502549736093415,J14ktpzaT,7388139935,登峰观远,弯弯这个问题和特朗普甩锅中国本质上一样，就是政客讨好屈从选民。这恐怕是民主的大问题，民主国家最终走向民粹也就不奇怪了,,,,,0,0,0,2020-05-09 05:56,HUAWEI P30,,,4502343863478467
4502535576872533,J13XDsPRj,7334039046,用户7334039046,//@中国日报:#美副总统新闻秘书新冠检测呈阳性#【特朗普：感染者为副总统新闻秘书】当地时间8日周五下午，美国总统特朗普向媒体确认，副总统彭斯身边感染的助手为彭斯的新闻秘书卡蒂·米勒。据美媒报道，卡蒂称自己没有症状，并且其在前一天周四的新冠检测结果为阴性。,,,中国日报,美副总统新闻秘书新冠检测呈阳性,0,0,0,2020-05-09 04:59,华为畅享10,,,4502461887286142
4502535527122836,J13XytSYs,6331609354,岑华皓险恶,哪怕你是在离开：我也希望你能在离开的路途中一帆风顺#特朗普称注射消毒液的说法只是讽刺##猫头鹰#,,蚌埠·新淮大众浴池,,"特朗普称注射消毒液的说法只是讽刺,猫头鹰",0,0,0,2020-05-09 04:59,iPhone客户端,,,
4502430186601406,J11dErHki,2099300141,犀小莉,原来，特朗普的爷爷就死于100年前的“西班牙大流感”，他太爷爷死于肺气肿，他外婆死于肺炎，还有他父亲也死于肺炎……所以，他说“没有人比我更了解肺炎”，这话好像也没有什么问题。另外这个肺炎好像就是跟他们家人过不去。,,,,,76,25,106,2020-05-08 22:01,微博 weibo.com,['http://ww2.sinaimg.cn/large/7d20c72dly1gele17piobj20hs0bktmj.jpg'],,
4502535505731181,J13Xwo2Wp,7380768067,一个中心是本人,没有人比我更懂病毒，很显然特朗普早已知道新冠病毒是德特里克堡实验室合成的只攻击亚裔免疫系统的。现在为了掩盖这一阴谋，制造出这么多谎言,,,,,2,0,1,2020-05-09 04:59,nova5Pro人像超级夜景,,,4502430186601406
4502535308182215,J13Xcykzd,7447826864,长颜冷唱_爩,转发微博,,,,,0,0,0,2020-05-09 04:58,Android客户端,,,4502179504915415
4502454122809185,J11QgbMNr,3731121581,汪小龙LONG,【#美国失业率创新高达14.7%#，特朗普辩称：这是人为干预的结果】当地时间5月8日，最新数据显示美国4月失业率升至14.7%，为二战后最高水平。在此前的七周中，美国全国失业人数约3300万人。8日，特朗普在接受福克斯新闻电话采访时辩称，经济下跌是人为干预的结果，明年都会回来的。L海客新闻的微博视频,,,,美国失业率创新高达14.7%,35,5,10,2020-05-08 23:36,HUAWEI P30 Pro,,"http://f.video.weibocdn.com/bc4M3knYlx07D7abOIdO010412007fHJ0E010.mp4?label=mp4_ld&template=640x360.25.0&trans_finger=40a32e8439c5409a63ccf853562a60ef&Expires=1592211032&ssig=QSNOVOK0En&KID=unistore,video",
4502535270415424,J13X91K4o,7451892877,少年多梦不多情丶濣,转发微博,,,,,0,0,0,2020-05-09 04:58,小米手机4,,,4502454122809185
4502383101644508,J0ZZI6TOk,2656274875,央视新闻,【#美国去年7月暴发不明原因呼吸系统疾病#】美国广播公司去年7月12日曾报道，弗吉尼亚州暴发了一种不明原因的呼吸系统致命性疾病，患者症状包括剧烈咳嗽、发烧、浑身疼痛、气喘、全身无力等，部分社区采取了隔离措施。专家称，这次疫情暴发并不寻常，“一般情况下，夏天不太会出现呼吸系统疾病。”↓O看视频丨更多细节！美国去年7月曾暴发不明原因呼吸系统疾病L央视新闻的微博视频,,,,美国去年7月暴发不明原因呼吸系统疾病,14174,16161,327811,2020-05-08 18:54,微博云剪,,"http://f.video.weibocdn.com/h03IL5Rvlx07D6XRKNdS010412008ahg0E010.mp4?label=mp4_ld&template=640x360.25.0&trans_finger=40a32e8439c5409a63ccf853562a60ef&Expires=1592211032&ssig=aCZFnACtSO&KID=unistore,video",
4502535225002369,J13X4kZln,5205064552,美国流感-害人不浅,回复@是林徽因啊://@是林徽因啊:回复@娜是花开的季杰:特朗普:哦~你们这些糟糕的电视台,,,"是林徽因啊,娜是花开的季杰",,0,0,0,2020-05-09 04:58,荣耀手机 勇敢做自己,,,4502383101644508
4502535044071011,J13WMh53t,6036729021,常光都原,我只是喜欢唱自己的调调。我唱歌哪有跑调#花艺设计##特朗普称注射消毒液的说法只是讽刺#,,泰州·利兴圩,,"花艺设计,特朗普称注射消毒液的说法只是讽刺",0,0,0,2020-05-09 04:57,iPhone客户端,,,
4502534989195097,J13WGCA41,1806852037,嗳呦蒍诶,#特朗普参观口罩工厂没戴口罩#没太get到为啥他要戴护目镜？～05fAJBK09。,,,,特朗普参观口罩工厂没戴口罩,0,0,1,2020-05-09 04:57,Android客户端,,,
4502534779297093,J13WlD0B7,5698151705,Traceyzhang94362,特朗普的领导下哦！#跟新浪看热点#O太无耻了！美国一护士竟对重症患者干出这种事！,,,,跟新浪看热点,0,0,0,2020-05-09 04:56,新浪新闻客户端,,,
4502534724811163,J13WgkbBp,5084136996,华盛7x24,特朗普相信，新冠病毒最后将自行消失。（卫星新闻）,,,,,0,0,0,2020-05-09 04:56,华盛通,,,
4482828580298704,IyKKu1fHO,6528856314,李荣强59,潍坊晚报）设置是从何时开始的、为什么不早设置，发送多少天了是不是瞎了？潍坊十笏园博物馆就有伪造历史的劣迹，陈毅粟裕他们就是图财害命的畜牲？！罪恶多年、丧尽天良，罪行已经上到(解放军报）上了以正视听！,,西安·纺织城,,,1710,0,0,2020-03-15 19:51,vivo智能手机,['http://ww4.sinaimg.cn/large/0077QpM6ly1gcuuv1p0b3j30u0140115.jpg'],,
4502534666391911,J13WaqOPl,6528856314,李荣强59,一九年九月爆发的流感季、去年造成了美国三千四百万人确诊，特朗普予估新型肺炎冠状病毒造成二百二十万人死亡。美众议院听证会质问美疾控中心主任罗伯特雷德菲尔德：“他们表面上死于流感、实际上死于冠状病毒”“根据现在的报告确实如此。”美国现在确诊一百二十五万、死亡七万五，三月确诊七十四例,,,,,102,0,0,2020-05-09 04:56,iPhone客户端,,,4482828580298704
4502534536942810,J13VXt88O,3316125612,去故宫开大G撒欢,//@阿方黄毛配绿蛙:还真是，这一步步送人头的骚操作都把我们看傻眼了先是攻击中国的备忘录曝光，现在又主动曝光7月份就开始了为了把特朗普拖下神坛也是做足了戏啊//@白云灰白:特朗普的对手从来不是俄罗斯或者中国。是和他一起参与选举的另外一方候选人和后台,,,"阿方黄毛配绿蛙,白云灰白",,0,0,0,2020-05-09 04:55,荣耀V20 4800万3D相机,,,4502383101644508
4502534384830047,J13VIkgvZ,5889038224,景吹破景熔电,到底是我太把你们当回事……还是我真少脑子==#特朗普称注射消毒液的说法只是讽刺#,,唐山·花园里,,特朗普称注射消毒液的说法只是讽刺,0,0,0,2020-05-09 04:55,iPhone客户端,,,
4502534200841414,J13Vq3wTc,6061280153,延寿丁丁,【大发疫情财？美媒曝光#特朗普女婿借防疫搞腐败#】近日，多家美媒披露了特朗普女婿库什纳在防疫过程中存在腐败行为。报道称，负责统筹医疗物资和扩大病毒检测的库什纳拥有一份“VIP”名单，名单里的这些人将优先获得防疫物资，比如国会里的共和党成员、特朗普女性支持团体领导者Tana等等。同时，库什纳的团队由一些毫无公共卫生和防疫物资供应链专业知识的人组成，招募了众多无医疗经验的志愿者为医院采购防疫物资，这些志愿者的装备比联邦工作人的还要好。,,,,特朗普女婿借防疫搞腐败,0,0,0,2020-05-09 04:54,华为手机 畅享玩不停,,,
4502534175662714,J13VnnL86,6316344897,独行骑士·Lwf,#腾讯新闻#特朗普称还未接受过新冠病毒抗体检测，但可能很快这样做O特朗普称还未接受过新冠病毒抗体检测，但可能很快这样做来自@腾讯新闻,,,腾讯新闻,腾讯新闻,0,0,2,2020-05-09 04:54,腾讯新闻客户端,,,
4502534016111433,J13V7pDRv,1808752832,亦品仙,"胡锡进发帖希望国家扩大核武库来对付美国，此建议妥否？胡先生忘了美帝是纸老虎这一点，没什么可怕的！朝鲜核能力远不及我国，特朗普不是也奈何不得？当今世界多元化，谁想欺负弱小，只能引起众怒一一胡先生就这方面阐述比建议""核弹头扩大″更有说服力，更符合我国全面禁止和彻底销毁核武器的积极主张，更能让世界人民接受！",,,,,0,0,1,2020-05-09 04:53,微博 weibo.com,,,
4502533899069391,J13UVC3mv,6316344897,独行骑士·Lwf,#腾讯新闻#彭斯女发言人被感染其丈夫是特朗普高级顾问O彭斯女发言人被感染其丈夫是特朗普高级顾问来自@腾讯新闻,,,腾讯新闻,腾讯新闻,0,0,1,2020-05-09 04:53,腾讯新闻客户端,['http://ww2.sinaimg.cn/large/006TsJQBly1gelpzjk6koj30ht0bv74y.jpg'],,
4502285697584047,J0XsBvOXl,1806128454,凤凰网视频,【盖茨夫人：给特朗普政府抗疫工作打分“D-”】#盖茨夫人给特朗普抗疫工作打分D-#5月7日，比尔·盖茨的夫人梅琳达·盖茨在接受采访时表示，如果让她给特朗普政府的应对疫情工作打分，那么分数是“D-”（勉强及格）。梅琳达说：“我们的国家整整错失了几乎两个月的反应时间，我们需要国家一级的领导，我们缺乏协调一致的行动。”#美国疫情##风视频#O网页链接L凤凰网视频的微博视频,,,,"盖茨夫人给特朗普抗疫工作打分D-,美国疫情,风视频",403,285,1746,2020-05-08 12:27,微博视频,,"http://f.video.weibocdn.com/myT3R8nOlx07D6xilYlq0104120062is0E010.mp4?label=mp4_ld&template=632x360.25.0&trans_finger=40a32e8439c5409a63ccf853562a60ef&Expires=1592211032&ssig=aMVVwsMv9%2B&KID=unistore,video",
4502533831159229,J13UP4Rzf,7449775728,半盏孤茶_河,转发微博,,,,,0,0,0,2020-05-09 04:53,Android客户端,,,4502285697584047
4502495227968912,J12Uyxr4Q,6389419854,爱国文青,不能忍了，奥巴马再度猛批特朗普：无耻！他一直在撒谎！#社交媒体##全球疫情#L爱国文青的微博视频,,,,"社交媒体,全球疫情",8,9,37,2020-05-09 02:19,微博视频,,"http://f.video.weibocdn.com/t1bmGnO1lx07D7stb5JK010412004rM00E010.mp4?label=mp4_ld&template=360x632.24.0&trans_finger=81b11b8c5ffb62d33ceb3244bdd17e7b&Expires=1592211032&ssig=JbiUmXidyg&KID=unistore,video",
4502533818873206,J13UNBeke,5625008654,开心快乐小超超,狗咬狗吧,,,,,0,0,0,2020-05-09 04:52,nova4e 3200W立体美颜,,,4502495227968912
