﻿id,bid,user_id,用户昵称,微博正文,头条文章url,发布位置,艾特用户,话题,转发数,评论数,点赞数,发布时间,发布工具,微博图片url,微博视频url,retweet_id
4503788793063322,J1AyXcQUq,1443425355,penn-cdi,祖国反黑站【#白宫记者会激烈交锋#！特朗普拿中国搪塞躲锅未遂，转身离场……】#特朗普被记者追问后转身离场#当地时间11日，白宫玫瑰园新冠肺炎疫情新闻发布会现场。哥伦比亚广播公司（CBS）的白宫记者姜伟佳（音译）提问特朗普：“你已经说过很多次了，美国在（病毒）检测方面比其他任何国家都做得好。为什么这很重要？美国人每天都在丧失生命，我们每天都能看到更多病例（出现），为什么这（检测）对你来说（却）是一场全球竞赛？”特朗普：“世界各地都有人在丧失生命，也许你应该问中国这个问题，不要问我，去问中国，好吗？当你问他们这个问题时，你可能会得到一个不同寻常的答案。好，请你后面那位提问。”听到这回答，女记者迟疑了一下，也回头看了看，原本在她身后穿浅色衣服的女记者走到她身旁准备提问。这时亚裔女记者突然半起身，继续追问特朗普：“总统先生，你为什么要专门对我这么说，让我去问中国？”特朗普：“我告诉你啊，我不是专门对任何人说的，我是专门对任何会问这种让人讨厌的问题的人说的。继续吧，下一位。”亚裔女记者继续追问：这有什么问题吗？特朗普无视：“还有人提问吗？”接下来更尴尬的一幕出现。原本要提问的浅色衣服女记者举手说，“我有两个问题要问。”特朗普：不。浅衣女记者：但是你刚刚叫我提问了啊。我有两个问题。特朗普：不，下一个。浅衣女记者：但你真的叫我提问了。特朗普：我是叫了，但你没回应我。所以我现在叫你后面那位女记者提问。浅衣女记者还在争辩。“女士们先生们，感谢各位，非常感谢”，特朗普说完，转身走了。#特朗普与女记者僵持不下转身就走#详戳：O白宫记者会激烈交锋！特朗普拿中国搪塞躲锅未遂，转身离场……@环视频L环视频的微博视频,,,环视频,"白宫记者会激烈交锋,特朗普被记者追问后转身离场,特朗普与女记者僵持不下转身就走",0,0,1,2020-05-12 15:59,祖国反黑站超话,,"http://f.video.weibocdn.com/n5402MBQlx07DcHPZk1i01041200aQ9H0E010.mp4?label=mp4_ld&template=640x360.25.0&trans_finger=40a32e8439c5409a63ccf853562a60ef&Expires=1592211309&ssig=AJNieFjRKF&KID=unistore,video",
4503788750428327,J1AyT1Nqv,6669036740,新盟财经,【#吴尊友表示国内疫情不会再现小高峰#】#关注新冠肺炎#这两天国内连续出现聚集性疫情，会不会再次出现疫情小高峰？天热能摘口罩吗？对此，中国疾控中心流行病学首席专家吴尊友表示：我认为疫情不会再现小高峰。我们现在有了经验，只要发现病例，及时排查和追踪，很快就能扑灭疫情。另外，#目前没有迹象表明天热后病毒不再传播#，不能完全摘掉口罩。#财经##特朗普与女记者僵持不下转身就走#L央视新闻的微博视频,,,,"吴尊友表示国内疫情不会再现小高峰,关注新冠肺炎,目前没有迹象表明天热后病毒不再传播,财经,特朗普与女记者僵持不下转身就走",0,0,1,2020-05-12 15:59,小米MIX2S 全面屏,,"http://f.video.weibocdn.com/IUBdkVEMlx07DcUWqEys01041200851z0E010.mp4?label=mp4_ld&template=640x360.25.0&trans_finger=40a32e8439c5409a63ccf853562a60ef&Expires=1592211309&ssig=7F7NtEevqg&KID=unistore,video",
4503788725998361,J1AyQparL,6080556556,十堰高警,【#特朗普与女记者僵持不下转身就走#】#关注新冠肺炎#5月11日，美国白宫，特朗普被CBS华裔记者姜伟佳问到，为何每天都有美国人失去生命，“你却把全球抗疫竞争看得如此重要”。特朗普表示全球各地都有人丧生，并话锋一转，要记者“去问中国，不要问我”。随后，特朗普点了CNN记者卡特琳•柯林斯提问，但柯林斯问姜伟佳是否要继续刚才的问题。姜伟佳又问到：“你为什么要专门针对我？”特朗普：“我没有针对任何人，只是针对那些问出恶心问题的人。”当柯林斯准备提问时，特朗普又打断她“麻烦下一位”。柯林斯：“可是你点我了呀。”特朗普不开心：“我是点了。但你没回应我。我现在要点后面那位年轻女士。”但柯林斯仍想提问，双方僵持不下。于是，特朗普猛一转身，头也不回地离开了现场。#美国疫情##全球疫情##海外抗疫日记#L微丢的微博视频,,,,"特朗普与女记者僵持不下转身就走,关注新冠肺炎,美国疫情,全球疫情,海外抗疫日记",0,5,4,2020-05-12 15:59,iPhone 8 Plus,,"http://f.video.weibocdn.com/xSncoVK4lx07DcEkAsiA01041200bQrW0E010.mp4?label=mp4_ld&template=360x640.24.0&trans_finger=81b11b8c5ffb62d33ceb3244bdd17e7b&Expires=1592211309&ssig=dYbuuIAIwx&KID=unistore,video",
4503788662173302,J1AyK97ng,1622752942,毛公益,现场观察【特朗普指控奥巴马犯下“空前的政治重罪”被质问又说不出所以然】母亲节当天，特朗普在推特上发文指控奥巴马犯下了“美国历史上最严重的政治罪行”。5月11日，记者会上有记者追问特朗普前总统奥巴马到底犯了什么罪？可特朗普绕了半天也没说明白，只是让记者自己回家看报纸。L微丢的微博视频郑州群众@毛二王,,,毛二王,,0,0,0,2020-05-12 15:59,iPhone客户端,,"http://f.video.weibocdn.com/s8ijrWsjlx07DcSmxKZq0104120074qb0E010.mp4?label=mp4_ld&template=640x360.25.0&trans_finger=40a32e8439c5409a63ccf853562a60ef&Expires=1592211309&ssig=HqIsdMmweo&KID=unistore,video",
4503788596215951,J1AyDq53h,6511323824,Manna杉菜,O看见|美国纪实系列三：居家令在美国#美国疫情#自3月13日特朗普宣布“国家紧急状态”以来，已有至少3300万美国人申请失业救济，预计将有20%人失业，即便2008年的金融危机之后，美国的失业率也不到10%。这是大萧条以来美国最糟糕的失业水平。我家庭的一位清洁工朋友娜塔莉，已经两个多月没有接到活了，她的处境很糟糕。对于大部分人而言，今年的目标是，身体健康，不失业有饭吃。#海外疫情日志#,,,,"美国疫情,海外疫情日志",0,0,1,2020-05-12 15:58,微博 HTML5 版,"['http://ww1.sinaimg.cn/large/0076EQM0ly1gepq313iwxj30u00k0djx.jpg', 'http://ww4.sinaimg.cn/large/0076EQM0ly1gepq311lzfj30u00k0mzj.jpg', 'http://ww4.sinaimg.cn/large/0076EQM0ly1gepq311oqwj30u00k0wgm.jpg']",,
4503788435570574,J1Aynnn9Y,1915096531,武汉交通广播,#896快讯#【#特朗普崩溃了#遭记者追问特朗普转身走人】11日记者会上，特朗普称“美国所做检测比任何国家都多”。美国CBS记者提问：“美国的病例仍在增加，为什么你却将此视作国际竞赛？”特朗普点名CNN记者提问。CBS记者继续质问特朗普，却被说问题“肮脏”。随后，特朗普又不再允许此前点名的CNN记者提问，记者坚持提问，特朗普走了…（央视记者殷岳）#特朗普与女记者僵持不下转身就走#L央视新闻的微博视频,,,,"896快讯,特朗普崩溃了,特朗普与女记者僵持不下转身就走",0,0,0,2020-05-12 15:58,iPhone 11,,"http://f.video.weibocdn.com/SxhhBPCHlx07DcRoRvGM010412005MxF0E010.mp4?label=mp4_ld&template=360x640.24.0&trans_finger=81b11b8c5ffb62d33ceb3244bdd17e7b&Expires=1592211309&ssig=8Ifpu0HMjX&KID=unistore,video",
4503788273362339,J1Ay7e6Hh,3199627477,天府TV,【#盖茨2016年就向特朗普警告流行病#，后悔没加大推进力度】据《华尔街日报》报道，2016年，盖茨曾会见时任总统后选人的特朗普，以敦促重视大流行病的风险。他从2014年起就对大流行病的威胁发出警告，但此次新冠仍让各国措手不及，盖茨称这是自己最大遗憾之一，后悔没有加大推进力度。L老板联播的微博视频,,,,盖茨2016年就向特朗普警告流行病,0,0,0,2020-05-12 15:57,微博 weibo.com,,"http://f.video.weibocdn.com/LiI8gCWplx07DcUcUNfa010412008f4z0E010.mp4?label=mp4_ld&template=360x640.25.0&trans_finger=bdef57f06ae52835a2c783ca389e8517&Expires=1592211309&ssig=ywW4wxSs8F&KID=unistore,video",
4503788247483283,J1Ay4voK7,6900559838,2641强壮guitar,#闷死83岁老人保姆已被警方控制##特朗普要求所有白宫人员佩戴口罩##澳餐厅为避免冷清放假人头##张檬摸小五喉结##林苗苗#🤬#被秒到的明星生图#😼#薄纱西装#😻#迪士尼确认花木兰档期#期待#冰透多肉葡萄美甲#好看#范丞丞小鬼正骨太好笑了#笑死#最让人期待的综艺节目#期待#武汉生活垃圾分类计划7月1日起施行#,,,,"闷死83岁老人保姆已被警方控制,特朗普要求所有白宫人员佩戴口罩,澳餐厅为避免冷清放假人头,张檬摸小五喉结,林苗苗,被秒到的明星生图,薄纱西装,迪士尼确认花木兰档期,冰透多肉葡萄美甲,范丞丞小鬼正骨太好笑了,最让人期待的综艺节目,武汉生活垃圾分类计划7月1日起施行",0,0,0,2020-05-12 15:57,iPhone客户端,,,
4503788226244085,J1Ay2qcn3,5883677894,券商中国,【离奇大跌！尴尬20年的市场，为何突然异动？特朗普突施冷箭，三大内因主导，237万投资者颤栗】尴尬20年的市场突然又崩盘了！这几年，B股市场总会时不时出现崩盘行情，而且5月份崩盘的概率尤其高。今天，上证B股突然暴跌，B股指数上午收盘即跌去近7%，带动A股和深圳B指也一并跳水。截至收盘，上证B股指数报202.25点，跌幅达5.1%，国新B、东贝B、海控B等多只个股跌停。O离奇大跌！尴尬20年的市场，为何突然异动？特朗普突施冷箭，三大内因主导，237万投资者颤栗,,,,,0,0,0,2020-05-12 15:57,微博 weibo.com,"['http://ww3.sinaimg.cn/large/006qbjoygy1gepq0rcdp2j30go099akr.jpg', 'http://ww3.sinaimg.cn/large/006qbjoygy1gepq0wvgkvj30qz0dhmz8.jpg', 'http://ww1.sinaimg.cn/large/006qbjoygy1gepq10iyjij30fp0ju76o.jpg', 'http://ww3.sinaimg.cn/large/006qbjoygy1gepq14qbfbj30kj0d1aax.jpg', 'http://ww4.sinaimg.cn/large/006qbjoygy1gepq18y78bj30l50ci3zd.jpg', 'http://ww3.sinaimg.cn/large/006qbjoygy1gepq1cu0vsj30l409njrs.jpg', 'http://ww2.sinaimg.cn/large/006qbjoygy1gepq1iy9blj30wc0d7q4d.jpg']",,
4503788213628600,J1Ay1fdXO,6900559838,2641强壮guitar,#闷死83岁老人保姆已被警方控制##特朗普要求所有白宫人员佩戴口罩##澳餐厅为避免冷清放假人头##张檬摸小五喉结##林苗苗#🤬#被秒到的明星生图#😼#薄纱西装#😻#迪士尼确认花木兰档期#期待#冰透多肉葡萄美甲#好看#范丞丞小鬼正骨太好笑了#笑死#最让人期待的综艺节目#期待#武汉生活垃圾分类计划7月1日起施行#,,,,"闷死83岁老人保姆已被警方控制,特朗普要求所有白宫人员佩戴口罩,澳餐厅为避免冷清放假人头,张檬摸小五喉结,林苗苗,被秒到的明星生图,薄纱西装,迪士尼确认花木兰档期,冰透多肉葡萄美甲,范丞丞小鬼正骨太好笑了,最让人期待的综艺节目,武汉生活垃圾分类计划7月1日起施行",0,0,0,2020-05-12 15:57,iPhone客户端,,,
4503788184637260,J1AxYjsmw,6900559838,2641强壮guitar,#闷死83岁老人保姆已被警方控制##特朗普要求所有白宫人员佩戴口罩##澳餐厅为避免冷清放假人头##张檬摸小五喉结##林苗苗#🤬#被秒到的明星生图#😼#薄纱西装#😻#迪士尼确认花木兰档期#期待#冰透多肉葡萄美甲#好看#范丞丞小鬼正骨太好笑了#笑死#最让人期待的综艺节目#期待#武汉生活垃圾分类计划7月1日起施行#,,,,"闷死83岁老人保姆已被警方控制,特朗普要求所有白宫人员佩戴口罩,澳餐厅为避免冷清放假人头,张檬摸小五喉结,林苗苗,被秒到的明星生图,薄纱西装,迪士尼确认花木兰档期,冰透多肉葡萄美甲,范丞丞小鬼正骨太好笑了,最让人期待的综艺节目,武汉生活垃圾分类计划7月1日起施行",0,0,0,2020-05-12 15:57,iPhone客户端,,,
4503788087708084,J1AxOwldW,6900559838,2641强壮guitar,#闷死83岁老人保姆已被警方控制##特朗普要求所有白宫人员佩戴口罩##澳餐厅为避免冷清放假人头##张檬摸小五喉结##林苗苗#🤬#被秒到的明星生图#😼#薄纱西装#😻#迪士尼确认花木兰档期#期待#冰透多肉葡萄美甲#好看#范丞丞小鬼正骨太好笑了#笑死#最让人期待的综艺节目#期待#武汉生活垃圾分类计划7月1日起施行#,,,,"闷死83岁老人保姆已被警方控制,特朗普要求所有白宫人员佩戴口罩,澳餐厅为避免冷清放假人头,张檬摸小五喉结,林苗苗,被秒到的明星生图,薄纱西装,迪士尼确认花木兰档期,冰透多肉葡萄美甲,范丞丞小鬼正骨太好笑了,最让人期待的综艺节目,武汉生活垃圾分类计划7月1日起施行",0,0,0,2020-05-12 15:56,iPhone客户端,,,
4503788055244148,J1AxLm0f2,7360594450,海客新闻,【美著名学者：特朗普拼命寻找替罪羊利用疫情来改善自己的选举前景】据《卫报》11日报道，美国著名学者诺姆·乔姆斯基表示，特朗普利用疫情来改善自己的选举前景，他应该为美国人的死亡负责。乔姆斯基称特朗普拼命想找个替罪羊，他找到的一个替罪羊是世卫组织，取消资助并明确表示想消灭他们。L海客新闻的秒拍视频,,,,,17,1,32,2020-05-12 15:56,搜狗高速浏览器,,"http://miaopai.video.weibocdn.com/lx3OUTcFlx07Dd9hAAd2010412005aaX0E013.mp4?label=mp4_ld&template=640x360.25.0&trans_finger=40a32e8439c5409a63ccf853562a60ef&Expires=1592211309&ssig=lZiwQMgAkf&KID=unistore,video",
4503787903548962,J1AxweTfk,7370274204,福天利6503,美媒蓬佩奥是美对华的攻击犬2020-05-1208:04星岛环球网美国《国会山报》5月10日文章，原题：蓬佩奥充当特朗普在中国、新冠事务上的攻击犬，全文如下：国务卿蓬佩奥把自己定位为特朗普政府最激进的中国批评者，力推北京要对疫情负责的说法。尽管美国官员发出的信息混乱不清，盟友也有反对意见，但这位国务卿继续猜测新冠病毒是从中国实验室泄漏的，并要求全球调查。美国的一些盟友对调查是否应把重点放在推测病毒来自实验室的问题上存在分歧，也没直接指责北京。澳大利亚情报机构反驳关于有证据支持源自实验室的说法，称他们评估的信息大多来自公开渠道，且基于新闻报道。欧盟发出警告，称美中的紧张关系可能损害全球应对疫情。欧盟外交与安全政策高级代表博雷利说：“我们需要科学、独立的方法，不是指责，而要了解。”国际战略研究中心中国力量项目主任邦尼·格莱泽说，蓬佩奥比美国之前任何一名国务卿都更直接、更有对抗性。中国人很可能将他的言论视为对中方的威胁。美中关系处于低谷，但还没跌到谷底。美财政部官员和中国同行近日参加电话会议，称两国在贸易协议上取得“良好进展”。但专家表示，两国竞争多于合作，其中最大的风险之一是外交争执是否会阻碍研发新冠疫苗。华盛顿智库保卫民主基金会的高级研究员托马斯·乔斯林警告说，没有确凿证据却咬定此次疫病起源于实验室，这样做可能会失去支持，“如果你要继续谈论实验室说，就要有证据来支持。若无证据，我不知道他们在干什么。”蓬佩奥针对中国的说法遭到批评者抨击，认为他这是玩弄政治，试图转移对特朗普政府应对国内疫情不力的批评。参议员克里斯·墨菲说：“特朗普政府有关病毒来源的声明过于出自政治考虑。”曾在参议院财政委员会和美国驻北京大使馆担任过高级外交政策职务的民主党战略家斯科特·穆尔豪塞说，蓬佩奥本质上就是一个政客。美国11月大选前，中国已成政治热点。穆尔豪塞说：“由于现在焦点对准特朗普及其政府在中国事务上的失败，采取此类说法显然是试图扭转不利局面，无论说法是真是假。”,,,,,0,0,0,2020-05-12 15:56,搜狗高速浏览器,,,
4503787828914275,J1AxoBp0D,1453874424,月隐寒霜,#特朗普与女记者僵持不下转身就走#特朗普不想回應女記者的回應，實際是在特朗普看來美國現在已經無力回天，不論特朗普如何做，新型冠狀病毒肺炎疫情在美國蔓延都是個事實，這個事實在於特朗普無法再在根本上緩解疫情，美國內部的矛盾要遠比我們想象要更為突出，大部分人依然不認同隔離措施可以有效隔絕傳染，現在群體免疫的認同者不在少數。越來越多的美國人不想待在家中，失業率已經使得美國持續損失，特朗普怎麼回答這位記者的提問？特朗普祇有轉嫁矛盾關鍵，繼續樹立假想敵，特朗普想把所有的責任陷害到我國身上，這不過是一貫套路，當他們無法解決矛盾的時候，就會轉移矛盾。,,,,特朗普与女记者僵持不下转身就走,0,0,3,2020-05-12 15:55,射學Android,,,
4503787802265672,J1Axm9vp6,5629076732,情思情感,#特朗普与女记者僵持不下转身就走#特朗普与女记者僵持不下转身就走还把锅甩给中国！！“如果每天仍然有很多美国人死去，那这些又有什么意义？”5月11日，一位华裔记者在白宫记者会上如此质问还在鼓吹“防疫成绩”的美国总统特朗普。“全球各地到处都有很多人在死去，”特朗普拿出了他的惯用手段，“也许你应该去问中国，不要问我，去问中国，好吗？”随后，他粗暴地结束了这名记者的提问，没多久，又干脆结束了整场记者会。另外特朗普还称，美国的病例数量正在大幅下降。而美国和德国在每10万人中的治愈率方面“领先世界”。《纽约时报》称，首先美国的病例数虽然略有下降，但幅度并不大，部分地区甚至还在增加，毕竟在最近几周，美国每天仍有超2万的新增病例，因此病例数只是呈现出了一个下降的趋势，而不是科学家们盼望的急剧下降。其次，论每10万人的治愈率。美国每10万人中有24.5人死亡，这一数字确实比英国、意大利、西班牙、法国、瑞典、比利时等欧洲国家低，但依旧高于日本、韩国、加拿大、巴西，甚至伊朗在内的许多国家。,,,,特朗普与女记者僵持不下转身就走,0,0,1,2020-05-12 15:55,,,,
4503787589738082,J1Ax0ERjQ,6505845778,云飞扬6505845778,全球感染超417万，美疾控中心终于向全世界认错！特朗普原形毕露.........随着疫情的蔓延，全球有很多个国家也正在跟病毒对抗中，然而有些国家已经感到很无助了，每个人都在关注着疫情的发展。面对每天不断增长的数据，人们心里都感到非常惶恐，大家也最想知道的是病毒的源头到底在哪。据最新报道，全球目前感染人数已达到417万人，而美国就占全球确认人数比例的三分之一。美国在疫情爆发初期的时候，特朗普就没当回事，还一直把责任推卸他国，没想过重心应该摆在哪。而美国目前感染人数已高达138万，看到这样的数据，美国的疾控中心也终于说出了心声，特朗普终于原形毕露。美国一直以来都是经济强国，无论是在经济上还是医疗技术上都是顶尖的，而在这次疫情中也是“顶尖”的。这是为什么呢？我国在疫情爆发的时候，就已经向世界卫生组织发布过数据，目的就是让其他各国做好防疫的准备，因为病毒的传播速度是无法预估的，而且传播的途径也是很多的。在美国爆发初期的时候，特朗普一直以来关注的是经济状况，对疫情一直都是处于无视状态，才会导致现在的局面。而特朗普面对美国人民的指责以及其他国家的疑惑，都是不愿去承认自己的过失。然而就在美国疾控中心的一个报告中，彻底撕开了特朗普的面具。就在近日，美国疾控中心的发言人称。其实在疫情出现的时候，确实没有做好疫情的防护措施，才会让病毒传播的速度这么快，对于目前的严峻情况，对美国人民还有世界民众做出了道歉。这让特朗普瞬间打脸，如果之前能够重视疫情的发生，如果能够做好防护措施，如果把民众的生命放在第一位，也不会落到如此的田地。现如今美国只能尽最大的努力去控制疫情的蔓延，尽量减少人力物力的损失，这才美国现在最需要做的。,,,,,0,0,0,2020-05-12 15:55,小米手机,"['http://ww4.sinaimg.cn/large/0076hRGqly1geppyy82bwj30hs09i3yx.jpg', 'http://ww3.sinaimg.cn/large/0076hRGqly1geppyyi2fgj30hs0bvwf4.jpg', 'http://ww3.sinaimg.cn/large/0076hRGqly1geppyyyt5vj30go0kvab8.jpg', 'http://ww2.sinaimg.cn/large/0076hRGqly1geppyzb8zlj30gr0jujs6.jpg']",,
4503787531127186,J1AwV4Jeq,3918556037,重庆江津法院,【#特朗普崩溃了#遭记者追问特朗普转身走人】11日记者会上，特朗普称“美国所做检测比任何国家都多”。美国CBS记者提问：“美国的病例仍在增加，为什么你却将此视作国际竞赛？”特朗普点名CNN记者提问。CBS记者继续质问特朗普，却被说问题“肮脏”。随后，特朗普又不再允许此前点名的CNN记者提问，记者坚持提问，特朗普走了…（央视记者殷岳）L央视新闻的微博视频,,,,特朗普崩溃了,0,7,3,2020-05-12 15:54,HUAWEI P20 Pro,,"http://f.video.weibocdn.com/SxhhBPCHlx07DcRoRvGM010412005MxF0E010.mp4?label=mp4_ld&template=360x640.24.0&trans_finger=81b11b8c5ffb62d33ceb3244bdd17e7b&Expires=1592211309&ssig=8Ifpu0HMjX&KID=unistore,video",
4503787442280640,J1AwM9ziw,6303588206,天安之歌,血友病（hemophilia）早期在欧洲被称为“出血病”，它还有一个尊贵的称号为“皇室病”，这是由于它曾在欧洲好多国家的皇族中长期流行之故。这是一种遗传性凝血功能障碍的出血性疾病，我国血友病患者约达13.6万人之多，目前可以通过致病基因鉴定明确致病基因，从而阻断该病在家族中的遗传。O网页链接基因检测一般提倡易感性检测，而基因解码可以做到致病基因鉴定。基因检测测风险，基因解码阻遗传，选择#佳学基因#干！#2018世界艾滋病日##每年3000例青年学生感染艾滋病##恶灵病栋##特朗普有精神病##被精神病母亲伤害的男婴##全国碘缺乏病防治日##寄艾滋病针管敲诈##心理病也是时代病#,,,,"佳学基因,2018世界艾滋病日,每年3000例青年学生感染艾滋病,恶灵病栋,特朗普有精神病,被精神病母亲伤害的男婴,全国碘缺乏病防治日,寄艾滋病针管敲诈,心理病也是时代病",0,0,0,2020-05-12 15:54,微博 weibo.com,,,
4503773655793075,J1Aaxoj2H,5521606430,遵义发布,【#特朗普与女记者僵持不下转身就走#】5月11日，美国白宫，特朗普被CBS华裔记者姜伟佳问到，为何每天都有美国人失去生命，“你却把全球抗疫竞争看得如此重要”。特朗普表示全球各地都有人丧生，并话锋一转，要记者“去问中国，不要问我”。随后，特朗普点了CNN记者卡特琳•柯林斯提问，但柯林斯问姜伟佳是否要继续刚才的问题。姜伟佳又问到：“你为什么要专门针对我？”特朗普：“我没有针对任何人，只是针对那些问出恶心问题的人。”当柯林斯准备提问时，特朗普又打断她“麻烦下一位”。柯林斯：“可是你点我了呀。”特朗普不开心：“我是点了。但你没回应我。我现在要点后面那位年轻女士。”但柯林斯仍想提问，双方僵持不下。于是，特朗普猛一转身，头也不回地离开了现场。via微丢L微丢的微博视频,,,,特朗普与女记者僵持不下转身就走,1,1,1,2020-05-12 14:59,,,"http://f.video.weibocdn.com/xSncoVK4lx07DcEkAsiA01041200bQrW0E010.mp4?label=mp4_ld&template=360x640.24.0&trans_finger=81b11b8c5ffb62d33ceb3244bdd17e7b&Expires=1592211323&ssig=A0wPOWUaFr&KID=unistore,video",
4503773650641667,J1Aax2GVt,1651428902,21世纪经济报道,#白宫拒绝增产N95#【美媒：一大型口罩生产厂商曾提议增产N95，不料遭白宫拒绝】新冠肺炎疫情初期，大量口罩订单就不断涌入美国一家大型医疗用品公司，副总裁迈克尔·鲍恩称，当时公司可以提高产量，每周多生产170万个N95口罩，他第一时间向美国卫生与公众服务部提出建议，生产更多的N95口罩，不料却遭到白宫拒绝。#特朗普要求所有白宫人员佩戴口罩#@央视网L小央视频的秒拍视频,,,央视网,"白宫拒绝增产N95,特朗普要求所有白宫人员佩戴口罩",8,18,12,2020-05-12 14:59,iPhone客户端,,"http://miaopai.video.weibocdn.com/535O1Uealx07DfjgW29i01041200da1Q0E013.mp4?label=mp4_ld&template=640x360.25.0&trans_finger=40a32e8439c5409a63ccf853562a60ef&Expires=1592211323&ssig=xxnYclJFBG&KID=unistore,video",
4503773618319781,J1AatyUm1,6502569261,东方网1站视频,【#美囚犯为获释故意试图感染新冠# 共享口罩和热水】美国加利福尼亚州洛杉矶县治安官在11日表示，当地一所监狱内的多名囚犯试图故意感染新冠肺炎。在发现此事件后的一周内，已有21人确诊。监控录像显示，有多名在押囚犯聚集在热水机周围共用一个杯子喝水，并且一起“闻”一个口罩。维拉纽瓦还称，有囚犯在体温检测前会多喝热水，以试图提升自身体温。#美国新冠肺炎死亡病例超8万# #特朗普与女记者僵持不下转身就走#@东方网L微美国USA的微博视频,,,东方网,"美囚犯为获释故意试图感染新冠,美国新冠肺炎死亡病例超8万,特朗普与女记者僵持不下转身就走",0,0,0,2020-05-12 14:59,专业版微博,,"http://f.video.weibocdn.com/qKfnWlI5lx07DcM09Xb20104120068Hk0E010.mp4?label=mp4_ld&template=640x360.25.0&trans_finger=bdef57f06ae52835a2c783ca389e8517&Expires=1592211323&ssig=2rduNmOx5b&KID=unistore,video",
4503773584547701,J1Aaqj541,7388790630,五月天的任意门钠,#吴尊友表示国内疫情不会再现小高峰##特朗普与女记者僵持不下转身就走##中国百亿富人达315位#世间向来没有无缘无故的好，也没有平白无故的爱，珍惜别人的付出，没有谁本该如此。感情需要平等，还要懂得尊重，不懂得尊重别人的人，也不会得到真心的情。请善待每一个遇见，珍惜每一份情缘。,,南京,,"吴尊友表示国内疫情不会再现小高峰,特朗普与女记者僵持不下转身就走,中国百亿富人达315位",0,0,0,2020-05-12 14:59,荣耀10 AI变色更潮美,"['http://ww2.sinaimg.cn/large/00842BYqgy1gepoczgixkj30u00vy41s.jpg', 'http://ww2.sinaimg.cn/large/00842BYqgy1gepod04lrnj30u01hcaf0.jpg', 'http://ww3.sinaimg.cn/large/00842BYqgy1gepod0ppcfj30u0140jxu.jpg', 'http://ww3.sinaimg.cn/large/00842BYqgy1gepod17pyzj30u01en79w.jpg', 'http://ww4.sinaimg.cn/large/00842BYqgy1gepod1nhjjj30u00u0q7o.jpg', 'http://ww2.sinaimg.cn/large/00842BYqgy1gepod1z5rjj309q0hat9m.jpg', 'http://ww4.sinaimg.cn/large/00842BYqgy1gepod2aoxmj30h60h574v.jpg', 'http://ww4.sinaimg.cn/large/00842BYqgy1gepod2sif8j30u0140ah8.jpg', 'http://ww4.sinaimg.cn/large/00842BYqgy1gepod379ltj30r01b877o.jpg']",,
4503773488182130,J1AagykxQ,5521606430,遵义发布,【特朗普指控奥巴马犯下“空前的政治重罪”被质问又说不出所以然】母亲节当天，特朗普在推特上发文指控奥巴马犯下了“美国历史上最严重的政治罪行”。5月11日，记者会上有记者追问特朗普前总统奥巴马到底犯了什么罪？可特朗普绕了半天也没说明白，只是让记者自己回家看报纸。L微丢的微博视频@微丢,,,微丢,,1,0,0,2020-05-12 14:58,,,"http://f.video.weibocdn.com/s8ijrWsjlx07DcSmxKZq0104120074qb0E010.mp4?label=mp4_ld&template=640x360.25.0&trans_finger=40a32e8439c5409a63ccf853562a60ef&Expires=1592211323&ssig=lUBbXT%2BufS&KID=unistore,video",
4503773450592255,J1Aad2u4v,3309551682,蓟州发布,#蓟州资讯#【#特朗普崩溃了#遭记者追问特朗普转身走人】11日记者会上，特朗普称“美国所做检测比任何国家都多”。美国CBS记者提问：“美国的病例仍在增加，为什么你却将此视作国际竞赛？”特朗普点名CNN记者提问。CBS记者继续质问特朗普，却被说问题“肮脏”。随后，特朗普又不再允许此前点名的CNN记者提问，记者坚持提问，特朗普走了…（央视记者殷岳）（来自央视新闻）L央视新闻的微博视频,,,,"蓟州资讯,特朗普崩溃了",0,0,0,2020-05-12 14:58,专业版微博,,"http://f.video.weibocdn.com/SxhhBPCHlx07DcRoRvGM010412005MxF0E010.mp4?label=mp4_ld&template=360x640.24.0&trans_finger=81b11b8c5ffb62d33ceb3244bdd17e7b&Expires=1592211323&ssig=VL%2BJe6t03b&KID=unistore,video",
4503773278648700,J1A9VAhVa,6941790656,川西监狱,#特朗普与女记者僵持不下转身就走#【#白宫记者会激烈交锋#！特朗普拿中国搪塞躲锅未遂，转身离场……】#特朗普被记者追问后转身离场#当地时间11日，白宫玫瑰园新冠肺炎疫情新闻发布会现场。哥伦比亚广播公司（CBS）的白宫记者姜伟佳（音译）提问特朗普：“你已经说过很多次了，美国在（病毒）检测方面比其他任何国家都做得好。为什么这很重要？美国人每天都在丧失生命，我们每天都能看到更多病例（出现），为什么这（检测）对你来说（却）是一场全球竞赛？”特朗普：“世界各地都有人在丧失生命，也许你应该问中国这个问题，不要问我，去问中国，好吗？当你问他们这个问题时，你可能会得到一个不同寻常的答案。好，请你后面那位提问。”听到这回答，女记者迟疑了一下，也回头看了看，原本在她身后穿浅色衣服的女记者走到她身旁准备提问。这时亚裔女记者突然半起身，继续追问特朗普：“总统先生，你为什么要专门对我这么说，让我去问中国？”特朗普：“我告诉你啊，我不是专门对任何人说的，我是专门对任何会问这种让人讨厌的问题的人说的。继续吧，下一位。”亚裔女记者继续追问：这有什么问题吗？特朗普无视：“还有人提问吗？”接下来更尴尬的一幕出现。原本要提问的浅色衣服女记者举手说，“我有两个问题要问。”特朗普：不。浅衣女记者：但是你刚刚叫我提问了啊。我有两个问题。特朗普：不，下一个。浅衣女记者：但你真的叫我提问了。特朗普：我是叫了，但你没回应我。所以我现在叫你后面那位女记者提问。浅衣女记者还在争辩。“女士们先生们，感谢各位，非常感谢”，特朗普说完，转身走了。#特朗普与女记者僵持不下转身就走#详戳：O白宫记者会激烈交锋！特朗普拿中国搪塞躲锅未遂，转身离场……@环视频L环视频的微博视频@环球网@法治四川,,,"环视频,环球网,法治四川","特朗普与女记者僵持不下转身就走,白宫记者会激烈交锋,特朗普被记者追问后转身离场",0,0,6,2020-05-12 14:58,HUAWEI Mate 9,,"http://f.video.weibocdn.com/n5402MBQlx07DcHPZk1i01041200aQ9H0E010.mp4?label=mp4_ld&template=640x360.25.0&trans_finger=40a32e8439c5409a63ccf853562a60ef&Expires=1592211323&ssig=18dwxjsjTS&KID=unistore,video",
4503773278416282,J1A9Vzjsu,5722860564,股配股指期货-清风,【巴菲特支持的美国最大太阳能项目获批】5月12日讯，特朗普政府周一（美东时间5月11日）批准了巴菲特投资的美国最大太阳能项目，项目投资额约10亿美元。该项目位于加州拉斯维加斯北部、装机容量690兆瓦，建成后将是美国第一、全球第八大太阳能发电厂，为伯克希尔·哈撒韦公司的子公司内华达州能源公司提供电力。,,,,,1,0,6,2020-05-12 14:58,微博 weibo.com,,,
4503773214845882,J1A9PkkDo,5315157828,新盟商业评论,#白宫拒绝增产N95#【美媒：一大型口罩生产厂商曾提议增产N95不料遭白宫拒绝】新冠肺炎疫情初期，大量口罩订单就不断涌入美国一家大型医疗用品公司，副总裁迈克尔·鲍恩称，当时公司可以提高产量，每周多生产170万个N95口罩，他第一时间向美国卫生与公众服务部提出建议，生产更多的N95口罩，不料却遭到白宫拒绝。#特朗普要求所有白宫人员佩戴口罩#L小央视频的秒拍视频,,,,"白宫拒绝增产N95,特朗普要求所有白宫人员佩戴口罩",0,0,0,2020-05-12 14:57,HUAWEI P30,,"http://miaopai.video.weibocdn.com/535O1Uealx07DfjgW29i01041200da1Q0E013.mp4?label=mp4_ld&template=640x360.25.0&trans_finger=40a32e8439c5409a63ccf853562a60ef&Expires=1592211323&ssig=xxnYclJFBG&KID=unistore,video",
4503773155962954,J1A9Jp1eG,6885292864,Springlike_8,"美国内、外、世界各地都有转发特朗普""askChina""答华裔记者的提问。（提问的华裔记者是2岁时随父母从福建移民去美国的）特朗普有时候很滑稽，但为美国人民真的鞠躬尽瘁！每天开疫情招待会，随时有反对党挑刺；不仅被其它国家骂、美国人民自己也是天天媒体上骂他、各种讽刺；答记者问环节媒体是不依不饶的哪壶不开提哪壶的向他提问；各个州一起抱团抗疫不听他的指挥；针对他的抗疫前总统奥巴马专题演讲说他的抗疫本身就是灾难。当然了特朗普的大嘴巴也不是吃素的，奥巴马演讲结束特朗普马上发推讽刺奥巴马时的抗流感并说奥巴马针对他抗疫的演讲是犯罪要起诉奥巴马。不愧是人类的灯塔国！其它国家没经过审核的提问记者参会都没资格，就更不要说会有滑稽可笑的回答、前总统的演讲、各种媒体上的骂和讽刺了",,,,,0,0,0,2020-05-12 14:57,iPhone客户端,"['http://ww1.sinaimg.cn/large/007vXZcIly1gepnhdxdlcj30k40gnwgw.jpg', 'http://ww2.sinaimg.cn/large/007vXZcIly1gepnhe8o40j30k90l2tbx.jpg', 'http://ww2.sinaimg.cn/large/007vXZcIly1gepnhddy5oj30ku0f0mzi.jpg', 'http://ww4.sinaimg.cn/large/007vXZcIly1gepnhfxw6mj30lu0dtzmb.jpg', 'http://ww1.sinaimg.cn/large/007vXZcIly1gepnhg9ntaj30ku0h0gnc.jpg', 'http://ww4.sinaimg.cn/large/007vXZcIly1gepnhgjexvj30kk0lptb4.jpg', 'http://ww3.sinaimg.cn/large/007vXZcIly1gepnk3lwswj30jq0h4dib.jpg', 'http://ww3.sinaimg.cn/large/007vXZcIly1gepnk45mjqj30k80j2go6.jpg']",,
4503773139591789,J1A9HEfgh,5119715070,菲斯莱茵faceline李真秀,在实施凸嘴、地包天矫治这类复杂的双鄂手术时，术前对于面部组织、轮廓的分析是很重要的。手术中的大部分以骨骼数据为基准，但作为主刀医生，必须考虑到骨骼移动、牙齿的移动所带来的面部组织的变化。#菲斯莱茵高级脸##韩国菲斯莱茵整形医院##N童颜双颚手术##菲斯莱茵轮廓四件套##突嘴手术##特朗普与女记者僵持不下转身就走#,,,,"菲斯莱茵高级脸,韩国菲斯莱茵整形医院,N童颜双颚手术,菲斯莱茵轮廓四件套,突嘴手术,特朗普与女记者僵持不下转身就走",0,0,0,2020-05-12 14:57,微博 weibo.com,"['http://ww3.sinaimg.cn/large/005AtNLwly1gepo9joe1yj30n40n4tb0.jpg', 'http://ww3.sinaimg.cn/large/005AtNLwly1gepo9jrmm0j30ic0c6wv4.jpg']",,
4503773006138539,J1A9upKUH,6583428541,腾讯证券,【数说A股：巨亏3500亿后巴菲特再下注，特朗普已批，这些A股已提前布局】据悉，巴菲特投资的美国最大太阳能项目周一获美国政府批准。与此同时，特斯拉宣布布局太阳能屋顶，A股市场掀起了一波“光伏热”，协鑫集成、珈伟新能、晶瑞股份、露笑科技、银星能源等光伏概念股整体回调幅度较大。详情请戳：O数说A股：巨亏3500亿后巴菲特再下注，特朗普已批，这些A股已提前布局,,,,,2,1,0,2020-05-12 14:57,微博 weibo.com,,,
4503772975635180,J1A9rnDY0,1029374230,范炜,【纽约“零号病人”首次发声】“真是一段漫长的旅程。感谢活着。”50岁的美国律师劳伦斯·加布兹，被称为纽约“零号病人”，2月份确诊。他说，一开始，以为不过是患上感冒、有些咳嗽，尝试让自己好起来。起初，这个病毒根本没在脑海里出现过，也没有将注意过相关报道。同时，他还否认有出国经历，“我是一名律师，整天坐在办公桌前。”“进入急诊室后，我完全无法回忆起任何发生的事情，直到我从昏迷中醒来为止。”他本是一个健康充满活力的人，但一夜之间就病倒了。共昏迷三个星期，在ICU住了两个星期。其身边多达28人被感染，包括妻子、子女、邻居、朋友和其他家庭成员。回忆这段经历时，加布兹感慨万千。#特朗普与女记者僵持不下转身就走##我倡导分餐制#,,,,"特朗普与女记者僵持不下转身就走,我倡导分餐制",4,5,5,2020-05-12 14:56,360安全浏览器,['http://ww3.sinaimg.cn/large/3d5b0116ly1gepoajfjf3j20dc070q34.jpg'],,
4503772929773981,J1A9mF0ER,2722976181,行知津沽书院,对比工业，中国已经超过了美国，是第一大工业国，全球130多个国家的最大贸易伙伴，2017年的工业产值比美国、日本、德国的工业产值加起来还要高，按照正常的发展速度，将在未来的10-15年占到全球工业产值的40%-50%美国的工业霸权已经彻底的失去，从奥巴马到特朗普无一不梦想工业回流，但是所有的努力都失败了。,,,,,0,0,0,2020-05-12 14:56,iPhone客户端,,,
4503772912813264,J1A9lbNRe,1942357207,铜陵公安在线,#铜sir提醒#【天热口罩戴不住，会不会导致疫情小高峰？首席专家回应了】中国疾控中心流行病学首席专家吴尊友表示，我们的监测系统只要发现病例，及时进行排查、追踪，很快就能把疫情扑灭，因此不会出现小的流行峰。但仍然要克服困难，坚持戴口罩。#特朗普与女记者僵持不下转身就走#L小央视频的秒拍视频,,,,"铜sir提醒,特朗普与女记者僵持不下转身就走",21,22,21,2020-05-12 14:56,360安全浏览器,,"http://miaopai.video.weibocdn.com/ON171p50lx07DfhEqqJa010412006Rh80E013.mp4?label=mp4_ld&template=640x360.25.0&trans_finger=40a32e8439c5409a63ccf853562a60ef&Expires=1592211323&ssig=oLopHHTRN9&KID=unistore,video",
4503772909698163,J1A9kEGVZ,2941803627,BFTK线向上,【巴菲特支持的美国最大太阳能项目获批】5月12日讯，特朗普政府周一（美东时间5月11日）批准了巴菲特投资的美国最大太阳能项目，项目投资额约10亿美元。该项目位于加州拉斯维加斯北部、装机容量690兆瓦，建成后将是美国第一、全球第八大太阳能发电厂，为伯克希尔·哈撒韦公司的子公司内华达州能源公司提供电力。（财联社）,,,,,0,0,18,2020-05-12 14:56,HUAWEI Mate 20 X 5G,,,
4503772895988061,J1A9jp7LD,1638782947,新浪财经,#白宫拒绝增产N95#【美媒：一大型口罩生产厂商曾提议增产N95不料遭白宫拒绝】新冠肺炎疫情初期，大量口罩订单就不断涌入美国一家大型医疗用品公司，副总裁迈克尔·鲍恩称，当时公司可以提高产量，每周多生产170万个N95口罩，他第一时间向美国卫生与公众服务部提出建议，生产更多的N95口罩，不料却遭到白宫拒绝。#特朗普要求所有白宫人员佩戴口罩#L小央视频的秒拍视频,,,,"白宫拒绝增产N95,特朗普要求所有白宫人员佩戴口罩",14,37,189,2020-05-12 14:56,微博 weibo.com,,"http://miaopai.video.weibocdn.com/535O1Uealx07DfjgW29i01041200da1Q0E013.mp4?label=mp4_ld&template=640x360.25.0&trans_finger=40a32e8439c5409a63ccf853562a60ef&Expires=1592211323&ssig=xxnYclJFBG&KID=unistore,video",
4503772837461726,J1A9dvj8q,6140527088,球球不可爱吖,吃鸡大吉大利，恭喜跟上的兄弟们👍👍👍#韩k联##韩职联#还是一如既往的高命中🔥🔥🔥「排列三」「排列三推荐」2000「02排列三」06排列三推荐「堡垒之夜」「奔跑吧」「每日穿搭」「排列三推荐」「中超」「排列三」」「排列三推荐」大家下午好在没有「足球」比赛的这段时间里，排列三勇往直前，为大家创造了娱乐的条件#德甲#想玩排列三的的亲们，滴滴我哟，一起「排列三」」「排列三推荐」大家下午好在没有足球比赛的这段时间里，#德甲联赛#排列三勇往直前，为大家创造了娱乐的条件#韩k联##韩职联#想玩排列三的的亲们，滴滴我哟，一起吃鸡大吉大利[]️「体彩排列三讨论」#德甲#「排列三推荐」「体彩」「特朗普宣布暂停资助世卫组织「体彩」「排列三推荐」「大乐透」吃鸡大吉大利[]️「体彩排列三讨论」「排列三推荐」「体彩」「特朗普宣布暂停资助世卫组织「体彩」「排列三推荐」「体彩大乐透#韩k联##韩职联#,,,,"韩k联,韩职联,德甲,德甲联赛",0,27,106,2020-05-12 14:56,iPhone客户端,"['http://ww2.sinaimg.cn/large/006Hz1Buly1gepo9t7i84j30oe0ppjvs.jpg', 'http://ww3.sinaimg.cn/large/006Hz1Buly1gepo9tr5z7j30u02sa4jh.jpg', 'http://ww2.sinaimg.cn/large/006Hz1Buly1gepo9u3oymj30vk0mstgm.jpg', 'http://ww1.sinaimg.cn/large/006Hz1Buly1gepo9sz2i6j30w40kdaga.jpg', 'http://ww4.sinaimg.cn/large/006Hz1Buly1gepo9uc990j30gy0gggpc.jpg', 'http://ww1.sinaimg.cn/large/006Hz1Buly1gepo9w9uk7j30u01sz1kz.jpg']",,
4503758409863445,J1zLWFnVP,5137261048,中国侨网,【#特朗普与女记者僵持不下转身就走#】5月11日，美国白宫，特朗普被CBS华裔记者姜伟佳问到，为何每天都有美国人失去生命，“你却把全球抗疫竞争看得如此重要”。特朗普表示全球各地都有人丧生，并话锋一转，要记者“去问中国，不要问我”。随后，特朗普点了CNN记者卡特琳•柯林斯提问，但柯林斯问姜伟佳是否要继续刚才的问题。姜伟佳又问到：“你为什么要专门针对我？”特朗普：“我没有针对任何人，只是针对那些问出恶心问题的人。”当柯林斯准备提问时，特朗普又打断她“麻烦下一位”。柯林斯：“可是你点我了呀。”特朗普不开心：“我是点了。但你没回应我。我现在要点后面那位年轻女士。”但柯林斯仍想提问，双方僵持不下。于是，特朗普猛一转身，头也不回地离开了现场。#美国疫情#L微丢的微博视频,,,,"特朗普与女记者僵持不下转身就走,美国疫情",1,1,4,2020-05-12 13:59,微博 weibo.com,,"http://f.video.weibocdn.com/xSncoVK4lx07DcEkAsiA01041200bQrW0E010.mp4?label=mp4_ld&template=360x640.24.0&trans_finger=81b11b8c5ffb62d33ceb3244bdd17e7b&Expires=1592211337&ssig=aKqb8Ybm5g&KID=unistore,video",
4503758409485724,J1zLWDNFy,2118205862,宁夏新闻网,【“特朗普是我遇到的最糟糕的总统”美专家披露美国确诊人数激增的四大原因】据美国约翰斯·霍普金斯大学实时统计数据显示，截至北京时间10日上午10点32分，美国累计新冠肺炎确诊病例升至1309550例。美国确诊人数为何一直居高不下？近日，哥伦比亚大学可持续发展中心主任杰弗里•萨克斯接受了CGTN专访，并作出了分析......O“特朗普是我遇到的最糟糕的总统”美专家披露美国确诊人数激增的四大原因,,,,,0,0,0,2020-05-12 13:59,微博 weibo.com,"['http://ww1.sinaimg.cn/large/7e4141a6ly1geplf5jzojj20ne0dntj2.jpg', 'http://ww4.sinaimg.cn/large/7e4141a6ly1geplf5jy09g20o30dzhdu.jpg', 'http://ww3.sinaimg.cn/large/7e4141a6ly1geplf7qj61g20o30dz1l4.jpg', 'http://ww4.sinaimg.cn/large/7e4141a6ly1geplf7eai8g20o30dzqv7.jpg']",,
4503758338232074,J1zLPyxxo,6135006036,好省健康运动菌,"#奥巴马批评特朗普疫情应对#薄荷最常用的食法就是熬粥待快收火时，把薄荷叶洗净、切碎，就像撒葱粒一样撒上一把，发出香味即可关火。特别是烹煮各类海鲜粥、肉片粥、鱼片粥、骨腩粥时，薄荷的辛辣感还可以起到祛腥、提味的作用，增加粥品的鲜美口感。下载好省APP,0投资购物省钱分享赚钱，免费教免费带，邀请口令：不醉也归",,,,奥巴马批评特朗普疫情应对,0,1,1,2020-05-12 13:58,微博 weibo.com,['http://ww3.sinaimg.cn/large/006HbRkgly1gepmm10nu9j30be07emx9.jpg'],,
4503758182260344,J1zLA9u1a,5320660853,笑出腹肌的美少女,#特朗普与女记者僵持不下转身就走#当柯林斯准备提问时，特朗普又打断她“麻烦下一位”。柯林斯：“可是你点我了呀。”特朗普不开心：“我是点了。但你没回应我。我现在要点后面那位年轻女士。”但柯林斯仍想提问，双方僵持不下。于是，特朗普猛一转身，头也不回地离开了现场。对此，你想说点什么?你想说点什么?,,,,特朗普与女记者僵持不下转身就走,0,2,265,2020-05-12 13:58,微博 weibo.com,,,
4503758161335626,J1zLy5Bsm,1842106923,爱锦州官方微博,爱锦州【监控拍到厨师往饭菜里吐口水，该店被处罚】饭店的菜里有烟头？顾客查看后厨监控却发现更恶心的一幕……菜里吃出烟头服务员称不小心掉入5月10日下午，陕西西安市民郑先生前往一家饭店吃饭。因为有孩子，他们专门点了一个烩菜，菜上来之后，觉得味道比较重，决定再点一个菜给孩子们吃。服务员则表示，可以让厨师重新做一份，但随后，郑先生竟发现重做的烩菜里有个烟头。服务员最初解释，可能是不小心掉进去的，可以退。查看监控发现厨师故意吐口水郑先生对此表示怀疑，问道是不是厨师故意丢烟头。服务员说不会的，不相信的话可以看监控。于是，郑先生去查看监控，发现厨师在后厨不仅不戴口罩，还专门向炒菜锅里吐口水。“监控里看得非常清楚，厨师专门弯腰朝向炒菜锅吐。”工作人员的解释是，厨师吐在了锅沿，并没有吐到锅里。据悉，当事厨师姓王，今年22岁。他解释道，由于最近咽炎犯了，闻到油烟味不舒服，就吐了口水，“吐在了地上。”郑先生并不认同菜馆的解释，“监控能说明一切，太没职业道德了。”市场监管部门介入调查该店停业整顿目前，西安雁塔区市场监督管理局介入调查，责令该店立即停业整改，纠正其违法行为，对经营活动中使用的食品及原材料抽检，并将根据调查取证情况，对该企业下达《行政处罚告知书》，拟处以10万元罚款并吊销其《食品经营许可证》的处罚。#美国新冠肺炎确诊超134万##特朗普要求所有白宫人员佩戴口罩##汶川地震十二年##美国新冠肺炎死亡病例超8万##法国人0点01分进店剪头##周杰伦林俊杰合唱##护士节##虎门大桥悬索桥已通过结构安全评估##组织学生应援肖战老师被停职##世卫组织警告群体免疫想法很危险##纽约州长重申美国新冠病毒源自欧洲##毛肚原来长这样##清平乐人设崩塌##烫大波浪的女孩有多好看##宋茜清唱生来倔强##王凯演技##香港海洋公园面临倒闭##周杰伦送医护粉丝演唱会门票##哪一瞬间让你想辞职##空降兵十五勇士的惊天一跳##致敬四万八千人抗疫医护名单#（全媒体编辑：李怡芳来源：华商报）L爱锦州官方微博的微博视频,,,,"美国新冠肺炎确诊超134万,特朗普要求所有白宫人员佩戴口罩,汶川地震十二年,美国新冠肺炎死亡病例超8万,法国人0点01分进店剪头,周杰伦林俊杰合唱,护士节,虎门大桥悬索桥已通过结构安全评估,组织学生应援肖战老师被停职,世卫组织警告群体免疫想法很危险,纽约州长重申美国新冠病毒源自欧洲,毛肚原来长这样,清平乐人设崩塌,烫大波浪的女孩有多好看,宋茜清唱生来倔强,王凯演技,香港海洋公园面临倒闭,周杰伦送医护粉丝演唱会门票,哪一瞬间让你想辞职,空降兵十五勇士的惊天一跳,致敬四万八千人抗疫医护名单",0,0,1,2020-05-12 13:58,微博 weibo.com,,"http://f.video.weibocdn.com/pCuNelvLlx07DcNy5saA010412003qb80E010.mp4?label=mp4_ld&template=360x720.24.0&trans_finger=81b11b8c5ffb62d33ceb3244bdd17e7b&Expires=1592211337&ssig=TjnKR08yig&KID=unistore,video",
4503758124792096,J1zLuk6DS,1569569157,晨报李国平,【#特朗普崩溃了#遭记者追问特朗普转身走人】11日记者会上，特朗普称“美国所做检测比任何国家都多”。美国CBS记者提问：“美国的病例仍在增加，为什么你却将此视作国际竞赛？”特朗普点名CNN记者提问。CBS记者继续质问特朗普，却被说问题“肮脏”。随后，特朗普又不再允许此前点名的CNN记者提问，记者坚持提问，特朗普走了…（央视记者殷岳）L央视新闻的微博视频,,,,特朗普崩溃了,0,0,4,2020-05-12 13:57,iPhone客户端,,"http://f.video.weibocdn.com/SxhhBPCHlx07DcRoRvGM010412005MxF0E010.mp4?label=mp4_ld&template=360x640.24.0&trans_finger=81b11b8c5ffb62d33ceb3244bdd17e7b&Expires=1592211337&ssig=RlXkyA4GqT&KID=unistore,video",
4503757989702955,J1zLgEIbh,1699526244,Technology-Daren,#特朗普怼记者#当地时间5月11日，美国总统特朗普在例行记者会上与一名记者发生言语冲突后，突然结束了新闻发布会。“您说了多次，在测试方面，美国的表现远胜于其他任何国家。为什么这如此重要？”她问。“如果许多美国人每天仍在丧生，我们每天仍在看到更多病例，为什么这对您来说是一场全球竞争？”　　特朗普回答说：“好吧，世界各地到处都有人在丧生。也许这是您应该问中国的问题。不要问我。”　　随后特朗普指着WeijiaJiang后方的记者提问。被特朗普点到的是CNN记者KaitlanCollins。KaitlanCollins在往话筒走的时候，小声对WeijiaJiang说：“你要跟进吗？　　随后WeijiaJiang继续向特朗普提问：“你为什么要特别对我这么说（去问中国）？”　　特朗普回应称：“我不是在针对任何人说这句话，而是对任何会问这种恶心的问题的人说。”　　WeijiaJiang回应：“这不是一个恶心的问题。”　　随后CNN记者KaitlanCollins站到了话筒前准备提问时，特朗普又点了PBS的另一名记者YamicheAlcindor。KaitlanCollins说：你点了我。特朗普说：我点了你，但你没提问。僵持之下，特朗普突然宣布记者会到此结束，并转身离去。L白宫记者会激烈交锋！特朗普拿中国搪塞未遂，转身离场,,,,特朗普怼记者,0,0,0,2020-05-12 13:57,360安全浏览器,,http://api.ivideo.sina.com.cn/public/video/play/url?appname=weibocard&appver=0.1&applt=web&tags=weibocard&direct=1&vid=33558340703,
4503757797642175,J1zKXw44T,1265824581,锌刻度zn,【#特朗普崩溃了#遭记者追问特朗普转身走人】11日记者会上，特朗普称“美国所做检测比任何国家都多”。美国CBS记者提问：“美国的病例仍在增加，为什么你却将此视作国际竞赛？”特朗普点名CNN记者提问。CBS记者继续质问特朗普，却被说问题“肮脏”。随后，特朗普又不再允许此前点名的CNN记者提问，记者坚持提问，特朗普走了…（央视新闻）L央视新闻的微博视频,,,,特朗普崩溃了,0,0,1,2020-05-12 13:56,微博 weibo.com,,"http://f.video.weibocdn.com/SxhhBPCHlx07DcRoRvGM010412005MxF0E010.mp4?label=mp4_ld&template=360x640.24.0&trans_finger=81b11b8c5ffb62d33ceb3244bdd17e7b&Expires=1592211337&ssig=RlXkyA4GqT&KID=unistore,video",
4503757797342694,J1zKXuOay,5469423109,广东巫多多,【白宫全员戴口罩，特朗普不戴：远离所有人】5月11日，特朗普在白宫记者会上称已要求工作人员佩戴口罩，自己没有戴是因为时刻保持了社交距离。近日，新冠疫情在白宫蔓延开来，总统副总统身边均出现确诊病例。#特朗普要求所有白宫人员佩戴口罩#（视频来源：CBSCNNBloomberg）O白宫全员戴口罩，特朗普不戴：远离所有人L澎湃新闻的微博视频,,,,特朗普要求所有白宫人员佩戴口罩,0,0,1,2020-05-12 13:56,Android,,"http://f.video.weibocdn.com/TUvhNeCYlx07DcJi6fAQ010412006TBq0E010.mp4?label=mp4_ld&template=640x360.25.0&trans_finger=bdef57f06ae52835a2c783ca389e8517&Expires=1592211337&ssig=7iDxsUcKIq&KID=unistore,video",
4503757654639032,J1zKJjsP6,6940967755,星炬网,【#特朗普称要求白宫人员佩戴口罩#自己可以不戴：我离所有人都很远】当地时间11日，美国白宫要求在西翼办公区的工作的人士都需全程戴口罩，坐在自己办公桌前的时候除外。美国总统特朗普在当天的记者会上证实了这一消息，他说“我今天见过的所有人都戴着口罩”“是我提出了这个要求。”在解释自己为何还不戴口罩时，特朗普称因为距离其他人都比较远“就我而言，我和任何人都离得不近”。L海客新闻的秒拍视频,,,,特朗普称要求白宫人员佩戴口罩 ,0,0,0,2020-05-12 13:56,微博 weibo.com,,"http://miaopai.video.weibocdn.com/1KzeBtaJlx07DfgudCBG010412007D1J0E013.mp4?label=mp4_ld&template=640x360.25.0&trans_finger=40a32e8439c5409a63ccf853562a60ef&Expires=1592211337&ssig=PE4ykGYXdG&KID=unistore,video",
4503757654551847,J1zKJj68T,2647971081,燕赵晚报,【#特朗普崩溃了#遭记者追问特朗普转身走人】11日记者会上，特朗普称“美国所做检测比任何国家都多”。美国CBS记者提问：“美国的病例仍在增加，为什么你却将此视作国际竞赛？”特朗普点名CNN记者提问。CBS记者继续质问特朗普，却被说问题“肮脏”。随后，特朗普又不再允许此前点名的CNN记者提问，记者坚持提问，特朗普走了…（央视新闻）L央视新闻的微博视频,,,,特朗普崩溃了,0,2,4,2020-05-12 13:56,微博 weibo.com,,"http://f.video.weibocdn.com/SxhhBPCHlx07DcRoRvGM010412005MxF0E010.mp4?label=mp4_ld&template=360x640.24.0&trans_finger=81b11b8c5ffb62d33ceb3244bdd17e7b&Expires=1592211337&ssig=RlXkyA4GqT&KID=unistore,video",
4503757616690671,J1zKFs4y3,1286892865,源价值,"美国“波士顿环球报”网站5月8日发表文章称，美国总统特朗普（DonaldTrump）在新冠肺炎疫情流行期间的表现，让美国的总统领导力降至美国历史上的最低点。文章称，虽然特朗普不应对7万多美国人死于新冠病毒承担全部责任，但毫无疑问，他对这一流行病的灾难性反应，导致死亡人数还在不断上升。特朗普作为总统，曾多次提议大幅削减全球卫生项目，还一直试图剥夺数以百万计美国人的医疗保险。文章称，最能说明特朗普可怕性格的例子，莫过于他对前美国总统布什（BushJunior）最近发表的呼吁国家团结视频的反应。特朗普不但没有附和布什的言论，反而批评这位美国前总统没有在今年早些时候的弹劾审理中为他辩护，指责布什“面对美国历史上最大的骗局一言不发”。文章批评称，特朗普从不同情他人的焦虑，无法理解他人的苦难，也不会考虑除了他自己和他脆弱的自尊之外的任何事情。对特朗普来说，世界永远围着他转。文章认为，正是这一点，让美国的总统领导力在新冠疫情期间降至美国历史上的最低点。椭圆形办公室的主人不仅有责任协调联邦政府对紧急状况的反应，他或她还有责任充当国家的良知，与国同悲，帮助国家团结在统一的原则之下，传递坚韧与复兴的力量。特朗普在此次新冠肺炎疫情期间的表现同样遭到前美国总统奥巴马（BarackObama）的强烈批评。美国CNN电视台5月9日报道称，奥巴马8日晚在一次私人电话会议上，称美国对这一流行病的反应是""绝对混乱的灾难""。奥巴马说，这位来自共和党的继任者领导的政府对新冠的举措负有部分责任。奥巴马表示，“即使政府做到了最好，情况也会很糟糕”，“而当‘这里面有我什么好处’和‘让所有他人都见鬼去吧’的心态在我们政府运作中作崇，（结果）就是一个绝对混乱的灾难”。美国杂志《大西洋月刊》出版了一篇题为《我们生活在一个失败国家》的文章称，新冠肺炎疫情暴露出美国种种政治和社会深层次问题，直言“新冠病毒并未让美国解体，而只是揭露了已经解体的美国”，也间接抨击了特朗普政府应对疫情的失败。",,,,,2,0,3,2020-05-12 13:55,微博 weibo.com,,,
4503757582682707,J1zKCbfTt,6980506406,用户6980506406,有个人跟特朗普一样一样的，不知是那个人死后附身特朗普还是特朗普跟那个人学的，只是特朗普还没有那个人会藏奸【特朗普指控奥巴马犯下“空前的政治重罪”被质问又说不出所以然】母亲节当天，特朗普在推特上发文指控奥巴马犯下了“美国历史上最严重的政治罪行”。5月11日，记者会上有记者追问特朗普前总统奥巴马到底犯了什么罪？可特朗普绕了半天也没说明白，只是让记者自己回家看报纸。L微丢的微博视频,,,,,0,0,0,2020-05-12 13:55,荣耀 9X,,"http://f.video.weibocdn.com/s8ijrWsjlx07DcSmxKZq0104120074qb0E010.mp4?label=mp4_ld&template=640x360.25.0&trans_finger=40a32e8439c5409a63ccf853562a60ef&Expires=1592211337&ssig=srZA9DSP32&KID=unistore,video",
4503757566604845,J1zKArIdL,1823184085,美国侨报网,【特朗普让华裔记者“去问中国”怼完结束发布会转身走了】11日记者会上，CBS记者WeijiaJiang询问特朗普，为什么对他来说测试仿佛“全球竞赛”。特朗普回答：“不要问我，去问中国，好吗？”随后被点到的CNN记者柯林斯问Jiang是否要跟进，幼年移民来美的Jiang问总统：“你为什么要特别对我这么说？”特朗普拒绝接受柯林斯的提问，并突然宣布记者会结束。详情：O网页链接#特朗普被华裔记者提问后称你问中国去#,,,,特朗普被华裔记者提问后称你问中国去,1,5,9,2020-05-12 13:55,微博 weibo.com,"['http://ww4.sinaimg.cn/large/6cab94d5ly1gepmcy6xp7j218y0u04qp.jpg', 'http://ww4.sinaimg.cn/large/6cab94d5ly1gepmczaz81j219y0u0npg.jpg', 'http://ww3.sinaimg.cn/large/6cab94d5ly1gepmd6ypu0j216d0u0u10.jpg']",,
4503757465204342,J1zKqlPT0,6033106578,江苏微热门,【白宫疫情新闻发布会上，#特朗普与女记者僵持不下转身就走#】当地时间周一下午，特朗普在白宫玫瑰园召开新冠疫情新闻发布会时与CBS和CNN两位记者先后发生争执，提前离席结束发布会。CBS华裔记者姜伟佳（音译）问，美国人民不断在死去，每天有新增病例在不断增长，为什么还要强调美国的检测比其他任何国家做的好？为什么还要进行这样的国际比较？特朗普说，世界各地都有人在死去，你倒是可以去问问中国。姜伟佳又问到：“你为什么要专门针对我？让我去问中国？”特朗普：“我没有针对任何人，只是针对那些问出恶心问题的人。”他随后拒绝让先前自己点到的CNN记者柯林斯提问，柯林斯说：“可是你点我了呀。”特朗普：“我是点了。但你没回应我。我现在要点后面那位年轻女士。”柯林斯仍想提问，双方僵持不下。于是，特朗普转身离场，提前结束了新闻发布会。（中国日报）L中报视频的秒拍视频,,,,特朗普与女记者僵持不下转身就走,0,1,0,2020-05-12 13:55,荣耀 9X,,"http://miaopai.video.weibocdn.com/IAvWyq0vlx07DfgVheX601041200g1Hs0E013.mp4?label=mp4_ld&template=640x360.25.0&trans_finger=40a32e8439c5409a63ccf853562a60ef&Expires=1592211337&ssig=9G2e63CwxK&KID=unistore,video",
4503757410534868,J1zKl2f8U,6071833795,米虫体育体彩,体育排列三讨论」加油今日个人推荐继续收米@安松礼「排列三」「排列三推荐」2000「02排列三」06排列三推荐「堡垒之夜」「奔跑吧」「每日穿搭」「排列三推荐」「中超」「排列三」」「排列三推荐」大家下午好在没有「足球」比赛的这段时间里，排列三勇往直前，为大家创造了娱乐的条件想玩排列三的的亲们，滴滴我哟，一起「排列三」」「排列三推荐」大家下午好在没有足球比赛的这段时间里，排列三勇往直前，为大家创造了娱乐的条件想玩排列三的的亲们，滴滴我哟，一起吃鸡大吉大利[]️「体彩排列三讨论」「排列三推荐」「体彩」「特朗普宣布暂停资助世卫组织「体彩」「排列三推荐」「大乐透」吃鸡大吉大利[]️「体彩排列三讨论」「排列三推荐」「体彩」「特朗普宣布暂停资助世卫组织「体彩」「排列三推荐」「体彩」「体彩大乐透」「我要上热门」「德甲5月16日重启」,,合肥,安松礼,,0,0,0,2020-05-12 13:55,小米9,,,
4503757343789321,J1zKefTM5,1842615533,CCTV今日亚洲,#美国疫情##裸奔复工#【美疫情乱象丛生“要员”隔离复工“裸奔”？】截至北京时间5月12日中午，美国新冠肺炎累计确诊已经突破134万例，美国防疫指挥部“三大要员”全部隔离观察，但美国总统特朗普仍坚持不戴口罩。面对不断增长的确诊数字，复工复产风险重重，各地冲突不断。了解更多内容，速戳央视频：O网页链接LCCTV今日亚洲的微博视频,,,,"美国疫情,裸奔复工",3,0,2,2020-05-12 13:54,搜狗高速浏览器,,"http://f.video.weibocdn.com/rCi1Bmjclx07Dd0T41W801041200LWVV0E010.mp4?label=mp4_ld&template=640x360.25.0&trans_finger=40a32e8439c5409a63ccf853562a60ef&Expires=1592211337&ssig=3m6aBOYNk5&KID=unistore,video",
4503757268577317,J1zK6zZlP,6994735714,财经半符堙,#财经资讯#【油价崩盘成负数！#特朗普称美国将储备7500万桶石油#】美国原油期货价格20日暴跌，5月交货的WTI原油期货价格暴跌约300%，收于每桶-37.63美元。历史首次跌入负值，盘中最低报每桶-40.32美元，是WTI有史以来的最低交易价格。对于美原油价格暴跌一事特朗普在20日做出表态：这很有趣，美国?,,,,"财经资讯,特朗普称美国将储备7500万桶石油",0,0,0,2020-05-12 13:54,微博 weibo.com,,,
4503757260815689,J1zK63qch,6196061342,凤凰秀官博,#凤凰时评#【向中国索偿，庚子赔款会否重演？】石齐平：新型冠状病毒疫情在欧美大肆传播，多国因疫情“向中国索赔”，让人不禁想起120年前的“辛丑条约”或“庚子赔款”。但那时列强是欺弱，现在各国是畏强。历史不会重演，毕竟，中国已经不是120年前的中国。O网页链接#特朗普与女记者僵持不下转身就走#L凤凰秀官博的微博视频,,,,"凤凰时评,特朗普与女记者僵持不下转身就走",3,0,11,2020-05-12 13:54,专业版微博,,"http://f.video.weibocdn.com/000fAlw4gx07Dd0RcMgf01041200kLai0E010.mp4?label=mp4_ld&template=632x360.25.0&trans_finger=40a32e8439c5409a63ccf853562a60ef&Expires=1592211337&ssig=vaBpj61ghc&KID=unistore,video",
4503757159230555,J1zJVCJhV,6094272919,皇甫子桐,《中潜股份，已经如约跌到100元这个支撑》今天有资深股友问我怎么看300526.对此，我公开回复：回顾300526中潜股份，2020年4月3日到过219元。而子桐及时在4月3日提醒了长线风险，明确提及300526后市要跌到100元，甚至是50元。目前300526的价位是105元——跌到了子桐一个月之前提到的第一支撑位置。先不要买。继续耐心等待。中潜股份后市还要跌，下一步看50元一带。#特朗普与女记者僵持不下转身就走#,,,,特朗普与女记者僵持不下转身就走,0,0,13,2020-05-12 13:54,微博 weibo.com,"['http://ww2.sinaimg.cn/large/006EqWMvgy1gepmh2vujsj30fg0ckjs1.jpg', 'http://ww3.sinaimg.cn/large/006EqWMvgy1gepmh2vs0wj30jx0cgjrz.jpg', 'http://ww1.sinaimg.cn/large/006EqWMvgy1gepmh55rb8j30ku4qcx6q.jpg']",,
