﻿id,bid,user_id,用户昵称,微博正文,头条文章url,发布位置,艾特用户,话题,转发数,评论数,点赞数,发布时间,发布工具,微博图片url,微博视频url,retweet_id
4502987034175677,J1fHNhwhD,5182171545,界面新闻,【录音曝光!奥巴马批特朗普带来“灾难”直截了当揭其“险恶用心”】#奥巴马批评特朗普疫情应对#据中国日报5月9日报道，美国前总统奥巴马8日批评特朗普政府的新冠肺炎疫情应对工作，将之称为是一场“彻底混乱的灾难”。奥巴马指责特朗普及其支持者加剧了全国范围内种族间的紧张局势，阻碍了为减少确诊病例总数所做出的努力。他表示，美国人现在所反抗的，是自私、种族主义、分裂主义以及视他人为敌的思想，这给民众生活带来了更强烈的冲击，在国际上也出现了这样的现象L燃新闻的秒拍视频,,,,奥巴马批评特朗普疫情应对,317,1154,26902,2020-05-10 10:53,微博 weibo.com,,"http://miaopai.video.weibocdn.com/6HTF6qDvlx07Df0opkcE010412003ThR0E013.mp4?label=mp4_ld&template=640x360.25.0&trans_finger=40a32e8439c5409a63ccf853562a60ef&Expires=1592211151&ssig=C7PwIUWJEy&KID=unistore,video",
4502988574759622,J1fKhjYc6,3166197207,沉醉股道西风,😉,,,,,0,0,0,2020-05-10 11:00,HUAWEI Mate 20 Pro,,,4502987034175677
4502962213042054,J1f3LcLno,1443266094,深夜一只猫,戳穿反华势力的【核扩军】构陷，挫败特朗普的【脱钩论】阴谋【二合一】当前，广大爱国群众就胡锡进的核扩军言论，进行了广泛而热烈的讨论。这是一场关于在新时代错综复杂的国际关系中，何谓爱国，如何爱国的讨论。广大群众需要从这样的讨论中，戳穿国内外反华势力的【核扩军】构陷，挫败特朗普、蓬佩奥之流以军事竞赛拖垮中国，实现脱钩的阴谋。【首先，为什么美国要将中国拉入军事竞赛的轨道？】我相信无论对核扩军持赞同还是反对意见的网友都非常清楚，美国反华势力的总头子特朗普操弄退出中导条约，率先启动扩军的道路，目的是指向中国。但其真正的诉求，绝非要和中国打一仗，而是为了迫使中国走上军事竞赛的道路，从而为其脱钩论提供更充实的论据。美国不可能和中国打仗的理由有二：1、在一个中美共同利益达到上千亿上万亿美元的时代，打仗是绝对不可能的。2、目前中国的280枚核弹头，加上一箭多星技术，至少能让美方付出不可承受的代价。我认为，对有识之士，说这两点够了！那么，美国将中国拉入军事竞赛的战略目标是什么？答案就是在第一条：将中美的贸易依存度降到零，让中国彻底断绝与国际贸易和创新体系的关联。把中国放在前苏联的轨道上，让中国制造、创新的动力衰竭。这就是我要说的第一点：为什么美国要将中国拉入军事竞赛的轨道？【其次，认识到美方的图谋，我们应该怎么办？】显然，中国要保持战略定力，更要提高中国在国际社会的政治站位。简单说就是孤立特朗普。我反复指出，从280枚核弹头，扩充到1000枚，在军事上意义不大，中国率先提出核扩军，就是在和美国的反华势力里应外合，同声高唱脱钩，逼迫国际资本加速撤离中国。当前，中国应该站在维护国际秩序和多边框架的政治站位上，对特朗普、蓬佩奥进行孤立。这就要求中国成为全球化秩序的遵守者和捍卫者。要挫败脱钩论图谋，中国加大力度开放，做大中美、中欧的共同利益，应该注意到，特斯拉和美孚的独资企业陆续落成，标志着中国与国际合作的新高度，越是在美国反华政客高唱脱钩的时刻，越要扩大开放力度，让中美经贸脉搏更有力地跳动。【最后，要有效提升中国的核威慑能力】，再次重申，从280枚核弹头扩大到1000枚是绝对得不偿失。与美、俄的6000枚相比，1000枚仍然不能取得优势，而提高280枚核弹头的效能，继续发展一箭多星技术，空中变轨技术，静音核潜艇技术，强化第一波核打击后的280枚核弹头的存活率，以及反击时刻的拦截难度和命中率，才是关键。发展这些技术，压根不会顶着一顶“核扩军”的帽子，压根无需在国际社会掀起任何波澜，你看现在搞到全球都质疑中国，何苦来呢？你们这些人啊，太简单，太拿衣服了O杨承军：不宜在网络上炒作涉核问题,,,,,354,575,1270,2020-05-10 09:15,微博 weibo.com,,,
4502988566147722,J1fKgpNiO,7389741755,上市公司临时股东,所以，究竟谁是得益者？//@深夜一只猫:外贸企业还在等开工啊！！！妈的//@深夜一只猫:不管他主观上是不是特朗普的同路人，在客观上他绝对是递刀子大王了,,,深夜一只猫,,0,0,0,2020-05-10 10:59,HUAWEI Mate 30 Pro,,,4502962213042054
4502821539750195,J1boREUtd,6486930715,维稳先锋卡菊轮,民国范儿～#USAUSAUSA#L微丢的微博视频,,,,USAUSAUSA,139,92,1009,2020-05-09 23:56,HUAWEI Mate 20 X 5G,,"http://f.video.weibocdn.com/iFhh4zfOlx07D8K15KDS010412005FV40E010.mp4?label=mp4_ld&template=640x360.25.0&trans_finger=40a32e8439c5409a63ccf853562a60ef&Expires=1592211151&ssig=5ecL7kA8em&KID=unistore,video",
4502988565448359,J1fKgmRmL,7393352089,Luyouuuuuu,扬子公司孔家,,,,,0,0,0,2020-05-10 10:59,iPhone客户端,,,4502821539750195
4502988565093229,J1fKglmYR,5238015569,顶顶坏蛋0,转发微博,,,,,0,0,0,2020-05-10 10:59,iPhone客户端,,,4502987034175677
4502988562137926,J1fKg8YaG,5054431155,柚子与猫儿,转发微博,,,,,0,0,0,2020-05-10 10:59,HUAWEI nova手机,,,4502987034175677
4502988561620188,J1fKg6Nu4,2765518205,Dayife,转发微博,,,,,0,0,0,2020-05-10 10:59,iPhone客户端,,,4502987034175677
4502988561609426,J1fKg6KGu,3024730214,杰瑞嘿嘿嘿,#奥巴马批评特朗普疫情应对#奥巴马确实没资格说特朗普吧,,,,奥巴马批评特朗普疫情应对,0,0,0,2020-05-10 10:59,iPhone客户端,,,
4502988557928647,J1fKfxgBp,2454024424,Jeff0415,『还原特朗普甩锅武汉实验室阴谋论的真相：与栽赃伊拉克一个套路！』O还原特朗普甩锅武汉实验室阴谋论的真相：与栽赃伊拉克一个套路！,,,,,0,0,0,2020-05-10 10:59,三星android智能手机,,,
4502988552475983,J1fKfao7d,2000961721,和讯网,【美国4月份失业率达14.7%？实际情况可能更糟】就在两个月前，特朗普自信满满地再次将“我为美国创造了低失业率”，当作在11月3日投票的本届总统大选中自己谋求连选连任最大的筹码之一。然而令人瞠目结舌的“断崖式下跌”奇景发生，实际情况可能更糟>>O美国4月份失业率达14.7%？实际情况可能更糟,,,,,0,4,14,2020-05-10 10:59,微博 weibo.com,,,
4502988549774532,J1fKeF0NK,1650414555,西部网,【#奥巴马批评特朗普疫情应对#是“混乱的灾难”】新华社华盛顿5月9日电（记者徐剑梅邓仙来）据美国媒体9日报道，美国前总统奥巴马批评现任总统特朗普的新冠疫情应对是“混乱的灾难”。　　据报道，奥巴马8日在和约3000名他执政时期政府成员的电话会议中说，在美国人生活中，自私、搞派系、搞分裂以及视他人为敌的风气更盛，这是美国应对疫情危机一直乏力和欠缺的原因之一。当政府以“这对我有什么好处”和“其他人见鬼去吧”的心态运作，“这（疫情应对）绝对是一场混乱的灾难”。　　奥巴马在电话会议中呼吁其支持者支持民主党总统竞选人、前副总统拜登，并表示：“我将尽可能多花时间、尽我所能为拜登助选。”　　白宫新闻秘书麦克纳尼9日回应说，特朗普的疫情应对“前所未有”，挽救了美国人的生命。奥巴马办公室对此拒绝置评。　　据美国约翰斯·霍普金斯大学最新统计数据，美国累计新冠确诊病例超过130万例，死亡病例超过7.8万例。@新华视点,,,新华视点,奥巴马批评特朗普疫情应对,0,0,2,2020-05-10 10:59,微博 weibo.com,['http://ww2.sinaimg.cn/large/625f53dbly1gen679matpj20c80c8q3r.jpg'],,
4502988544424059,J1fKeiyTN,6563665174,仙女H的小号,我曾经有段时间特喜欢奥巴马,,,,,0,0,0,2020-05-10 10:59,iPhone客户端,,,4502987034175677
4502988540213884,J1fKe0TDK,2024935677,烈火润土,#凤凰新闻#【特朗普最凶险的时刻来了】（一）特朗普最凶险的时刻来了。种种迹象表明，在将美国送入疫情震中之后，新冠病毒正在对美国指挥中枢发起进攻。嗯，也就是说，病毒正在攻陷白宫。就在过去一个星期，从白...O特朗普最凶险的时刻来了来自@凤凰新闻客户端,,,凤凰新闻客户端,凤凰新闻,0,0,0,2020-05-10 10:59,凤凰新闻,['http://ww1.sinaimg.cn/large/78b210fdly1gen677xh4lj20je0awdgp.jpg'],,
4501895944898225,J0NjYkyfD,1887344341,观察者网,【特朗普白宫会见医护人员#护士当场改口同意特朗普#】6日，特朗普在白宫会见多名医护人员，期间有记者问他们对个人防护装备供应是否满意。一名护士回答：供应时有时无。我同全国各地的同事交流过，可以肯定的是在部分地区供应并不理想……我的N95口罩已经重复使用了几个星期。特朗普：对你来说时有时无，对其他人可不是护士当场改口：我同意，总统特朗普：我听说的正好相反，我们几乎所有地区都有充足的供应另一名护士则称自己并没有经历物资短缺的问题，特朗普向她表示感谢，并指责物资短缺的报道是“假新闻”。L微丢的微博视频,,,,护士当场改口同意特朗普,1506,1180,9372,2020-05-07 10:38,微博 weibo.com,,"http://f.video.weibocdn.com/VrQhksHglx07D4OBFsrS01041200otzb0E010.mp4?label=mp4_ld&template=640x360.25.0&trans_finger=40a32e8439c5409a63ccf853562a60ef&Expires=1592211151&ssig=4xvJ0BQGtn&KID=unistore,video",
4502988540839910,J1fKe3wuW,2118454732,LINNER33,//@昵称是马甲家的大学生:【护士在会见中想讲两个话题：说实话和致敬总统。在没有实话的情况下，直接说了第二个话题。】//@黑潮君:这不是那个苏联笑话么...“同志，你对这个问题有什么意见吗？”“对，我是有意见，但我不同意我的意见！”//@军武菌:现场表演“被自愿”//@秋唧唧Garuru:没有人比我,,,"昵称是马甲家的大学生,黑潮君,军武菌,秋唧唧Garuru",,0,0,1,2020-05-10 10:59,iPhone 11,,,4501895944898225
4502988532951082,J1fKdcnI6,7323718256,小朋友有点甜_,#奥巴马批评特朗普疫情应对#即便这么说，他还觉得自己很了不起，做到现在这样他还是觉得对自己所作所为打满分,,,,奥巴马批评特朗普疫情应对,6,0,1,2020-05-10 10:59,黄明昊的Android,,,
4502959461743217,J1eZk7jup,1699432410,新华视点,#国际疫情动态#【#奥巴马批评特朗普疫情应对#是“混乱的灾难”】新华社华盛顿5月9日电（记者徐剑梅邓仙来）据美国媒体9日报道，美国前总统奥巴马批评现任总统特朗普的新冠疫情应对是“混乱的灾难”。　　据报道，奥巴马8日在和约3000名他执政时期政府成员的电话会议中说，在美国人生活中，自私、搞派系、搞分裂以及视他人为敌的风气更盛，这是美国应对疫情危机一直乏力和欠缺的原因之一。当政府以“这对我有什么好处”和“其他人见鬼去吧”的心态运作，“这（疫情应对）绝对是一场混乱的灾难”。　　奥巴马在电话会议中呼吁其支持者支持民主党总统竞选人、前副总统拜登，并表示：“我将尽可能多花时间、尽我所能为拜登助选。”　　白宫新闻秘书麦克纳尼9日回应说，特朗普的疫情应对“前所未有”，挽救了美国人的生命。奥巴马办公室对此拒绝置评。　　据美国约翰斯·霍普金斯大学最新统计数据，美国累计新冠确诊病例超过130万例，死亡病例超过7.8万例。,,,,"国际疫情动态,奥巴马批评特朗普疫情应对",2733,5094,137682,2020-05-10 09:04,微博 weibo.com,['http://ww1.sinaimg.cn/large/654b47daly1gen2uyc9qbj20rs0rsdv0.jpg'],,
4502988523997222,J1fKcgLRk,3008419144,宿州发布,#要情快递#【#奥巴马批评特朗普疫情应对#是“混乱的灾难”】新华社华盛顿5月9日电（记者徐剑梅邓仙来）据美国媒体9日报道，美国前总统奥巴马批评现任总统特朗普的新冠疫情应对是“混乱的灾难”。（宋卿）,,,,"要情快递,奥巴马批评特朗普疫情应对",5,1,9,2020-05-10 10:59,iPhone客户端,,,4502959461743217
4502988520156515,J1fKc0EIr,1266856927,CASatIME,转发微博,,,,,0,0,0,2020-05-10 10:59,荣耀20 PRO,,,4502987034175677
4502976972354972,J1frz9SDq,1813047827,TheLancet-Vivian,【你说的都对总统先生】美国护士称防护用品并不充足，时有时无，遭特朗普反驳，护士急忙改口：你说的都对，总统先生！LCGTN的微博视频@CGTN,,,CGTN,,59,12,42,2020-05-10 10:13,言已iPhone 11 Pro Max,,"http://f.video.weibocdn.com/VF6PAdAAlx07D779ITI4010412006vst0E010.mp4?label=mp4_ld&template=640x360.25.0&trans_finger=40a32e8439c5409a63ccf853562a60ef&Expires=1592211151&ssig=3AAz%2Fkffof&KID=unistore,video",
4502988515589638,J1fKbns7s,1825021407,Alipayhk,//@V闪闪:这场景就是主子和奴才，主子说了算,,,V闪闪,,0,0,0,2020-05-10 10:59,iPhone XS Max,,,4502976972354972
4502742544895560,J19lskxyE,6393904893,燃新闻,【录音曝光!奥巴马批特朗普带来“灾难”直截了当揭其“险恶用心”】#奥巴马#据中国日报5月9日报道，美国前总统奥巴马8日批评特朗普政府的新冠肺炎疫情应对工作，将之称为是一场“彻底混乱的灾难”。奥巴马指责特朗普及其支持者加剧了全国范围内种族间的紧张局势，阻碍了为减少确诊病例总数所做出的努力。他表示，美国人现在所反抗的，是自私、种族主义、分裂主义以及视他人为敌的思想，这给民众生活带来了更强烈的冲击，在国际上也出现了这样的现象。L燃新闻的秒拍视频,,,,奥巴马,27,114,919,2020-05-09 18:42,微博 weibo.com,,"http://miaopai.video.weibocdn.com/6HTF6qDvlx07Df0opkcE010412003ThR0E013.mp4?label=mp4_ld&template=640x360.25.0&trans_finger=40a32e8439c5409a63ccf853562a60ef&Expires=1592211151&ssig=C7PwIUWJEy&KID=unistore,video",
4502988503510752,J1fKaeJj2,5883174678,彻底地奋斗,转发微博,,,,,0,0,0,2020-05-10 10:59,HUAWEI Mate 20 X,,,4502742544895560
4502988485463508,J1fK8mVj6,2357213493,虎嗅APP,【#奥巴马批评特朗普疫情应对#是一场“彻底混乱的灾难”，直截了当揭其“险恶用心”】据中国日报5月9日报道，美国前总统奥巴马8日批评特朗普政府的新冠肺炎疫情应对工作，将之称为是一场“彻底混乱的灾难”。奥巴马指责特朗普及其支持者加剧了全国范围内种族间的紧张局势，阻碍了为减少确诊病例总数所做出的努力。“美国人现在所反抗的，是自私、种族主义、分裂主义以及视他人为敌的思想，这给民众生活带来了更强烈的冲击，在国际上也出现了这样的现象。”L燃新闻的秒拍视频,,,,奥巴马批评特朗普疫情应对,12,10,33,2020-05-10 10:59,,,"http://miaopai.video.weibocdn.com/6HTF6qDvlx07Df0opkcE010412003ThR0E013.mp4?label=mp4_ld&template=640x360.25.0&trans_finger=40a32e8439c5409a63ccf853562a60ef&Expires=1592211151&ssig=C7PwIUWJEy&KID=unistore,video",
4502973475363377,J1flVmvg5,3198547901,道之阅,白宫信仰顾问：以耶稣之名宣布胜利，并将特朗普比作圣经里的大卫：你终将拯救一切。#记录世界记录你#灾难的到来，千奇百怪，各种各样，若是真正的灾难，它是让人无法设防，也是难以抵抗的，最起码一段时期时间，让人无所适从，因为那是灾难，还有道法的侵袭，还有不出现相对好的事物以及人赋性的力量出现，或是出现了，而不是我们方的人，现实中可见，没有办法，不是谁能与不能的问题，灾难就是让人手足无措，若是世人皆醉你独醒，那还是灾难么，因为你懂得如何控制，问题是，那是灾难的降临必须要的承受，所以美国就是今日之结局，也不要笑话人家，我有时也是气话，生气。L人民日报的快手视频,,,,记录世界 记录你,0,0,0,2020-05-10 10:00,快手,,http://www.kuaishou.com/rest/kd/partner/weibo/linkcard/video?p=3xdu7hgn7piiww6&a=3xuk66hz8hvt23e&f=3xxzt64sng5ctsu,
4502973408107531,J1flOy18D,6374982257,夜景分割包着,❀有多少人故意赌气关掉手机。忍不住打开后发现什么也没有#特朗普称注射消毒液的说法只是讽刺#,,扬州·莱茵苑小区,,特朗普称注射消毒液的说法只是讽刺,0,0,0,2020-05-10 09:59,iPhone客户端,,,
4502796010234281,J1aJH0YWJ,1887344341,观察者网,【特朗普力挺“第一女婿”：总有一天美国民众会感谢他】5月8日，特朗普在会议中让女婿贾里德·库什纳介绍在呼吸机供应方面的努力。库什纳称赞了美国的呼吸机供应和检测能力的提升，接着美言起岳父特朗普领导的抗疫工作，称其为美国许多县的重启和复工提供了工具。特朗普：谢谢你。总有一天，人们会感激你的工作。有人说“哦，他是个关系户”，他确实是亲戚，如果他不是个好亲戚，我会立马赶他出去。现场一阵爆笑。L微丢的微博视频,,,,,93,304,1393,2020-05-09 22:14,微博 weibo.com,,"http://f.video.weibocdn.com/iFhh4zfOlx07D8K15KDS010412005FV40E010.mp4?label=mp4_ld&template=640x360.25.0&trans_finger=40a32e8439c5409a63ccf853562a60ef&Expires=1592211160&ssig=9QDBFdLueK&KID=unistore,video",
4502973391061311,J1flN4s5V,1540460234,潘志虹,感觉全家都在做总统,,,,,0,0,0,2020-05-10 09:59,iPhone XS Max,,,4502796010234281
4502973378457282,J1flLzu7M,6279013999,wayne余叔,特朗普发布一项行政命令：禁止在美国购买或安装源自指定为“外国对手”国家的某些电气设备。该命令将“大型电力系统电气设备”定义为：大容量电力系统变电站，控制室或发电站中使用的物品，包括电抗器，电容器，变电站变压器，电流耦合电容器，大型发电机，备用发电机，变电站稳压器，并联电容器设备，自动重合器，仪表变压器，耦合容量的变压器，保护继电器，计量设备，高压断路器，发电涡轮机，工业控制系统，分布式控制系统和安全仪表系统,,,,,0,0,0,2020-05-10 09:59,360安全浏览器,,,
4502686638970432,J17ThBDCo,1699540307,中国之声,【#你说的都对总统先生#】美国护士称防护用品并不充足，时有时无，遭特朗普反驳，护士急忙改口：你说的都对，总统先生！LCGTN的微博视频@CGTN,,,CGTN,你说的都对总统先生,37,53,135,2020-05-09 15:00,,,"http://f.video.weibocdn.com/VF6PAdAAlx07D779ITI4010412006vst0E010.mp4?label=mp4_ld&template=640x360.25.0&trans_finger=40a32e8439c5409a63ccf853562a60ef&Expires=1592211160&ssig=uqfwX%2BjxiR&KID=unistore,video",
4502973365083594,J1flKlkts,1866775925,爱生活的三哥,这个时期总统办公室还开放式？，护士姐姐是一线来的，佩服。,,,,,0,0,0,2020-05-10 09:59,HUAWEI Mate 10,,,4502686638970432
4502973323552053,J1flGeU3b,1216245897,新丽奇,特朗普最凶险的时刻来了！_手机新浪网O特朗普最凶险的时刻来了！,,,,,0,0,0,2020-05-10 09:59,iPhone客户端,,,
4502973281996525,J1flC8no1,6176256625,雄熊熊舒hello,转//#看点快报#《搞笑惨败后，特朗普...-看点快报》O网页链接,,,,看点快报,0,0,0,2020-05-10 09:59,天天快报,['http://ww2.sinaimg.cn/large/006JYWully1gen4g6v79qj30dw07pdga.jpg'],,
4502679509224080,J17HMCHBu,2656274875,央视新闻,【#你说的都对总统先生#】美国护士称防护用品并不充足，时有时无，遭特朗普反驳，护士急忙改口：你说的都对，总统先生！LCGTN的微博视频@CGTN,,,CGTN,你说的都对总统先生,1332,1529,12852,2020-05-09 14:31,微博 weibo.com,,"http://f.video.weibocdn.com/VF6PAdAAlx07D779ITI4010412006vst0E010.mp4?label=mp4_ld&template=640x360.25.0&trans_finger=40a32e8439c5409a63ccf853562a60ef&Expires=1592211160&ssig=uqfwX%2BjxiR&KID=unistore,video",
4502973251809124,J1flz7ADq,3187657750,人在旅途-努力成为老驴,总统先生都对,,,,,0,0,0,2020-05-10 09:59,魅族 16 X 轻奢旗舰,,,4502679509224080
4502689277219476,J17Xxui7a,3937348351,共青团中央,是，总统！美国护士称防护用品时有时无，遭特朗普反驳，护士急忙改口：你说的都对，总统先生！@CGTNLCGTN的微博视频,,,CGTN,,1037,1175,7407,2020-05-09 15:10,,,"http://f.video.weibocdn.com/VF6PAdAAlx07D779ITI4010412006vst0E010.mp4?label=mp4_ld&template=640x360.25.0&trans_finger=40a32e8439c5409a63ccf853562a60ef&Expires=1592211160&ssig=uqfwX%2BjxiR&KID=unistore,video",
4502973214483712,J1flviOpW,6394145146,江水一色秋月白,转发微博,,,,,0,0,0,2020-05-10 09:58,iPhone客户端,,,4502689277219476
4502648851725699,J16Ul7eVR,1974576991,环球时报,【#特朗普称美国民众迟早会感激库什纳#：他要不是一个好亲戚，我立马就会赶他出门】当地时间5月8日，美国总统特朗普和白宫高级顾问贾里德·库什纳在白宫一起出席共和党议员会议。会上，特朗普让库什纳谈谈美国为呼吸机所做的努力，库什纳说：我们做得非常的棒，很多伙伴国、和美国交好的国家都纷纷开始进口我们的呼吸机，呼吸机数量足够照顾到所有美国人，检测数量也在一直攀升，为美国各县重新开放提供了工具。”对此特朗普夸赞说：“干得不错，总有一天人们会感激他的。人们总说，’噢，库什纳是关系户‘，他要不是一个好亲戚，我立马就会赶他出门。”（《环球时报》三缺二视频组）@这视频L这视频的微博视频,,,这视频,特朗普称美国民众迟早会感激库什纳,196,433,2160,2020-05-09 12:30,微博 weibo.com,,"http://f.video.weibocdn.com/Hel1dDyclx07D86vC5GU010412009Ocx0E010.mp4?label=mp4_ld&template=640x360.25.0&trans_finger=40a32e8439c5409a63ccf853562a60ef&Expires=1592211160&ssig=LOzewTcRfX&KID=unistore,video",
4502973206308423,J1fluqt6L,6463330570,Mrtaige,这一对自吹自擂的骗人钱财和生命的祸害。,,,,,0,0,0,2020-05-10 09:58,HUAWEI Mate 9,,,4502648851725699
4502970131406756,J1fgx5TXC,1765373140,福布斯中文网,#美国新冠肺炎确诊超130万#【#奥巴马抨击特朗普疫情应对#“绝对是一场混乱的灾难”】据报道，奥巴马8日在和约3000名他执政时期政府成员的电话会议中说，在美国人生活中，自私、搞派系、搞分裂以及视他人为敌的风气更盛，这是美国应对疫情危机一直乏力和欠缺的原因之一。当政府以“这对我有什么好处”和“其他人见鬼去吧”的心态运作，“这（疫情应对）绝对是一场混乱的灾难”。L央视网快看的微博视频,,,,"美国新冠肺炎确诊超130万,奥巴马抨击特朗普疫情应对",17,19,39,2020-05-10 09:46,微博 weibo.com,,"http://locallimit.us.sinaimg.cn/k715OlK0lx07D9v3AScU010412002Ctf0E010.mp4?label=mp4_ld&template=640x360.25.0&trans_finger=bdef57f06ae52835a2c783ca389e8517&Expires=1592211160&ssig=lRsw9wwLR%2B&KID=unistore,video",
4502973193959182,J1fltgBXM,2663179471,龔占主,转发微博,,,,,0,0,0,2020-05-10 09:58,三星A70绚丽U视屏,,,4502970131406756
4502772654855875,J1a81knez,1665808371,平民王小石,【信美国，死的快】,,,,,137,111,740,2020-05-09 20:42,中兴天机10 Pro 5G,['http://ww3.sinaimg.cn/large/634a37f3gy1gemhekenuuj20ge0ekgoa.jpg'],,
4502973189257435,J1flsCQht,1743531423,hikkichao,//@占豪:不让特朗普家族赚钱，能给你发牌照？,,,占豪,,0,0,0,2020-05-10 09:58,iPhone客户端,,,4502772654855875
4502959876176125,J1eZZpUGV,2656274875,央视新闻,【#美传染病专家福奇正自我隔离#】CNN9日报道，因与一名新冠肺炎确诊人员有过接触，美国传染病专家福奇正在进行自我隔离。包括福奇在内，#白宫应对疫情工作组已有3人自我隔离#，另外两人分别是美国疾控中心主任雷德菲尔德和食药监局局长哈恩。（央视记者王逢治）,,,,"美传染病专家福奇正自我隔离,白宫应对疫情工作组已有3人自我隔离",376,621,5580,2020-05-10 09:05,微博 weibo.com,['http://ww1.sinaimg.cn/large/9e5389bbly1gen3envgunj210y0kcx4m.jpg'],,
4502973184522639,J1flsiYxN,2110244495,广东陈伟权,正规的专家跟精神病的特朗普，也就变成真正的砖家。,,,,,0,0,0,2020-05-10 09:58,realme X青春版,,,4502959876176125
4502973139060259,J1flnC0Zd,3844145683,湄潭宣传,【#奥巴马称特朗普政府的疫情应对是绝对灾难#】据美国有线电视新闻网报道，美国前总统奥巴马当地时间8日与前助手私下通话时，猛烈抨击了特朗普政府的新冠肺炎疫情应对工作，称之为“彻底混乱的灾难”。#美国加州一监狱近800名服刑人员确诊#L央视网快看的微博视频,,,,"奥巴马称特朗普政府的疫情应对是绝对灾难,美国加州一监狱近800名服刑人员确诊",0,0,0,2020-05-10 09:58,HUAWEI Mate 20 Pro,,"http://locallimit.us.sinaimg.cn/k715OlK0lx07D9v3AScU010412002Ctf0E010.mp4?label=mp4_ld&template=640x360.25.0&trans_finger=bdef57f06ae52835a2c783ca389e8517&Expires=1592211160&ssig=lRsw9wwLR%2B&KID=unistore,video",
4502973068341830,J1flgz05E,6188420673,奔雷手柯基,转发微博,,,,,0,0,0,2020-05-10 09:58,Android客户端,,,4502821539750195
4502966403081889,J1fawcVJT,1191965271,三联生活周刊,【#美传染病专家福奇正自我隔离#】CNN9日报道，因与一名新冠肺炎确诊人员有过接触，美国传染病专家福奇正在进行自我隔离。包括福奇在内，白宫应对疫情工作组已有3人自我隔离，另外两人分别是美国疾控中心主任雷德菲尔德和食药监局局长哈恩。,,,,美传染病专家福奇正自我隔离,40,46,407,2020-05-10 09:31,iPhone 11,['http://ww4.sinaimg.cn/large/470bf257ly1gen3nrdhzxj218a0rrb29.jpg'],,
4502973046286170,J1fleqnjQ,1445403190,财富密钥,应对疫情工作组特朗普要解散清除的就是专业人士，做到了！,,,,,2,1,12,2020-05-10 09:58,HUAWEI P30 Pro,,,4502966403081889
4502964590481587,J1f7B21hx,1663612603,中国经济网,【奥巴马批评特朗普疫情应对是“混乱的灾难”】新华社华盛顿5月9日电据美国媒体9日报道，美国前总统奥巴马批评现任总统特朗普的新冠疫情应对是“混乱的灾难”。　　据报道，奥巴马8日在和约3000名他执政时期政府成员的电话会议中说，在美国人生活中，自私、搞派系、搞分裂以及视他人为敌的风气更盛，这是美国应对疫情危机一直乏力和欠缺的原因之一。当政府以“这对我有什么好处”和“其他人见鬼去吧”的心态运作，“这（疫情应对）绝对是一场混乱的灾难”。　　奥巴马在电话会议中呼吁其支持者支持民主党总统竞选人、前副总统拜登，并表示：“我将尽可能多花时间、尽我所能为拜登助选。”　　白宫新闻秘书麦克纳尼9日回应说，特朗普的疫情应对“前所未有”，挽救了美国人的生命。奥巴马办公室对此拒绝置评。　　据美国约翰斯·霍普金斯大学最新统计数据，美国累计新冠确诊病例超过130万例，死亡病例超过7.8万例。（新华社）L央视网快看的微博视频,,,,,37,37,240,2020-05-10 09:24,微博 weibo.com,,"http://locallimit.us.sinaimg.cn/k715OlK0lx07D9v3AScU010412002Ctf0E010.mp4?label=mp4_ld&template=640x360.25.0&trans_finger=bdef57f06ae52835a2c783ca389e8517&Expires=1592211160&ssig=lRsw9wwLR%2B&KID=unistore,video",
4502973030831757,J1fld3unr,1579815010,南腔北调613,不控制乱瞎搞，这下事大了吧。,,,,,0,0,0,2020-05-10 09:58,微博 weibo.com,,,4502964590481587
4502973022424170,J1flcaaDw,1642503304,绿色闪电侠,特朗普耍小聪明，怒怼小布什，美国人遭殃，彻底走向不归路L绿色闪电侠13315的优酷视频,,,,,0,0,0,2020-05-10 09:58,微博 weibo.com,,http://type=feedvideo&objectid=1007002:4502973015851045&keys=4502973022470376&cover_img=https://vthumb.ykimg.com/054106015EB6B9FF00000164D50A25E7&card_height=231&card_width=412&play_count=386&short_url=http://t.cn/A6AHjl2j&encode_mode=&bitrate=277&biz_id=231193&current_mid=0&key=tblog_card&title=绿色闪电侠13315的优酷视频&full_url=https://v.youku.com/v_show/id_XNDY2NjU4MTU4NA==.html&object_id=1007002:4502973015851045&video_src=https://api.youku.com/videos/player/file?data=WcEl5oEuWdTJOalU0TVRVNE5BPT18MHwwfDEwMDUwfDAO0O0O,
4502342328404608,J0YVWzgqc,6192085227,环视频,【特朗普与普京通话说要给俄送呼吸机，美媒:他之前可是拒绝过不少州长】俄塔社8日最新报道，美国总统特朗普7日与俄罗斯总统普京通话时表达了向后者提供呼吸机的意愿。不过美国商业内幕网站表示，特朗普对俄罗斯表现出援助意向，但他此前曾拒绝过不少美国州长关于要求联邦政府提供救援物资的请求。该网站还在报道这一消息时列举了美国和俄罗斯的疫情数据作对比：目前，美国累计超过120万人感染新冠病毒，俄罗斯的新冠肺炎确诊病例约为17.7万例。L环视频的微博视频,,,,,4,24,92,2020-05-08 16:12,微博视频,,"http://f.video.weibocdn.com/OOh8Msvilx07D6MJXIC4010412006jco0E010.mp4?label=mp4_ld&template=640x360.25.0&trans_finger=40a32e8439c5409a63ccf853562a60ef&Expires=1592211173&ssig=pYyI4iFwVf&KID=unistore,video",
4502958328770022,J1eXuANtY,5884163538,用户5884163538,转发微博,,,,,0,0,0,2020-05-10 08:59,vivo智能手机,,,4502342328404608
4502958308662417,J1eXsAlup,6609451465,关心宇指导,特朗普是全世界最伟大的总统之一，美股真的是神奇，暴跌后美联储印钞5万亿美金出来救市，活生生的把整个股市拉了回去。今晚美股又继续涨了，我们下周A股看来也是要继续上，大家准备好了吗？！?,,,,,0,0,0,2020-05-10 08:59,微博手机版,,,
4502958278857703,J1eXpBaib,6609451458,周振华老师-价值投资,特朗普是全世界最伟大的总统之一，美股真的是神奇，暴跌后美联储印钞5万亿美金出来救市，活生生的把整个股市拉了回去。今晚美股又继续涨了，我们下周A股看来也是要继续上，大家准备好了吗？！?,,,,,0,1,1,2020-05-10 08:59,微博手机版,,,
4502958241366088,J1eXm5JnG,1966715680,长江云官方微博,【华春莹：中国不会成为伊拉克】5月9日，华春莹在推特上发了简短有力的一句话：“中国不会成为伊拉克”（Chinawon'tbeIraq）。配图是CNN5日的报道，当时的节目正在讨论美国总统特朗普及其政府不惜余力地硬找所谓的“证据”，甚至施压美国情报机构得出相关结论，以支持其“实验室泄露新冠病毒”的阴谋论。时事评论家法里德·扎卡里亚在接受采访时直言，“这让我想起了伊拉克战争的开端。现在，你能看到白宫和国务院的某些官员在迫使和施压情报机构得出一个结论，而情报机关明显还没准备好或永远都不会得出这样的结论。”“因为证据很不明确或者这根本不是正确答案。特朗普和蓬佩奥正试图施压情报机构说出，我们掌握某种关于中国的确凿证据。正是因为这种政治化的情报导致了（美国发起）伊拉克战争的错误。我们正在看到历史重演。”#华春莹发推称中国不会成为伊拉克#（观察者网）,,,,华春莹发推称中国不会成为伊拉克,0,1,4,2020-05-10 08:59,微博 weibo.com,"['http://ww4.sinaimg.cn/large/7539b320gy1gen2ptflmpj20c807ago5.jpg', 'http://ww3.sinaimg.cn/large/7539b320gy1gen2pwsafzj20c80767ae.jpg', 'http://ww4.sinaimg.cn/large/7539b320gy1gen2pzp5fbj20a50777a0.jpg']",,
4502958236279727,J1eXlqlDV,5226156963,抵制贰货,转发微博,,,,,0,0,0,2020-05-10 08:59,荣耀 9X,,,4502689277219476
4502351974890918,J0ZbvkwlM,6806100335,细节成全,主持人爆粗批评特朗普！L细节成全的微博视频,,凤城市,,,7,0,21,2020-05-08 16:50,Redmi Note 8 Pro四摄,,"http://f.video.weibocdn.com/0JEZ3tHUlx07D6PntdSg010412005F490E010.mp4?label=mp4_ld&template=640x360.25.0&trans_finger=bdef57f06ae52835a2c783ca389e8517&Expires=1592211173&ssig=P1Vg5LDscs&KID=unistore,video",
4502958211504674,J1eXj6jqW,2700576512,萌萌发发发发,转发微博,,,,,0,0,0,2020-05-10 08:59,荣耀8X,,,4502351974890918
4502958165586842,J1eXenrom,6502040894,CP国防联盟,今年必须考个法律资格证，与美国打全球瘟疫案索赔官司和帮孟晚舟打华为旗官司。美国加拿大政府禁止孟晚舟晒冤案证据，但我可以广告美国加拿大元首家族迫害任家的宗政证据晒全球囧美国加拿大政府抓不到在中国的我因为中国政府不给它们引渡权。全球各国可跟我合伙瘟疫案和金融危机案司法索赔特朗普家族。,,,,,0,0,1,2020-05-10 08:59,荣耀10青春版,,,
4502958119750406,J1eX9EUwC,6609451216,北京女侠指导,特朗普是全世界最伟大的总统之一，美股真的是神奇，暴跌后美联储印钞5万亿美金出来救市，活生生的把整个股市拉了回去。今晚美股又继续涨了，我们下周A股看来也是要继续上，大家准备好了吗？！?,,,,,0,0,0,2020-05-10 08:58,微博手机版,,,
4502958114570339,J1eX9jaX9,2446024923,颈胸腰,转发微博,,,,,0,0,0,2020-05-10 08:58,华为手机 畅享玩不停,,,4502689277219476
4502958080943046,J1eX63Xkq,6599375032,银河风格,①特朗普：“肮脏的警察和不诚实的政客将为把关于俄罗斯的骗局〖通俄门〗企图推到他身上的作为付出巨大的代价”。②耶鲁科学家说，重新开放美国几乎是种族灭绝。耶鲁大学的一位科学家认为，特朗普总统计划在冠状病毒大流行毁灭了“非洲裔美国人、拉美裔和其他有色人种”之后重新开放美国。③特朗普总统周五告诉记者，冠状病毒将“在没有疫苗的情况下自行消失”。④奥巴马抨击特朗普总统制造美国“自私部落和分裂”。⑤比尔·盖茨出资10亿美元计划用视频监控卫星覆盖地球，如果盖茨得逞的话，地球上几乎每一个角落都将很快被视频监控卫星所监控。⑥气候变化活动家哈里王子和梅根·马克尔经常发布可怕的气候警告，并向世界宣讲减少碳排放的问题。但他却乘坐价值1.5亿美元的大型私人喷气式飞机搬家。⑥,,,,,6,0,5,2020-05-10 08:58,保持理智之Android,"['http://ww2.sinaimg.cn/large/007cCiUMly1gen2owkp2jj30iu0alt9k.jpg', 'http://ww3.sinaimg.cn/large/007cCiUMly1gen2kz6klwj30fa0a7mxf.jpg', 'http://ww4.sinaimg.cn/large/007cCiUMly1gen2ovli4jj30iu0al0t7.jpg', 'http://ww4.sinaimg.cn/large/007cCiUMly1gen2ovsmyhj30iu0aldga.jpg', 'http://ww4.sinaimg.cn/large/007cCiUMly1gen2ow12v8j30iu0aldg9.jpg', 'http://ww2.sinaimg.cn/large/007cCiUMly1gen2oway20j30iu0al751.jpg']",,
4502958060911941,J1eX43PeJ,6132711791,浩新2017,转发微博,,,,,0,0,0,2020-05-10 08:58,华为手机 畅享玩不停,,,4502689277219476
4502649691129721,J16VH4JTj,1765373140,福布斯中文网,【#特朗普称美国民众迟早会感激库什纳#：他要不是一个好亲戚，我立马就会赶他出门】当地时间5月8日，美国总统特朗普和白宫高级顾问贾里德·库什纳在白宫一起出席共和党议员会议。会上，特朗普让库什纳谈谈美国为呼吸机所做的努力，库什纳说：我们做得非常的棒，很多伙伴国、和美国交好的国家都纷纷开始进口我们的呼吸机，呼吸机数量足够照顾到所有美国人，检测数量也在一直攀升，为美国各县重新开放提供了工具。”对此特朗普夸赞说：“干得不错，总有一天人们会感激他的。人们总说，’噢，库什纳是关系户‘，他要不是一个好亲戚，我立马就会赶他出门。”L这视频的微博视频,,,,特朗普称美国民众迟早会感激库什纳,15,26,70,2020-05-09 12:33,微博 weibo.com,,"http://f.video.weibocdn.com/Hel1dDyclx07D86vC5GU010412009Ocx0E010.mp4?label=mp4_ld&template=640x360.25.0&trans_finger=40a32e8439c5409a63ccf853562a60ef&Expires=1592211173&ssig=yaK88OmSgf&KID=unistore,video",
4502958051970750,J1eX38gGi,5884163538,用户5884163538,转发微博,,,,,0,0,1,2020-05-10 08:58,vivo智能手机,,,4502649691129721
4501856020505582,J0MhA27wy,3186388005,暧心人士,动画特朗普:描绘特没谱的狂妄自大，惟妙惟肖!#特朗普改变解散白宫疫情应对小组决定#L暧心人士的微博视频,,,,特朗普改变解散白宫疫情应对小组决定,280,58,689,2020-05-07 07:59,热门微博Android,,"http://f.video.weibocdn.com/jPfzpgrvlx07D4E2tPyg01041200j9pn0E010.mp4?label=mp4_ld&template=640x360.25.0&trans_finger=40a32e8439c5409a63ccf853562a60ef&Expires=1592211173&ssig=EBxiEebYmd&KID=unistore,video",
4502958047614729,J1eX2vWWd,5105973179,改变自己971,转发微博,,,,,0,0,0,2020-05-10 08:58,HUAWEI P30 Pro,,,4501856020505582
4502958043907883,J1eX2goCn,3480420831,我是乔伊那你呢,『奥巴马：特朗普政府对疫情的应对是“绝对的灾难”』O奥巴马：特朗普政府对疫情的应对是“绝对的灾难”,,,,,0,0,0,2020-05-10 08:58,iPhone客户端,,,
4502647710805128,J16Sv3nrW,6765978954,黑海海军一般步兵,毫无疑问，如果胡主编2020年5月8日不发表扩展核力量的社论，美国人肯定不会在2016年发展GBSD系统，也不会在2018年推进B21项目，更不会斥资1000亿美元发展哥伦比亚级弹道导弹核潜艇。美战略司令部司令也不会在5月4日的官推上渲染中国核威胁。这种友邦惊诧的锅，着实应该胡锡进来背。,,,,,2098,369,10612,2020-05-09 12:25,360安全浏览器,,,
4502958019154429,J1eWZCpu5,1469179693,铁木真888,美国人折腾百吨级当量战术核武器，试图常规化使用核武器，撩拨核报复的底线，这种军事冒险都摆在面上多少年了，倒没看到这帮狗东西说几句屁话，可能是真不知道或者是，他们真蠢！//@大英良心汉弗莱:都怪胡主编//@天真卖萌Bernard:更不会有2016年以中美对抗为主要思路的特朗普当选！,,,"大英良心汉弗莱,天真卖萌Bernard",,0,0,0,2020-05-10 08:58,荣耀9i 千元潮美旗舰,,,4502647710805128
4502957989740192,J1eWWERRS,6608979031,佛系复利推票,特朗普是全世界最伟大的总统之一，美股真的是神奇，暴跌后美联储印钞5万亿美金出来救市，活生生的把整个股市拉了回去。今晚美股又继续涨了，我们下周A股看来也是要继续上，大家准备好了吗？！?,,,,,0,0,0,2020-05-10 08:58,微博手机版,,,
4502570288033807,J14RCxHXx,1657764041,渡渡鸟,#和孩子一起看#了解是为了了解更多，强烈的性格既有天生的成份，又跟他所有的经历密不可分。十年前的中国纪录片，是怎样介绍特朗普的……L看鉴地理的微博视频,,,,和孩子一起看,59,3,35,2020-05-09 07:17,,,"http://f.video.weibocdn.com/DKVI0x6xlx07D3HTspB601041201EAMa0E010.mp4?label=mp4_ld&template=778x360.25.0&trans_finger=40a32e8439c5409a63ccf853562a60ef&Expires=1592211173&ssig=Y1tTw1ynJy&KID=unistore,video",
4502957981334016,J1eWW5B2o,6334263099,岚瑞棋,转发微博,,,,,0,0,0,2020-05-10 08:58,HUAWEI P20,,,4502570288033807
4502957980750982,J1eWW39mC,1698766061,如幻似电,发布了头条文章：《特朗普最凶险的时刻来了》O特朗普最凶险的时刻来了,http://t.cn/A6AHCB9n,,,,0,11,15,2020-05-10 08:58,微博 weibo.com,,,
4502957926353944,J1eWQqEWY,6609450994,时间轨迹S短线,特朗普是全世界最伟大的总统之一，美股真的是神奇，暴跌后美联储印钞5万亿美金出来救市，活生生的把整个股市拉了回去。今晚美股又继续涨了，我们下周A股看来也是要继续上，大家准备好了吗？！?,,,,,0,0,0,2020-05-10 08:58,微博手机版,,,
4502957892558565,J1eWNaJBb,6609450932,李云飞-_豪七旳爸比,特朗普是全世界最伟大的总统之一，美股真的是神奇，暴跌后美联储印钞5万亿美金出来救市，活生生的把整个股市拉了回去。今晚美股又继续涨了，我们下周A股看来也是要继续上，大家准备好了吗？！?,,,,,0,0,0,2020-05-10 08:58,微博手机版,,,
