﻿id,bid,user_id,用户昵称,微博正文,头条文章url,发布位置,艾特用户,话题,转发数,评论数,点赞数,发布时间,发布工具,微博图片url,微博视频url,retweet_id
4507514844683161,J39uIjEiR,2656274875,央视新闻,【#特朗普说我戴口罩了但不想你们看到#】当地时间21日，美国总统特朗普视察密歇根州福特工厂时，仍未戴口罩。当被记者追问时，特朗普自称在镜头外曾戴口罩，“我不想让媒体看到我因戴口罩而快乐”。密歇根州总检察长表示，如果特朗普不戴口罩，他将不能再进入密歇根州任何未封闭设施。L央视新闻的微博视频,,,,特朗普说我戴口罩了但不想你们看到,2934,3625,27905,2020-05-22 22:45,微博云剪,,"http://f.video.weibocdn.com/EIuuPzU3lx07DtyfMGK401041200lFJK0E010.mp4?label=mp4_ld&template=640x360.25.0&trans_finger=40a32e8439c5409a63ccf853562a60ef&Expires=1592212805&ssig=YhlmIavhrL&KID=unistore,video",
4507790212903632,J3gERcbmM,6492031681,Toastedalmondmilk,笑死我了,,,,,0,0,0,2020-05-23 17:00,iPhone客户端,,,4507514844683161
4507790212782682,J3gERbFTY,1340973054,关注世间冷暖,#拜登怂恿黑人投他，竞选不能分种族#拜登发表言论称“如果连选我还是选特朗普都不知道，那你就不是黑人了”，并将自己的政绩大肆吹嘘了一番。其言论引发巨大争议后，他道歉称“不应该如此狂妄自大”、“不应该如此漫不经心”、“没人应该因种族、宗教或背景而投票给某个党派”。,,,,拜登怂恿黑人投他，竞选不能分种族,0,0,0,2020-05-23 16:59,HUAWEI P30,,,
4507774132720016,J3geVbpBe,5645756008,价值投资日志,"美国77位诺贝尔奖获得者昨天联名给NIH主任柯林斯和卫生部长阿扎尔写信指出NIH对终止此项科研资助所提供的解释荒谬不经,要求其重新审视该决定。另有31个学术团体要求NIH提高关于此事件的透明度。评：#核酸检测结果刷屏武汉微信群#，武汉已完全安全，美国疫情控制还遥遥无期！",,,,核酸检测结果刷屏武汉微信群,18,5,37,2020-05-23 15:56,iPhone X,['http://ww4.sinaimg.cn/large/006a512Mgy1gf2ft6t093j30qo0n3n4l.jpg'],,
4507790200996895,J3gEQ4bkX,2936447301,Lorenzo的量价时空,特朗普：你们这群糟糕的诺贝尔奖获得者！,,,,,0,0,2,2020-05-23 16:59,360安全浏览器,,,4507774132720016
4507772194146336,J3gbNhoEo,1874361623,韩东言,拜登肯定有办法拉仇恨，获得选票。【拜登：如果选特朗普而不选我，那你就不是黑人】#拜登黑人#5月22日，美国民主党总统候选人、前副总统乔•拜登接受黑人电台《早餐俱乐部》采访。快结束之际，拜登突然发表言论称“如果连选我还是选特朗普都不知道，那你就不是黑人了”，并将自己的政绩大肆吹嘘了一番。其言论引发巨大争议后，他道歉称“不应该如此狂妄自大”、“不应该如此漫不经心”、“没人应该因种族、宗教或背景而投票给某个党派”。L微丢的微博视频,,,,拜登 黑人,1,3,13,2020-05-23 15:48,HUAWEI Mate 20 X,,"http://f.video.weibocdn.com/004ij1S8gx07DujcvWa4010412005VWg0E010.mp4?label=mp4_ld&template=360x640.24.0&trans_finger=81b11b8c5ffb62d33ceb3244bdd17e7b&Expires=1592212805&ssig=y4HnFIM88n&KID=unistore,video",
4507790196338128,J3gEPqAPS,7455529166,旧执如初_Cthz,转发微博,,,,,0,0,0,2020-05-23 16:59,小米手机4,,,4507772194146336
4507790192124091,J3gEP8Uzx,3553203595,魏RW,转发微博,,,,,0,0,0,2020-05-23 16:59,iPhone客户端,,,4507514844683161
4507790171704879,J3gEN79w3,2039753857,CCTV4,【#《柳叶刀》刊文直指特朗普推荐药会增加死亡风险#】特朗普多次推荐治疗疟疾的羟（qiǎng）氯喹（kuí）可治疗新冠肺炎，并声称自己正用其预防。包括美国科学家在内的多名科学家，日前在国际权威医学杂志《柳叶刀》发表论文称，没有数据能支撑特朗普的观点，相反，数据显示，使用羟氯喹会增加新冠患者死亡风险↓L央视新闻的微博视频,,,,《柳叶刀》刊文直指特朗普推荐药会增加死亡风险,3,2,0,2020-05-23 16:59,iPhone 8,,"http://f.video.weibocdn.com/RCSx4DFalx07DuKlRarS01041200aPJv0E010.mp4?label=mp4_ld&template=640x360.25.0&trans_finger=40a32e8439c5409a63ccf853562a60ef&Expires=1592212805&ssig=EKki8DIcD9&KID=unistore,video",
4507478019455640,J38xjDFQk,3937348351,共青团中央,【特朗普称将“强力回应”中方审议涉港决定草案，外交部坚定回击】#外交部连用三个坚定不移回击美涉港言论#21日，美国总统特朗普就中方审议涉港《国安法》草案发表言论并称将“强力回应”。对此，外交部发言人赵立坚22日用三个“坚定不移”作出回应，强调：中国政府维护国家主权、安全、发展利益的决心坚定不移，贯彻“一国两制”方针的决心坚定不移，反对任何外部势力干预香港事务的决心坚定不移。L海客新闻的秒拍视频,,,,外交部连用三个坚定不移回击美涉港言论,136,229,1257,2020-05-22 20:19,,,"http://miaopai.video.weibocdn.com/WuZiLcQtlx07Dtcr8ApO010412005fdN0E013.mp4?label=mp4_ld&template=640x360.25.0&trans_finger=40a32e8439c5409a63ccf853562a60ef&Expires=1592212805&ssig=%2Fl0fFg8hDR&KID=unistore,video",
4507790096643919,J3gEFrSnZ,7438818741,香甜羊肉串,//@市营195班团支部:转发微博,,,市营195班团支部,,0,0,0,2020-05-23 16:59,OnePlus 7,,,4507478019455640
4507790086869750,J3gEEsP8q,5505421209,吸淲沉积1,《美媒曝特朗普政府计划重启核试验，专家警告：将引发效仿，成核军备竞赛发令枪》报道认为，此举将对美国与其他核大国的关系产生深远影响，并改变维持数十年未进行过核试验的状况。O网页链接，，，，美国人应该：“不傻”，在“智技”飞速发展突破的时代，，花费大力气去“开发”研制一柄：国家级陵园大门的钥匙，似乎不是美国式的“聪明”，，,,,,,0,0,0,2020-05-23 16:59,百度App,['http://ww4.sinaimg.cn/large/0060Abyhly1gf2hnfwejyj304c02wq2r.jpg'],,
4507531018431265,J39UNznm9,1974576991,环球时报,【#特朗普说我戴口罩了但不想你们看到#】当地时间21日，美国总统特朗普视察密歇根州福特工厂时，仍未戴口罩。当被记者追问时，特朗普自称在镜头外曾戴口罩，“我不想让媒体看到我因戴口罩而快乐”。密歇根州总检察长表示，如果特朗普不戴口罩，他将不能再进入密歇根州任何未封闭设施。L央视新闻的微博视频@央视新闻,,,央视新闻,特朗普说我戴口罩了但不想你们看到,154,296,1112,2020-05-22 23:50,微博 weibo.com,,"http://f.video.weibocdn.com/EIuuPzU3lx07DtyfMGK401041200lFJK0E010.mp4?label=mp4_ld&template=640x360.25.0&trans_finger=40a32e8439c5409a63ccf853562a60ef&Expires=1592212805&ssig=YhlmIavhrL&KID=unistore,video",
4507790084030510,J3gEEgUwe,2146615823,卡莫北鼻666,转发微博,,,,,0,0,0,2020-05-23 16:59,华为手机 畅享玩不停,,,4507531018431265
4507729828401693,J3f5szfFb,1732112365,NOWnews今日新闻,#美国新冠肺炎确诊病例超159万#【#特朗普要求美国各州长允许教堂开放#】当地时间22日，特朗普在白宫发表讲话时，下令各州长允许宗教场所立即开放，他表示宗教场所对美国人抗击疫情“至关重要”。特朗普说：“如果他们不这样做，我将推翻州长们的决定。美国需要更多的祈祷，而不是更少。”L微天下的微博视频,,,,"美国新冠肺炎确诊病例超159万,特朗普要求美国各州长允许教堂开放",26,76,239,2020-05-23 13:00,微博 weibo.com,,"http://f.video.weibocdn.com/JT2ANsRalx07Du9cIyiA010412009hYd0E010.mp4?label=mp4_ld&template=640x360.25.0&trans_finger=40a32e8439c5409a63ccf853562a60ef&Expires=1592212805&ssig=pca8tOwEzA&KID=unistore,video",
4507790062602011,J3gECaUTV,1323441167,fdfgssgghhgghhhhh,转发微博,,,,,0,0,0,2020-05-23 16:59,iPad air,,,4507729828401693
4507786379552814,J3gyFE57E,2656274875,央视新闻,【#柳叶刀直指特朗普推荐药会增加死亡风险#】特朗普多次推荐治疗疟疾的羟（qiǎng）氯喹（kuí）可治疗新冠肺炎，并声称自己正用其预防。包括美国科学家在内的多名科学家，日前在国际权威医学杂志《柳叶刀》发表论文称，没有数据能支撑特朗普的观点，相反，数据显示，使用羟氯喹会增加新冠患者死亡风险↓L央视新闻的微博视频,,,,柳叶刀直指特朗普推荐药会增加死亡风险,358,423,2769,2020-05-23 16:44,微博云剪,,"http://f.video.weibocdn.com/RCSx4DFalx07DuKlRarS01041200aPJv0E010.mp4?label=mp4_ld&template=640x360.25.0&trans_finger=40a32e8439c5409a63ccf853562a60ef&Expires=1592212805&ssig=EKki8DIcD9&KID=unistore,video",
4507790045156525,J3gEAlDrL,5478906775,取个名字真是好麻烦啊先这么着吧,转发微博,,,,,0,0,0,2020-05-23 16:59,nova5Pro人像超级夜景,,,4507786379552814
4507423425386875,J377gmBn5,2656274875,央视新闻,#外交部回应特朗普涉香港言论#【#赵立坚用三个坚定不移回击美涉港言论#】美国总统特朗普近日表示，如果中国通过香港立法，美国将会强烈反对。中国外交部发言人赵立坚表示，香港特区维护国家安全立法的问题纯属中国内政，任何外国无权干预。中国政府维护国家主权、安全、发展利益的决心坚定不移，贯彻“一国两制”方针的决心坚定不移，反对任何外部势力干预香港事务的决心坚定不移。（总台央视记者申杨）L央视新闻的微博视频,,,,"外交部回应特朗普涉香港言论,赵立坚用三个坚定不移回击美涉港言论",1314,1778,20741,2020-05-22 16:42,OPPO Find X2 Pro,,"http://f.video.weibocdn.com/liJbxS8elx07Dt9X3YA0010412002R2c0E010.mp4?label=mp4_ld&template=640x360.25.0&trans_finger=40a32e8439c5409a63ccf853562a60ef&Expires=1592212805&ssig=S7ZM%2B26GRl&KID=unistore,video",
4507790041828486,J3gEA7FFI,6457954195,雅安市交警支队直属二大队,#外交部回应特朗普涉香港言论#【#赵立坚用三个坚定不移回击美涉港言论#】,,,,"外交部回应特朗普涉香港言论,赵立坚用三个坚定不移回击美涉港言论",0,0,0,2020-05-23 16:59,HUAWEI Mate 9,,,4507423425386875
4507790040952387,J3gEA3ZL5,2443459455,国际在线新闻,【#柳叶刀直指特朗普推荐药会增加死亡风险#】特朗普多次推荐治疗疟疾的羟（qiǎng）氯喹（kuí）可治疗新冠肺炎，并声称自己正用其预防。包括美国科学家在内的多名科学家，日前在国际权威医学杂志《柳叶刀》发表论文称，没有数据能支撑特朗普的观点，相反，数据显示，使用羟氯喹会增加新冠患者死亡风险。L央视新闻的微博视频@央视新闻#美研究机构报告病毒源于自然后失去拨款##77名诺奖获得者联名谴责美政府#,,,央视新闻,"柳叶刀直指特朗普推荐药会增加死亡风险,美研究机构报告病毒源于自然后失去拨款,77名诺奖获得者联名谴责美政府",1,2,8,2020-05-23 16:59,微博 weibo.com,,"http://f.video.weibocdn.com/RCSx4DFalx07DuKlRarS01041200aPJv0E010.mp4?label=mp4_ld&template=640x360.25.0&trans_finger=40a32e8439c5409a63ccf853562a60ef&Expires=1592212805&ssig=EKki8DIcD9&KID=unistore,video",
4506782313562487,J2QrdeWLt,2150758415,孤烟暮蝉,【美军一架F35A战机训练时坠毁】据美国埃格林空军基地发布消息，当地时间5月19日晚，美国空军一架F-35A战斗机在该基地例行夜间训练着陆时坠毁，飞行员成功弹射逃生后就医，目前身体状况稳定。报道称，这是美空军的F-35A战斗机首次坠毁。而就在5月15日，埃格林空军基地一架F-22战斗机坠毁。,,,,,41,163,1351,2020-05-20 22:14,HUAWEI Mate 20 Pro,['http://ww3.sinaimg.cn/large/8031f80fgy1gez9wpsstnj20sx0w8dio.jpg'],,
4507790019848378,J3gExFk0O,5948462066,Eric321小丫头-,这条信息很重磅！F-22双引擎大航程，可惜太贵太贵，摔得看客都觉得肉疼！F-35A是F-22简装版，曾经也被特朗普骂过太贵！它们都命运多踹…不知多久才能公布摔的原因。,,,,,0,0,0,2020-05-23 16:59,iPhone 11 Pro Max,,,4506782313562487
4507789974472788,J3gEtiLzK,5490282428,吉林蒂雨,【#特朗普说我戴口罩了但不想你们看到#】当地时间21日，美国总统特朗普视察密歇根州福特工厂时，仍未戴口罩。当被记者追问时，特朗普自称在镜头外曾戴口罩，“我不想让媒体看到我因戴口罩而快乐”。密歇根州总检察长表示，如果特朗普不戴口罩，他将不能再进入密歇根州任何未封闭设施。L央视新闻的微博视频,,,,特朗普说我戴口罩了但不想你们看到,0,0,0,2020-05-23 16:59,微博 weibo.com,,"http://f.video.weibocdn.com/EIuuPzU3lx07DtyfMGK401041200lFJK0E010.mp4?label=mp4_ld&template=640x360.25.0&trans_finger=40a32e8439c5409a63ccf853562a60ef&Expires=1592212805&ssig=YhlmIavhrL&KID=unistore,video",
4507789970592929,J3gEt2ufn,3202549294,XXX稻香,转发微博,,,,,0,0,0,2020-05-23 16:59,iPhone客户端,,,4507786379552814
4507789965502515,J3gEsn5sf,1651428902,21世纪经济报道,【#柳叶刀直指特朗普推荐药会增加死亡风险#】特朗普多次推荐治疗疟疾的羟（qiǎng）氯喹（kuí）可治疗新冠肺炎，并声称自己正用其预防。包括美国科学家在内的多名科学家，日前在国际权威医学杂志《柳叶刀》发表论文称，没有数据能支撑特朗普的观点，相反，数据显示，使用羟氯喹会增加新冠患者死亡风险↓L央视新闻的微博视频,,,,柳叶刀直指特朗普推荐药会增加死亡风险,26,9,41,2020-05-23 16:59,iPhone客户端,,"http://f.video.weibocdn.com/RCSx4DFalx07DuKlRarS01041200aPJv0E010.mp4?label=mp4_ld&template=640x360.25.0&trans_finger=40a32e8439c5409a63ccf853562a60ef&Expires=1592212805&ssig=EKki8DIcD9&KID=unistore,video",
4507789872898858,J3gEjca7M,1358080031,何青青博客,《特朗普亲自推荐的特效药翻车！权威专家联合撕掉遮羞布：能吃死人》截止5月23日，美国疫情感染人数已经马上要突破160万，且已经有超过95000人因为新冠肺炎失去生命。O网页链接,,,,,0,0,1,2020-05-23 16:58,看多多,['http://ww2.sinaimg.cn/large/50f2a81fgy1gf2hml6hkrj204c02wwee.jpg'],,
4506598900986574,J2LFo48Eu,5044281310,澎湃新闻,#特朗普说美国确诊数最多是荣誉勋章#【特朗普：美国确诊数全球最高是“荣誉勋章”】当地时间5月19日，特朗普在内阁会议上对记者表示，美国拥有世界上最多新冠确诊病例，这是“荣誉的勋章”。他称，新冠确诊人数越多，说明检测能力越强，国家也越强大。（视频来源CNN）O特朗普：美国确诊数全球最高是“荣誉勋章”L澎湃新闻的微博视频,,,,特朗普说美国确诊数最多是荣誉勋章,230,584,2593,2020-05-20 10:06,微博 weibo.com,,"http://f.video.weibocdn.com/001n570lgx07Dpuq26Ry010412008dBy0E010.mp4?label=mp4_ld&template=640x360.25.0&trans_finger=40a32e8439c5409a63ccf853562a60ef&Expires=1592212805&ssig=o%2F037sgSxZ&KID=unistore,video",
4507789865701670,J3gEinVgq,1817727272,Garfie_zou,这个勋章会压死很多人~~,,,,,0,0,0,2020-05-23 16:58,iPhone客户端,,,4506598900986574
4507775104926896,J3ggukFI4,6071304534,兩后彩虹6071304534,#腾讯新闻#特朗普和共和党搞了一个“中国工作小组”，这是要全面开黑的节奏吗？！O特朗普和共和党搞了一个“中国工作小组”，这是要全面开黑的节奏吗？！来自@腾讯新闻,,,腾讯新闻,腾讯新闻,0,0,0,2020-05-23 15:59,腾讯新闻客户端,['http://ww2.sinaimg.cn/large/006CSzEGly1gf2fxhi7snj30go0b4js8.jpg'],,
4507741501420252,J3foi5Xti,7209866866,焦点微记录,祖国反黑站希拉里当年预言特朗普捣蛋做派会毁天灭地，几年后再看确实生动形象贴切#美国大选将于11月3日举行#L焦点微记录的微博视频,,,,美国大选将于11月3日举行,286,44,931,2020-05-23 13:46,祖国反黑站超话,,"http://f.video.weibocdn.com/19GXbmGslx07Duy6qP3G01041202QKt50E020.mp4?label=mp4_ld&template=640x360.25.0&trans_finger=40a32e8439c5409a63ccf853562a60ef&Expires=1592212815&ssig=O6%2BOCs636m&KID=unistore,video",
4507775101294487,J3ggu5qKP,7385947383,大妈级女神米米,转发微博,,,,,0,0,0,2020-05-23 15:59,iPhone客户端,,,4507741501420252
4507775084471431,J3ggsiLdR,7053524579,用户3838823057,#凤凰新闻#【美媒曝特朗普政府计划重启核试验专家警告：将成核军备竞赛发令枪】【环球网报道】美国21日称将退出《开放天空条约》后，《华盛顿邮报》隔天（22日）就爆料称，特朗普政府对是否进行1992年以来的首次核试验进行了讨论。报道认为，此...O美媒曝特朗普政府计划重启核试验专家警告：将成核军备竞赛发令枪来自@凤凰新闻客户端,,,凤凰新闻客户端,凤凰新闻,0,0,0,2020-05-23 15:59,凤凰新闻,['http://ww2.sinaimg.cn/large/007HlRXtly1gf2fxgajf5j30hs09z763.jpg'],,
4507775080265751,J3ggs178j,1834286723,还曾h冰酒,搜狐新闻:【#“港版国安法”大部分内容已草就#–特朗普威胁中国，要取消香港独立关税地位？媒体：北京在美国压力下后退的可能性是零】O网页链接（分享自@搜狐新闻客户端）,,,搜狐新闻客户端,“港版国安法”大部分内容已草就,0,0,0,2020-05-23 15:59,iPhone客户端,['http://ww2.sinaimg.cn/large/6d54fe83ly1gf2fxfg3u4j20h80cymze.jpg'],,
4507775021730672,J3ggm7ge4,2148161524,汤染染loooong,每日笑料,,,,,0,0,0,2020-05-23 15:59,荣耀V10 我AI的快,,,4507514844683161
4507686655804144,J3dXPolVe,2174585797,王冰汝,今天拜登又“祸从口出”了…他在一个广播节目中说，如果非裔选民要在他和特朗普之间犹豫不决，那就肯定不是非裔（youain’tblack).话音一落，共和党非裔参议员TimScott立即提醒拜登，2016年130万非裔（美国非裔超过4000万）投票给了特朗普…拜登之后道歉，称自己太傲慢和自作聪明。之前拍过一期视频，美国大部分非裔是支持民主党的。拜登的自信从何而来？来听听美国大叔的讲解。L王冰汝的酷燃视频,,,,,197,202,970,2020-05-23 10:08,,,"http://fus.cdn.krcom.cn/7P8G1elulx07BqQKDkSA01041200T6ei0E010.mp4?label=mp4_ld&template=640x360.25.0&trans_finger=d167526c00113cfa24f246ec72eeaa71&Expires=1592212815&ssig=vlXWVW8Pkx&KID=unistore,video",
4507775008784507,J3ggkARfB,1736948843,黄仲新,转发微博,,,,,0,0,0,2020-05-23 15:59,华为G7 Plus,,,4507686655804144
4507002594918898,J2WavkDD4,6192085227,环视频,【美国女子#服用羟氯喹19年，仍然感染新冠#：特朗普的说法让我很生气】据美国广播公司附属电视台19日报道，美国威斯康星一名女子接受采访时表示自己服用羟氯喹19年，还是得了新冠肺炎。这名女子称自己患有狼疮，长期服用羟氯喹，但在四月中旬突然出现了新冠症状。L环视频的微博视频,,,,服用羟氯喹19年，仍然感染新冠,21,17,58,2020-05-21 12:50,微博视频,,"http://f.video.weibocdn.com/G9fAqom0lx07Drit2iEE010412008nSC0E010.mp4?label=mp4_ld&template=640x360.25.0&trans_finger=40a32e8439c5409a63ccf853562a60ef&Expires=1592212815&ssig=sbcQhm069%2B&KID=unistore,video",
4507774991626930,J3ggj6PeO,1753033432,沐非,//@苏静初Jassica:,,,苏静初Jassica,,4,0,3,2020-05-23 15:59,vivo AI智慧拍照X21,,,4507002594918898
4507696298059481,J3ednxODD,1887344341,观察者网,【拜登：如果选特朗普而不选我，那你就不是黑人】5月22日，美国民主党总统候选人、前副总统乔•拜登接受黑人电台《早餐俱乐部》采访。快结束之际，拜登突然发表言论称“如果连选我还是选特朗普都不知道，那你就不是黑人了”，并将自己的政绩大肆吹嘘了一番。其言论引发巨大争议后，他道歉称“不应该如此狂妄自大”、“不应该如此漫不经心”、“没人应该因种族、宗教或背景而投票给某个党派”。L微丢的微博视频,,,,,193,304,3243,2020-05-23 10:46,,,"http://f.video.weibocdn.com/004ij1S8gx07DujcvWa4010412005VWg0E010.mp4?label=mp4_ld&template=360x640.24.0&trans_finger=81b11b8c5ffb62d33ceb3244bdd17e7b&Expires=1592212815&ssig=2D8i8LrojQ&KID=unistore,video",
4507774987677363,J3ggiwder,5116703944,今年考试,我现在觉得特没谱真的很有可能连任了……,,,,,0,0,0,2020-05-23 15:59,,,,4507696298059481
4507774970852667,J3ggh3zOH,2770722975,每天开心的老孙,1800多年前，诸葛亮大骂王朗“我从未见过有如此厚颜无耻之人”的时候，他一定不会想到后世还真有比王朗更无耻至极之人，他要是换做王朗，诸葛亮突破贤达底线的怒骂，估计作用也有限，落得个黯然离场的局面。特朗普厚颜无耻已到极致，虽然他谎话连篇，但疫情数据不会说谎。而且越来越多的证据表明，特朗普因应对疫情迟缓，枉送了无数美国人的性命。也许不久的将来，特朗普会受到世界的审判！,,,,,0,0,1,2020-05-23 15:59,iPhone客户端,['http://ww4.sinaimg.cn/large/a525e09fly1gf2fwsz0qhj20fy0c37eg.jpg'],,
4507760026413779,J3fSaqUw3,1738757345,洛杉矶华人资讯网,戴口罩认不出罪犯橙县烟酒店遭抢!警方：疫情下犯罪率上升50%O网页链接,,,,,2,0,0,2020-05-23 15:00,微博 weibo.com,['http://ww2.sinaimg.cn/large/67a354e1gy1gf246u77hrj20go09d74t.jpg'],,
4507774945361342,J3ggemuJg,7418451833,山脚河边草,特朗普坚持不戴口罩的终极原因，找到啦！,,,,,0,0,0,2020-05-23 15:59,荣耀V9 我想要的快,,,4507760026413779
4507774874328373,J3gg7ia0t,1977889537,深圳网警,【特朗普说我戴口罩了但不想你们看到】当地时间21日，美国总统特朗普视察密歇根州福特工厂时，仍未戴口罩。当被记者追问时，特朗普自称在镜头外曾戴口罩，“我不想让媒体看到我因戴口罩而快乐”。L央视新闻的微博视频,,,,,5,16,23,2020-05-23 15:59,微博 weibo.com,,"http://f.video.weibocdn.com/EIuuPzU3lx07DtyfMGK401041200lFJK0E010.mp4?label=mp4_ld&template=640x360.25.0&trans_finger=40a32e8439c5409a63ccf853562a60ef&Expires=1592212815&ssig=8LEo1qtRq7&KID=unistore,video",
4507774824570502,J3gg2jaZM,1446457785,这话我爱听,特朗普不顾风险执意重开竞选集会，原因是他越来越绝望！《一败涂地？模型显示今年大选特朗普将惨败，数十年来只预测错两次_手机搜狐网》这对特朗普来说，是一个非常糟糕的信号，4月份是美国疫情的高峰，5月份疫情已经有所缓和，并且美国50个州已经开放了，照理说，特朗普的支持率应该回升才对，结果没想到支持率升高的是拜登，特朗普反而继续下降…O一败涂地？模型显示今年大选特朗普将惨败，数十年来只预测错两次,,,,,0,0,0,2020-05-23 15:58,百度App,['http://ww2.sinaimg.cn/large/563731b9ly1gf2ftyl68fj20m80etgm6.jpg'],,
4507774816158733,J3gg1pQap,5844136195,音乐纪,爆笑特朗普魔性单曲《Havana》是不是对曾经发过的那篇恶搞川普的神曲《Believer》意犹未尽？嘻嘻，这次带来国外神剪辑手MaestroZiikos的又一力作——特朗魔性翻唱单曲《Havana》。都说川普怼天怼地怼空气，看到没，爱怼人的后果就是......被各路大神花式怼回去~哈哈，周末愉快~#美国新冠确诊病例累计超160万例##张伯礼建议完善传染病直报系统##乐评#L音乐纪的微博视频,,,,"美国新冠确诊病例累计超160万例,张伯礼建议完善传染病直报系统,乐评",6,6,135,2020-05-23 15:58,翻唱改编 · 视频社区,,"http://f.video.weibocdn.com/uQ912GW5lx07DsCIwfuo01041200nts60E010.mp4?label=mp4_ld&template=640x360.25.0&trans_finger=bdef57f06ae52835a2c783ca389e8517&Expires=1592212815&ssig=du%2BYrEArO3&KID=unistore,video",
4507774790674183,J3gfZ2PnV,1900858317,还是肉粽这个名字比较好,特朗普这老b不可能还要来四年吧……我挺烦他的呢,,,,,0,0,0,2020-05-23 15:58,iPhone,,,
4507774770250081,J3gfX133z,7313813568,你二我六一起八,#果然沙雕是不分国界的##特朗普#哈哈哈可以可以L你二我六一起八的微博视频,,,,果然沙雕是不分国界的,0,0,0,2020-05-23 15:58,微博国际版,,"http://f.video.weibocdn.com/0014ialIgx07DuHbpu8n0104120028IY0E010.mp4?label=mp4_ld&template=360x640.24.0&trans_finger=81b11b8c5ffb62d33ceb3244bdd17e7b&Expires=1592212815&ssig=85ZkLQVJjg&KID=unistore,video",
4507774665042620,J3gfMl9OA,6479320238,想睡正泰,【中韩双语】特朗普指责WHO是中国的傀儡O网页链接,,,,,0,0,2,2020-05-23 15:58,微博视频,,,
4507770873821596,J3g9Fg2aE,5564927603,无心简影,特朗普是认真的？这货是想把世界拖回到冷战时代？,,,,,29,118,562,2020-05-23 15:43,OnePlus 7 Pro,['http://ww4.sinaimg.cn/large/0064BRSPly1gf2ffatyacj31409lk4qt.jpg'],,
4507774618786215,J3gfHARH9,7403140664,CEUk_md-Fi,//@A股伏击者:已经是冷战时期了，特朗普总想搞点大新闻，好在美国总统山上有个头像，好宣扬自己是美国史上最伟大的总统，不能名流千史，遗臭万年也是一种记载入史册的方式。,,,A股伏击者,,0,0,0,2020-05-23 15:58,小米手机4,,,4507770873821596
4507774580525695,J3gfE2cKX,5197915751,梦哥哥从良了,特朗普没骗我，他真的什么都懂,,,,,0,0,1,2020-05-23 15:57,iPhone客户端,['http://ww1.sinaimg.cn/large/005FLVkPgy1gf2fuffrh0j30tz0miq60.jpg'],,
4506975251616724,J2Vsp6MAc,2596119483,微丢,【特朗普：再过两天我就不吃这药了】当地时间5月20日，“以身试药”招致大量批评后，特朗普表示，他将在未来两天内停止服用羟氯喹，“我想一两天内就能够完成（羟氯喹）疗程，两天内吧。”本周一，特朗普突然宣布，他在一周半的时间里每天都在服用羟氯喹作为新冠肺炎的预防措施。但由于白宫对特朗普服用该药的剂量一直守口如瓶，也没说明总统的具体服药时间，令人怀疑特朗普是否真的在服用该药。#特朗普称一两天会停用羟氯喹#L微丢的微博视频,,,,特朗普称一两天会停用羟氯喹,50,62,542,2020-05-21 11:01,微博视频,,"http://f.video.weibocdn.com/0035J20rgx07Drb0s6Bq010412007z7L0E010.mp4?label=mp4_ld&template=640x360.25.0&trans_finger=40a32e8439c5409a63ccf853562a60ef&Expires=1592212815&ssig=R%2Bcxn4hjIh&KID=unistore,video",
4507774544106905,J3gfAheop,3109835601,高山散木815,//@大龙村的小龙人:好吃你就多吃点,,,大龙村的小龙人,,0,0,0,2020-05-23 15:57,小米6 拍人更美,,,4506975251616724
4507759959891897,J3fS3FvkJ,1157539917,贾敬华,#生活与你一起升级#很多网友好奇，说特朗普为何只打压华为，不敢打压三星？三星不仅拥有自主研发的手机芯片，还有自己的晶圆工厂，具备生产手机芯片的能力。答案很简单，美国一旦打压三星，苹果、高通和英特尔等厂商都很难生存。三星除了可以生产手机芯片外，全球的内存颗粒，还有手机存储都是来自三星。另外，三星在手机屏幕和摄像头行业的市场份额也很高。试问，美国打压了三星，苹果恐怕要倒霉了。打压华为，对美国企业的影响小一些。所以，如果华为也掌握了大量核心技术，美国肯定不敢打压华为。,,,,生活与你一起升级,2,17,13,2020-05-23 14:59,微博 weibo.com,['http://ww2.sinaimg.cn/large/44fea84dly1gf2e6w5klaj20qo0dnaax.jpg'],,
4507759959122450,J3fS3Chai,5542187877,Antarktica,這老頭真的是我每天刷微博的快樂源泉positivelynegative,,,,,0,0,0,2020-05-23 14:59,,,,4507514844683161
4507759926996271,J3fS0tm35,2012576854,hiuvhi9qg,感觉特朗普活不久了。,,,,,0,0,0,2020-05-23 14:59,vivo X20全面屏手机,,,
4507759896471088,J3fRXr9qo,2950733665,小妖看盘,#美国##宏观经济##反击贸易战#加紧与中国脱钩，美国三刀直击中国！考验中国的时候到了！5月14日，美国总统特朗普在接受记者采访时表示，“与中国断绝整个关系”，许多人以为这只是特朗普的一句疯话，认为在世界格局全面深度融合、全球化深入到几乎所有领域的时代，中美不可能完全脱钩，中美断绝关系将是一场世界性的灾难。殊不知，“与中国断绝整个关系”、与中国脱钩正在变成美国的一项国策，正在变成美国社会的共识。为了与中国脱钩，美国动用了一系列手段，采取了一系列策略，通过了一系列法案，全面推进“去中国化”进程，以其高科技垄断地位和金融霸权对中国发动战争，不管我们愿意不愿意，也不管我们相信不相信，随着美国加大打击中国的力度，中美关系正在相互远离，中美之间的冷战大幕正在徐徐拉开。,,,,"美国,宏观经济,反击贸易战",59,275,957,2020-05-23 14:59,,['http://ww2.sinaimg.cn/large/afe09f61gy1gf2e5vlvz6j20fa089mxn.jpg'],,
4507759896310873,J3fRXqtKh,7454244378,妙彤听寒tp,转发微博,,,,,0,0,0,2020-05-23 14:59,小米手机4,,,4507514844683161
4507759854866380,J3fRTkpY0,3457869944,KOP靠谱的韩同学,『刚刚，中方严正回应特朗普！』O刚刚，中方严正回应特朗普！,,,,,0,1,3,2020-05-23 14:59,iPhone 11 Pro Max,,,
4507658071139410,J3ddJ4MpA,1618051664,头条新闻,【#特朗普想把记者放火箭发射#：就能暂时摆脱你们了】5月21日，特朗普称将考虑一周后观看载人火箭发射，并表示希望记者能和他一起去。特朗普说：“到时候我把你们都放进火箭，我就能暂时摆脱你们了！”SpaceX公司将于6天后在肯尼迪航天中心发射载人火箭，将两名NASA宇航员送入太空。@世面L世面的秒拍视频,,,世面,特朗普想把记者放火箭发射,350,434,2271,2020-05-23 08:14,微博 weibo.com,,"http://miaopai.video.weibocdn.com/HjPeixhwlx07DtAlyvfO010412006fd60E013.mp4?label=mp4_ld&template=640x360.25.0&trans_finger=40a32e8439c5409a63ccf853562a60ef&Expires=1592212829&ssig=ABM%2BP3RoQ2&KID=unistore,video",
4507759850472296,J3fRT1YRG,1893489274,安庆望江公安华阳派出所,//@一点清风----:转发微博,,,一点清风----,,2,2,2,2020-05-23 14:59,Android客户端,,,4507658071139410
4507759809316975,J3fROD5LN,5261844358,海上居士_,"发布了头条文章：《特朗普:我的病毒检测非常""阳性""特朗普语录""阳性地阴性""被网友恶搞》O特朗普:我的病毒检测非常″阳性″特朗普语录″阳性地阴性″被网友恶搞",http://t.cn/A62b5VSp,,,,0,0,0,2020-05-23 14:59,微博 weibo.com,,,
4507759771460315,J3fRL67Tt,3457869944,KOP靠谱的韩同学,『周末不平静！特朗普发威胁，中概股再度集体暴跌！到底发生了什么？阿里之后，网易京东也有大动作！』O周末不平静！特朗普发威胁，中概股再度集体暴跌！到底发生了什么？阿里之后，网易京东也有大动作！,,,,,0,0,0,2020-05-23 14:59,iPhone 11 Pro Max,,,
4507759757786384,J3fRJwFAQ,6140315230,博尔塔拉的风,博尔塔拉的风40秒前来自360安全浏览器在很久以前特朗普没有当选时，我因为他讲真话而通过自己语言通道支持[他。现在，不管他说什么或是做什么我依然支持他连任，希望美国具有担当能力的人为他们的人民免受新冠病毒威胁奔走呼号，希望有人支持我的观点--------特朗普再当选！！！,,,,,0,0,0,2020-05-23 14:58,360安全浏览器,['http://ww1.sinaimg.cn/large/006Hy8uqgy1gf2e61p2x0j30gx0kagqm.jpg'],,
4507756093343818,J3fLPe1Sy,5145725878,沸点视频,#三星手机系统崩了#【#三星回应手机系统崩溃#：正积极排查原因】5月23日凌晨，大量三星手机用户发文称自己的三星设备遭遇黑屏和大面积重启问题。此次受影响手机用户包括S8、S9、S10乃至于S20等机型，据网友推断三星手机疑似遇到时间bug或服务器崩溃。对此三星官方回应称，已经收到了部分用户对于系统问题的反馈，目前正在积极排查原因，并尽快提供相应的解决方案。O三星手机突然大面积黑屏重启官方：正积极排查原因L沸点视频的微博视频,,,,"三星手机系统崩了,三星回应手机系统崩溃",24,71,91,2020-05-23 14:44,,,"http://f.video.weibocdn.com/4dOCQb02lx07DuC4ldOo010412005zZT0E010.mp4?label=mp4_ld&template=360x640.24.0&trans_finger=81b11b8c5ffb62d33ceb3244bdd17e7b&Expires=1592212829&ssig=YoMdMyPGcF&KID=unistore,video",
4507759645338172,J3fRymoHy,1635060664,法棍和咖啡,//@四月的新梦想:特朗普搞得鬼。,,,四月的新梦想,,0,0,0,2020-05-23 14:58,HUAWEI P30 Pro,,,4507756093343818
4507759628106173,J3fRwy0MJ,5861942031,sherlockrojers,Repost,,,,,0,0,0,2020-05-23 14:58,iPhone,,,4507658071139410
4507759590081674,J3fRt0lfk,5191347572,去睡个觉吧,转发微博,,,,,0,0,0,2020-05-23 14:58,iPhone客户端,,,4507514844683161
4507759586981169,J3fRsti7v,5016630485,星島日報歐洲版,北京：外国无权干预香港事务“港区国安法”引起西方高度关注。继美国总统特朗普21日警告将有强烈反应后，国务卿蓬佩奥22日指“港区国安法”恐成为北京对香港（特区）高度自治承诺的丧钟，并警告可能影响美对香港地位的评估。英国首相约翰逊的发言人表示，英方期望北京尊重港人的权利、自由及高度自治。中国外交部发言人赵立坚22日则响应特朗普的言论，指任何外国无权干预“港区国安法”，中国反对任何外部势力干涉香港事务的决心坚定不移。赵立坚当天响应道，国家安全是国家生存发展的基本前提，放眼世界，没有任何国家允许在其本国领土从事分裂国家等危害国家安全的活动。他说，香港特区维护国家安全立法的问题纯属中国内政，任何外国无权干预。他强调，中国政府维护国家主权、安全、发展利益的决心坚定不移，贯彻“一国两制”的决心坚定不移，反对任何外部势力干涉香港事务的决心坚定不移。美国国务卿蓬佩奥22日警告，绕过香港完善立法过程、忽视港人意愿的决定，将为北京于《中英联合声明》中承诺香港的高度自治，敲响丧钟。他说美国强力敦促北京重新考虑这项提案。蓬佩奥说，任何冲击《中英联合声明》和《基本法》所承诺香港的自治、自由之决定，都将无可避免地影响美国对“一国两制”及香港地位的评估。美国国务卿目前依据“美国—香港政策法”，须定期检视香港情势发展并向国会报告。美国国会去年11月通过“香港人权与民主法案”，要求国务卿在年度报告中特别检视香港各方面的自治及自由情况，并判断香港是否仍可享有美国法律下规定的特殊待遇。英国首相约翰逊的发言人22日称，期望北京尊重港人的权利、自由及高度自治。英国、澳洲、加拿大22日发表联合声明，对“港区国安法”表达深切关注。欧盟也发表声明，促中方尊重香港的自治。,,,,,2,6,14,2020-05-23 14:58,专业版微博,['http://ww1.sinaimg.cn/large/005tvgKVgy1gf2e5ciaayj30fr0akgno.jpg'],,
4507045535185036,J2XhLlKRC,6586581031,生活摘录,【美国华裔对中国很愤怒？#吴彦祖喊话特朗普#：你不能代表我们说话】“你不能代表我们说话。”13日，华人演员吴彦祖在社交媒体上这样反驳美国总统特朗普的一则推文。后者曾发推挑拨称，美国华裔对中国很愤怒。除了吴彦祖以外，特朗普这一挑拨说法也遭到其他华裔乃至亚裔美国人的反对。华裔女议员、民主党全国委员会副主席孟昭文指责特朗普是在用种族主义言论来转移人们对他应对疫情不力的注意力。#吴彦祖#L海客新闻的秒拍视频#微博喜剧现场#,,,,"吴彦祖喊话特朗普,吴彦祖,微博喜剧现场",7,0,6,2020-05-21 15:40,微博 weibo.com,,"http://miaopai.video.weibocdn.com/dqy87cFNlx07DhN71wTm010412005sZe0E013.mp4?label=mp4_ld&template=640x360.25.0&trans_finger=40a32e8439c5409a63ccf853562a60ef&Expires=1592212829&ssig=OFB1JPMZvw&KID=unistore,video",
4507759570165091,J3fRr0GWL,7451925746,女人別幸福過顗-汑,转发微博,,,,,0,0,0,2020-05-23 14:58,小米手机4,,,4507045535185036
4507506158097874,J39gHxYCS,1974576991,环球时报,【特朗普定制口罩曝光：蓝色表面印总统徽章】#特朗普戴总统专属口罩现身#当地时间5月21日，美国密歇根州，特朗普前往福特呼吸机工厂时被拍到佩戴口罩。但他面对镜头时并未佩戴，而是向记者展示总统专属口罩，并称自己戴口罩看上去更帅。CNN介绍，该口罩系一款海军蓝织物口罩，印有美国总统徽章。L澎湃新闻的微博视频@澎湃新闻,,,澎湃新闻,特朗普戴总统专属口罩现身,196,429,2299,2020-05-22 22:11,微博 weibo.com,,"http://f.video.weibocdn.com/003MmNvvgx07DtdMDu92010412008NSF0E010.mp4?label=mp4_ld&template=640x360.25.0&trans_finger=bdef57f06ae52835a2c783ca389e8517&Expires=1592212829&ssig=DyUo8aXFwv&KID=unistore,video",
4507759536459592,J3fRnr6qY,1959885012,知秋飘曳,慕洋犬多年来鼓吹的奥巴马淋雨讲话，如今算是毁于一旦。,,,,,0,0,0,2020-05-23 14:58,iPhone客户端,,,4507506158097874
4507759507354227,J3fRkuRaz,6508265247,Rose水清月明,特朗普终于戴上口罩。在没戴口罩之前，特朗普说话经常信口开河。说什么中国病毒论，要求赔偿。说什么注射消毒剂治疗新冠肺炎。戴上口罩之后，会不会来个180°大转弯。给人一个“金口玉言”的感觉呢？我们拭目以待O网页链接,,,,,0,0,0,2020-05-23 14:57,百家号App,['http://ww4.sinaimg.cn/large/0076s167gy1gf2e4v547aj30u00gtmz8.jpg'],,
4498674815631050,IFoYVnCTo,2174585797,王冰汝,#纽约时报分析特朗普推特#这几天特朗普与媒体杠上了，直接称假新闻是美国人民的公敌。而特朗普口中的假新闻，首当其冲就是《纽约时报》。近日《纽约时报》揭秘被困在白宫的特朗普是如何消磨时光的，令大统领勃然大怒连发N条推怼回去。纽约时报接着又放大招，把特朗普在一个月内的所有发言，26万字汇总进行分析，发现了一些惊人的规律...#冰汝看美国#@凤凰网视频L王冰汝的酷燃视频,,,凤凰网视频,"纽约时报分析特朗普推特,冰汝看美国",1186,919,4067,2020-04-28 13:18,深度报道 · 视频社区,,"http://fus.cdn.krcom.cn/BvMNMOxelx07CQCGloik01041200zqkG0E010.mp4?label=mp4_ld&template=640x360.25.0&trans_finger=d167526c00113cfa24f246ec72eeaa71&Expires=1592212829&ssig=Coxe2WKfr1&KID=unistore,video",
4507759481432727,J3fRi60Iv,2043308874,直播天,转发微博,,,,,0,0,0,2020-05-23 14:57,Android,,,4498674815631050
