﻿id,bid,user_id,用户昵称,微博正文,头条文章url,发布位置,艾特用户,话题,转发数,评论数,点赞数,发布时间,发布工具,微博图片url,微博视频url,retweet_id
4505585704352971,J2ljcigpd,1726918143,中国青年报,【#奥巴马再批特朗普政府#：连假装负责都做不到】16日，奥巴马在给美国传统黑人大学毕业生毕业寄语时，再次批评现政府的抗疫不力。他表示，疫情给黑人社区带来了不成比例的影响，凸显了黑人社区长期存在的不平等问题，而这次疫情也让“政府官员知道自己在做什么”的幻想破灭了，“他们甚至连假装负责都做不到”。（@观察者网）L微丢的微博视频,,,观察者网,奥巴马再批特朗普政府,556,453,15926,2020-05-17 15:00,微博 weibo.com,,"http://f.video.weibocdn.com/001WsKNRgx07DkIXb0UL010412008Oi30E010.mp4?label=mp4_ld&template=640x360.25.0&trans_finger=40a32e8439c5409a63ccf853562a60ef&Expires=1592212251&ssig=IFu3EsGG7I&KID=unistore,video",
4505827250164826,J2rAN0GSu,5545630195,徐丹03018,转发微博,,,,,0,0,0,2020-05-18 06:59,iPhone客户端,,,4505585704352971
4503086179325646,J1ihHD81E,5024173332,有点黄,#特朗普回应美国确诊病例超百万#特朗普搞笑时刻大合集第一波，不愧为“宇宙网红”L有点黄的微博视频,,,,特朗普回应美国确诊病例超百万,1408,673,7373,2020-05-10 17:27,微博视频,,"http://f.video.weibocdn.com/c0JL8exYlx07Da3J8B8Q01041200Pq0G0E010.mp4?label=mp4_ld&template=640x360.25.0&trans_finger=40a32e8439c5409a63ccf853562a60ef&Expires=1592212251&ssig=aTPcKADuiO&KID=unistore,video",
4505827244894068,J2rAMkxaA,6427923085,易困体质滴嗜睡症患者,转发微博,,,,,0,0,0,2020-05-18 06:59,iPhone客户端,,,4503086179325646
4505827241254942,J2rAM5gt0,1088574051,聪明洁_245,疫情国际日报【巴西连续三天日增确诊创新高欧洲一国率先宣布本地疫情结束】世卫组织统计数据显示，李商隐全球新冠肺炎确诊病例超过434万例，中国以外累计确诊病例超过426万例。①美国累计确诊超过144万例，特朗普期望疫苗年底面世。②巴西单日新增确诊1.5万余例，连续3天日增,,,,,0,0,0,2020-05-18 06:59,荣耀畅玩4X·快科技,['http://ww3.sinaimg.cn/large/66eeadffly1geu4jvvb64j20j6157gsx.jpg'],,
4505827229170091,J2rAKCtyH,1761264305,快来猜猜老娘是谁,#奥巴马再批特朗普政府#观海同志的头发也白了！,,,,奥巴马再批特朗普政府,0,0,0,2020-05-18 06:59,iPhone客户端,,,
4505827224454224,J2rAKiGKk,7285231235,用户7285231235,转发微博,,,,,0,0,0,2020-05-18 06:59,小米Play 自带流量,,,4505585704352971
4505827211851428,J2rAJ7LDK,6345028642,云南政法,【#特朗普回击奥巴马批评#：他非常无能】当地时间17日，特朗普在白宫外被记者问及奥巴马此前对其政府新冠疫情应对的批评时称，奥巴马是个“无能的总统”。“他是个无能的总统，这就是我想说的，非常无能，”特朗普说。5月17日，美国前总统奥巴马通过视频，参加了哈佛大学毕业典礼并发表演讲，奥巴马在演讲中不点名批评“很多在位者”，称面对新冠肺炎疫情官员们“不知道自己在做什么”，甚至连“假装在负责”都没做到。#奥巴马再批特朗普政府#L微天下的微博视频,,,,"特朗普回击奥巴马批评,奥巴马再批特朗普政府",32,18,15,2020-05-18 06:59,HUAWEI P30,,"http://f.video.weibocdn.com/oBntIaThlx07Dm63b7Bu010412004D500E010.mp4?label=mp4_ld&template=572x360.25.0&trans_finger=40a32e8439c5409a63ccf853562a60ef&Expires=1592212251&ssig=mldRyWYE%2Bk&KID=unistore,video",
4505827140983797,J2rAC47VH,1217687951,不想翻身的大大咸鱼,转发微博,,,,,0,0,0,2020-05-18 06:59,iPhone客户端,,,4505585704352971
4505827140253105,J2rAC13Ql,7339056604,娱乐励,特朗普扬言可以切断一切中美关系，我外交部回应#海峡新干##特朗普这回说漏嘴了##特朗普称美国1月11日已开始研发疫苗#L娱乐励的微博视频,,,,"海峡新干,特朗普这回说漏嘴了,特朗普称美国1月11日已开始研发疫苗",0,0,3,2020-05-18 06:59,微博云剪,,"http://f.video.weibocdn.com/JmIO0EAwlx07Dm7HCHFe010412001Ztm0E010.mp4?label=mp4_ld&template=360x640.24.0&trans_finger=81b11b8c5ffb62d33ceb3244bdd17e7b&Expires=1592212251&ssig=4AXUhl0vBf&KID=unistore,video",
4505827107653520,J2rAyw71S,7392622318,良言金玉2020,搞乱失败，再捣乱再失败，直到美帝失败为止！《任正非之前就说过华为在5G领域存在绝对的优势，聪明的人都不会绕过华为选择其他运营商，而关于特朗普对华为的制裁，任正非多次笑谈应该感谢特朗普，没有特朗普的宣传华为名气不会这么大，世界人民也不知道华为这么好，现在华为已经成为全世界拿下5G订单最多的企业，而美国最好的盟友英国，》O网页链接,,,,,0,0,0,2020-05-18 06:59,百度App,['http://ww1.sinaimg.cn/large/0084iGLQly1gew86gr361j30620423yf.jpg'],,
4505827094051635,J2rAxh00X,6473195820,歪西歪的米饭,#奥巴马再批特朗普政府#但是美国还是有一群人支持川普。即使纽约搞得那么糟糕，他们也认可那个州长。反正没看出美国人在选总统方面有多聪明。基本上，前任是民主党，无论他做得好坏，下一任必须换共和党，哪怕这个人是蠢蛋也要选，就是得轮回，而且就是得八年一个轮回。所以川普当选下一任总统是没有悬念的。,,,,奥巴马再批特朗普政府,0,0,0,2020-05-18 06:59,,,,
4502585292256745,J15fP9t57,6586580911,热点集,奥巴马退休后仍要受到特朗普的电话骚扰，奥巴马的回答太逗了！L热点集的微博视频,,,,,157,28,459,2020-05-09 08:17,微博云剪,,"http://f.video.weibocdn.com/2kVK7p6hlx07D6pakAeY0104120082zk0E010.mp4?label=mp4_ld&template=640x360.25.0&trans_finger=40a32e8439c5409a63ccf853562a60ef&Expires=1592212251&ssig=Nw1yPI6H8n&KID=unistore,video",
4505827086838428,J2rAwsGZe,2356158233,鼓手哒哒哒,,,,,,0,0,0,2020-05-18 06:59,Android,,,4502585292256745
4505827086110195,J2rAwpDxx,6437934206,怪阿姨只是有点微醺,转发微博,,,,,0,0,0,2020-05-18 06:59,OPPO超视野全面屏R15,,,4505585704352971
4505827039902409,J2rArFy4h,1656805371,肖一宝DAYTOY,#奥巴马再批特朗普政府#特朗普：你这个糟糕的前总统#东风本田4S店承认收续保押金违规#让李经理出来说两句吧,,,,"奥巴马再批特朗普政府,东风本田4S店承认收续保押金违规",1,0,0,2020-05-18 06:59,云深不禁夷陵小可爱超话,,,
4505827031852212,J2rAr7LQo,5845510421,壹零牌奶酪,转发微博,,,,,0,0,0,2020-05-18 06:59,Android,,,4505585704352971
4505827015269187,J2rApm6KT,6605754739,用户6605754739,[精选]特朗普终于闯下大祸，自由女神像前现停尸场，美国抗疫...。查看👉👉👉O网页链接作者：寻阳编辑：坤守严重的疫情形势让美国各地的重启变得越难越困难，之前不论科学界还是政界包括民间，都有大量美国人表示政府不应该着急开放，但特朗普政府听不进这些逆耳的忠言，而是执意重启经济，现在倒好，感O网页链接,,,,,0,0,0,2020-05-18 06:58,趣头条,['http://ww2.sinaimg.cn/large/007d34zhly1gew872pohuj306y04n749.jpg'],,
4505826863270655,J2rAadIQv,7001378531,考研管综君,"#考研##早安,考研人##奥巴马再批特朗普政府#努力过后才知道，很多事情，坚持坚持也就过来了。",,,,"考研,早安,考研人,奥巴马再批特朗普政府",0,0,3,2020-05-18 06:58,iPhone 6s Plus,['http://ww3.sinaimg.cn/large/007DP4obly1gew86f0ic3g30dw07t4fe.jpg'],,
4505819742240730,J2roG9oUO,1861477054,何天恩,从政府的利益角度出发他们会疯狂甩锅嫁祸，从国家的利益出发，他们会以各种莫须有的理由，去劫掠讹诈别国。。————————————————————————————【特朗普、蓬佩奥、纳瓦罗“撒谎三人组”组团出道!】美国疫情形势不断恶化，超过140万人感染、超过8万人死亡，这已经成为一场任何政客都承担不起责任的人祸。为了掩饰自己的失败，特朗普、蓬佩奥、纳瓦罗等人试图将脏水泼给中国，已经到了不计代价、信口开河的地步，毫无底线可言。。LCGTN的微博视频,,,,,15,4,34,2020-05-18 06:30,微博 weibo.com,,"http://f.video.weibocdn.com/FoWyAiFjlx07DldFmdwk01041200Gw2n0E010.mp4?label=mp4_ld&template=640x360.25.0&trans_finger=40a32e8439c5409a63ccf853562a60ef&Expires=1592212251&ssig=UhPXMcoWgx&KID=unistore,video",
4505826821533719,J2rA66qZp,3149038151,孤独人生天鹅美,转发微博,,,,,0,0,3,2020-05-18 06:58,荣耀V9 我想要的快,,,4505819742240730
4505826805570027,J2rA4nn19,6022114690,羊羊的蛋饺是羊肉馅儿的,#奥巴马再批特朗普政府#特朗普：你这个糟糕的前总统#东风本田4S店承认收续保押金违规#让李经理出来说两句吧,,,,"奥巴马再批特朗普政府,东风本田4S店承认收续保押金违规",1,0,0,2020-05-18 06:58,芳芳是杨洋家的小可爱,,,
4505821251155054,J2rr74QtU,5645756008,价值投资日志,川普：美掌握很多不好的信息！川普周日接受采访时表示：“我们有很多信息，而且是不好的信息。”川普表示，无论人们说病毒来哪里，它“都来自中国”。“它们应该阻止它（病毒），它们可以将其阻止在发源地。”“有一件事我可以肯定的是，它们不允许人们前往中国，但它们却允许人们从中国前往全球，包括美国。这就是为什么欧洲很糟糕（指受疫情冲击），看看这些国家，俄罗斯面临一个艰难的时期，每个国家都面临一个艰难的时期。”川普说。川普说，重要的是，“它们应该永远不要让这种事情发生。我达成了一个很棒的贸易协议，但现在我说，这给我的感觉不一样。”川普表示，美国是不会与中方重新谈判已经达成的2500亿美元的协议。“我现在对与这个主题相关的任何事都不高兴。”他说。评：在#美国新冠肺炎确诊超143万#之际，美国🇺🇸加油，不要甩锅！,,,,美国新冠肺炎确诊超143万,52,83,210,2020-05-18 06:36,iPhone X,['http://ww1.sinaimg.cn/large/006a512Mly1gew7j6k1fej30e809eabe.jpg'],,
4505826800761107,J2rA43bZV,1609144575,股霸熊牛,没疫情怎么知道特朗普这货这么没数,,,,,0,0,0,2020-05-18 06:58,荣耀20S,,,4505821251155054
4505826792357555,J2rA39Tj5,3575285281,小天宇_,啊这不就是特朗普本人吗#特朗普这回说漏嘴了#,,,,特朗普这回说漏嘴了,0,0,1,2020-05-18 06:58,空投里的iPhone客户端,['http://ww4.sinaimg.cn/large/d51a8621gy1gew85bq9htj20u00y6dkr.jpg'],,
4505812083501438,J2rckeGSO,1927483355,李圆小屋希,美国数百卡车白宫外鸣笛抗议，特朗普美妙的声音，这是爱的信号#特朗普这回说漏嘴了##特朗普称美国1月11日已开始研发疫苗#L李圆小屋希的微博视频,,,,"特朗普这回说漏嘴了,特朗普称美国1月11日已开始研发疫苗",0,0,0,2020-05-18 05:59,微博云剪,,"http://f.video.weibocdn.com/5Jl8duUPlx07Dm3AUpra010412003AWB0E010.mp4?label=mp4_ld&template=360x640.24.0&trans_finger=81b11b8c5ffb62d33ceb3244bdd17e7b&Expires=1592212264&ssig=SGooLmYP26&KID=unistore,video",
4505668596372661,J2nsTqJOR,2632236847,香港文匯網,【#特朗普#、#蓬佩奥#、#纳瓦罗#“#撒谎三人组#”组团出道!】美国疫情形势不断恶化，超过140万人感染、超过8万人死亡，这已经成为一场任何政客都承担不起责任的人祸。为了掩饰自己的失败，特朗普、蓬佩奥、纳瓦罗等人试图将脏水泼给中国，已经到了不计代价、信口开河的地步，毫无底线可言。#特朗普蓬佩奥纳瓦罗撒谎三人组组团出道#@CGTNLCGTN的微博视频,,,CGTN,"纳瓦罗,撒谎三人组,特朗普蓬佩奥纳瓦罗撒谎三人组组团出道",22,17,90,2020-05-17 20:29,微博 weibo.com,,"http://f.video.weibocdn.com/FoWyAiFjlx07DldFmdwk01041200Gw2n0E010.mp4?label=mp4_ld&template=640x360.25.0&trans_finger=40a32e8439c5409a63ccf853562a60ef&Expires=1592212264&ssig=C9yhug1hyB&KID=unistore,video",
4505811982751989,J2rcabxUV,1836965317,津城胖胖,转发微博,,,,,0,0,0,2020-05-18 05:59,HUAWEI Mate 30,,,4505668596372661
4505510349359398,J2jlEDgO2,1887344341,观察者网,【#奥巴马再批特朗普政府#：连假装负责都做不到】16日，奥巴马在给美国传统黑人大学毕业生毕业寄语时，再次批评现政府的抗疫不力。他表示，疫情给黑人社区带来了不成比例的影响，凸显了黑人社区长期存在的不平等问题，而这次疫情也让“政府官员知道自己在做什么”的幻想破灭了，“他们甚至连假装负责都做不到”。L微丢的微博视频,,,,奥巴马再批特朗普政府,1542,1519,41100,2020-05-17 10:00,微博 weibo.com,,"http://f.video.weibocdn.com/001WsKNRgx07DkIXb0UL010412008Oi30E010.mp4?label=mp4_ld&template=640x360.25.0&trans_finger=40a32e8439c5409a63ccf853562a60ef&Expires=1592212264&ssig=lBI%2F5Rkgw%2F&KID=unistore,video",
4505811981912447,J2rca81vV,3092486795,黄村医院,//@文明大兴:#拭目以待#特朗普怎么回怼？【#奥巴马再批特朗普政府#：连假装负责都做不到】#美国疫情#,,,文明大兴,"拭目以待,奥巴马再批特朗普政府,美国疫情",0,0,0,2020-05-18 05:59,iPhone客户端,,,4505510349359398
4504742649052877,J1ZnqBZ49,2656274875,央视新闻,【联合国：#新冠疫情或造成严重精神健康危机#】联合国13日发布公共卫生摘要指出，新冠疫情不仅对人们的身体健康造成威胁，也增加了心理痛苦：失去亲人的悲伤、对未来不确定性的恐惧等。联合国秘书长古特雷斯敦促各国采取紧急措施，解决疫情大流行期间的精神卫生问题。目前，对精神健康领域的投入，在应对疫情总开支中平均占比仅2%。（总台记者易歆）,,,,新冠疫情或造成严重精神健康危机,1144,912,14010,2020-05-15 07:10,微博 weibo.com,['http://ww2.sinaimg.cn/large/9e5389bbly1gesrtmbgz1j219l0u0e81.jpg'],,
4505811974341050,J2rc9idiW,5055492491,少女杀手c,难怪特朗普越来越疯,,,,,0,0,0,2020-05-18 05:59,iPhone客户端,,,4504742649052877
4505811965945609,J2rc8oWIV,1274449295,大中华1995,外国网络黑客攻击？又要有倒霉的国家啦//【美黑客勒索特朗普：没收到4200万美元赎金就曝光黑料】O美黑客勒索特朗普：没收到4200万美元赎金就曝光黑料,,,,,0,0,0,2020-05-18 05:59,手机新浪网,,,
4505739211219436,J2piN57ek,1861477054,何天恩,奥巴马骂人也是挺显功夫：连假装负责都做不到。——————————————————————————【奥巴马再批特朗普政府：连假装负责都做不到】16日，奥巴马在给美国传统黑人大学毕业生毕业寄语时，再次批评现政府的抗疫不力。他表示，疫情给黑人社区带来了不成比例的影响，凸显了黑人社区长期存在的不平等问题，而这次疫情也让“政府官员知道自己在做什么”的幻想破灭了，“他们甚至连假装负责都做不到”。L微丢的微博视频#奥巴马再批特朗普政府#,,,,奥巴马再批特朗普政府,18,6,54,2020-05-18 01:10,微博 weibo.com,,"http://f.video.weibocdn.com/001WsKNRgx07DkIXb0UL010412008Oi30E010.mp4?label=mp4_ld&template=640x360.25.0&trans_finger=40a32e8439c5409a63ccf853562a60ef&Expires=1592212264&ssig=lBI%2F5Rkgw%2F&KID=unistore,video",
4505811961000837,J2rc84cmx,1435822991,张国律师,转发微博,,,,,0,0,0,2020-05-18 05:59,微博 HTML5 版,,,4505739211219436
4505811927349362,J2rc4uPU6,3995252401,麻辣东北妞,【#奥巴马再批特朗普政府#：很多在位者都没有假装在负责】当地时间16日，美国前总统#奥巴马2020线上毕业演讲#中，再次对当前美国政府对疫情的应对提出批评。奥巴马没有具体指名道姓，而是说：“这次疫情揭示了一点，就是很多在位的人并不知道自己在做什么，他们甚至不会去假装自己在负责。”此前奥巴马曾批评特朗普政府的疫情应对工作是场“绝对的灾难”。@海客新闻L海客新闻的秒拍视频,,,海客新闻,"奥巴马再批特朗普政府,奥巴马2020线上毕业演讲",0,2,2,2020-05-18 05:59,OPPO随光而变R17,,"http://miaopai.video.weibocdn.com/ZOoIOPxqlx07DmsHxW5O010412003Doa0E013.mp4?label=mp4_ld&template=640x360.25.0&trans_finger=40a32e8439c5409a63ccf853562a60ef&Expires=1592212264&ssig=ZHkMcR9M3R&KID=unistore,video",
4505764629482568,J2pXMDMQE,1847123567,香港商報網,【#特朗普#、#蓬佩奥#、#纳瓦罗#“#撒谎三人组#”组团出道!】美国疫情形势不断恶化，超过140万人感染、超过8万人死亡，这已经成为一场任何政客都承担不起责任的人祸。为了掩饰自己的失败，特朗普、蓬佩奥、纳瓦罗等人试图将脏水泼给中国，已经到了不计代价、信口开河的地步，毫无底线可言。@CGTNLCGTN的微博视频,,,CGTN,"纳瓦罗,撒谎三人组",47,15,72,2020-05-18 02:51,微博 weibo.com,,"http://f.video.weibocdn.com/FoWyAiFjlx07DldFmdwk01041200Gw2n0E010.mp4?label=mp4_ld&template=640x360.25.0&trans_finger=40a32e8439c5409a63ccf853562a60ef&Expires=1592212264&ssig=C9yhug1hyB&KID=unistore,video",
4505811806433295,J2rbSqZAP,6772113921,归卧故山秋6,转发微博,,,,,0,0,1,2020-05-18 05:58,微博国际版,,,4505764629482568
4505811744083158,J2rbMh8do,7263653921,娱乐滨,特朗普剧本又改了疫苗研发一月已启动，大家坚持一下，年底就有#特朗普这回说漏嘴了##特朗普称美国1月11日已开始研发疫苗#L娱乐滨的微博视频,,,,"特朗普这回说漏嘴了,特朗普称美国1月11日已开始研发疫苗",0,0,0,2020-05-18 05:58,微博云剪,,"http://f.video.weibocdn.com/upnl1kOmlx07Dm3v3NAs01041200akW60E010.mp4?label=mp4_ld&template=640x360.25.0&trans_finger=40a32e8439c5409a63ccf853562a60ef&Expires=1592212264&ssig=BL99ipPWNs&KID=unistore,video",
4505811739884363,J2rbLFtnd,5942206056,概念龐大r,转发微博,,,,,0,0,0,2020-05-18 05:58,小米MIX2S 全面屏,,,4505764629482568
4504738567584010,J1ZgQvOWK,1762152361,疯狂大象,【特朗普又语出惊人：和中国“彻底绝交”，我们能省5000亿美元】14日，特朗普在福克斯新闻的采访中将矛头又一次指向中国以及欧洲，并且语出惊人地表示：如果美国和中国“彻底切断关系”，可以省下5000亿美元。特朗普没解释这5000亿美元是怎么算出来的，他紧接着又抱怨起美国这些年来白白保卫着欧洲，而欧洲“还在贸易问题上占美国的便宜”。话毕，道琼斯工业指数在30分钟内急跌450点。#美国新冠肺炎确诊数超141万##特朗普参观医疗厂还是没戴口罩#L微丢的微博视频,,,,"美国新冠肺炎确诊数超141万,特朗普参观医疗厂还是没戴口罩",68,79,323,2020-05-15 06:53,HUAWEI Mate 20,,"http://f.video.weibocdn.com/xhcl71o1lx07DgLxJRRC010412007JHg0E010.mp4?label=mp4_ld&template=640x360.25.0&trans_finger=40a32e8439c5409a63ccf853562a60ef&Expires=1592212264&ssig=jZmB%2BLK%2Blu&KID=unistore,video",
4505811709091644,J2rbIC99q,5247804515,用户5247804515独来独往,//@陨石老刀:得寸进尺，是美帝的属性，不能再惯它这毛病了！//@疯狂大象:特朗普一直在豪夺世界，与强盗何异#中方将强力反击美打压华为计划#//@山顶顶上的山顶顶人://@陨石老刀:这是在准备向中国要利益的前奏，,,,"陨石老刀,疯狂大象,山顶顶上的山顶顶人",中方将强力反击美打压华为计划,0,1,1,2020-05-18 05:58,荣耀手机 勇敢做自己,,,4504738567584010
4505811688406898,J2rbGzh18,1733634782,煙雨秦淮夢,#奥巴马再批特朗普政府##美国新冠肺炎确诊数超148万##美国新冠肺炎死亡病例近9万#美国疫情如此严重，特朗普真的难辞其咎啊！,,,,"奥巴马再批特朗普政府,美国新冠肺炎确诊数超148万,美国新冠肺炎死亡病例近9万",1,0,1,2020-05-18 05:58,小鞠配骑超话,,,
4505711167532549,J2ozyvByJ,6370998547,非常豹笑,#奥巴马再批特朗普政府#美国前总统奥巴马再出山狠批总统特朗普，感受一下！L非常豹笑的微博视频,,,,奥巴马再批特朗普政府,148,0,13,2020-05-17 23:18,微博 weibo.com,,"http://f.video.weibocdn.com/002ruKZjgx07CLPt5rNZ01041200sw0B0E010.mp4?label=mp4_ld&template=640x360.25.0&trans_finger=40a32e8439c5409a63ccf853562a60ef&Expires=1592212264&ssig=sQtqdhlHFf&KID=unistore,video",
4505811584011207,J2rbwgPuT,7452458264,性感的叔-Xcfr,转发微博,,,,,0,0,0,2020-05-18 05:57,小米手机4,,,4505711167532549
4505811575819513,J2rbvopV7,2183542485,西安电视台官方微博,【#美国新冠肺炎确诊数超148万#】据美国约翰斯·霍普金斯大学的统计数据：截至美国东部时间17号15:30（北京时间18号03:30），美国新冠肺炎确诊病例已超过148万，达到1482916例。#美国新冠肺炎死亡病例近9万#，达到89318例。（央视新闻）#奥巴马再批特朗普政府#,,,,"美国新冠肺炎确诊数超148万,美国新冠肺炎死亡病例近9万,奥巴马再批特朗普政府",0,0,2,2020-05-18 05:57,nova4自拍极点全面屏,['http://ww2.sinaimg.cn/large/822636d5ly1gew6f8rj5gj20m80m8wf8.jpg'],,
4505811534424962,J2rbriz8m,2585892427,郭爱香666,分享网易新闻《特朗普儿子抛出惊人言论:新冠11月会神奇消失因》O特朗普儿子抛出惊人言论:新冠11月会神奇消失因来自@网易新闻客户端#网易新闻#,,,网易新闻客户端,网易新闻,0,0,0,2020-05-18 05:57,网易新闻客户端,['http://ww1.sinaimg.cn/large/9a21964bgy1gew6f14l0aj20fs08h43j.jpg'],,
4505811478776892,J2rblAPgM,2082680527,王子nic,转发微博,,,,,0,0,0,2020-05-18 05:57,HUAWEI Mate 30 Pro,,,4505585704352971
4505811437091947,J2rbhtKWf,2376534624,美东侨报,【#男子撕毁特朗普签名新冠救济支票#称不需要他的钱】《每日邮报》报道，16日，美国一名男子在视频中撕毁了印有特朗普签名的新冠救济支票。他手持1200美元支票，指出特朗普签名后对半撕毁，称他家里不需要特朗普的钱。有网友评论“疯了！为什么不给需要的人”，也有猜测“他一定已经兑换了现金”。L时间视频的微博视频,,,,男子撕毁特朗普签名新冠救济支票,0,0,3,2020-05-18 05:57,微博 weibo.com,,"http://f.video.weibocdn.com/pTktCZyVlx07DljC0t0Q010412007f460E010.mp4?label=mp4_ld&template=640x360.25.0&trans_finger=bdef57f06ae52835a2c783ca389e8517&Expires=1592212264&ssig=oJdJk3X%2BAX&KID=unistore,video",
4505811395112558,J2rbdls0C,3890022524,齐楚枫景,#奥巴马再批特朗普政府#随着11月的到来，这类批评的声音会更多。,,,,奥巴马再批特朗普政府,0,0,0,2020-05-18 05:56,小米Max3 大屏大电量,,,
4505811357034295,J2rb9tvWn,7398042818,完美娱乐圈,"特朗普又语出惊人如果和我绝交,他们就能00#特朗普这回说漏嘴了##特朗普称美国1月11日已开始研发疫苗#O网页链接",,,,"特朗普这回说漏嘴了,特朗普称美国1月11日已开始研发疫苗",0,0,0,2020-05-18 05:56,微博云剪,,,
4505811340537732,J2rb82fT6,3226008147,归海一道2013,面对这样强大并对我发出核威胁的敌人，我们必须做好应对预案。@迷彩虎美司令：若特朗普下令，会向中国发动核攻击O美司令：若特朗普下令，会向中国发动核攻击,,,迷彩虎,,0,0,0,2020-05-18 05:56,迷彩虎军事,['http://ww2.sinaimg.cn/large/c048fa53ly1gew6e7t6avj20c707x0t0.jpg'],,
4505796988218994,J2qNYyu8q,1896132612,快乐狗狗的狗窝,奥巴马再批特朗普政府星画感应大赛灵魂画手来了猜猜我画的是什么t.cn/A6AsVZlT,,,,,0,0,0,2020-05-18 04:59,华为手机,,,
4505796866000595,J2qNMpb1N,3200216072,立身修德,很喜欢这句话：“愿你有前进一寸的勇气，奥巴马再批特朗普政府亦有后退一尺的从容。”,,,,,0,0,0,2020-05-18 04:59,iPhone客户端,"['http://ww4.sinaimg.cn/large/006Q7yAsgy1geno7ug9sfj30u00u0aby.jpg', 'http://ww3.sinaimg.cn/large/006Q7yAsgy1geno807nsnj30u00u00wk.jpg', 'http://ww2.sinaimg.cn/large/006Q7yAsgy1geno86ewzcj30u00u0q6q.jpg', 'http://ww1.sinaimg.cn/large/006Q7yAsgy1geno8ahkauj30u00u0n0v.jpg', 'http://ww1.sinaimg.cn/large/006Q7yAsgy1geno8f123tj30u011hdjt.jpg', 'http://ww1.sinaimg.cn/large/006Q7yAsgy1geno8lhgekj30u00u00vi.jpg', 'http://ww4.sinaimg.cn/large/006Q7yAsgy1geno8p930mj30u00u0whm.jpg', 'http://ww4.sinaimg.cn/large/006Q7yAsgy1geno8u1fnxj30u00u0abz.jpg', 'http://ww2.sinaimg.cn/large/006Q7yAsgy1geno8yfuz5j30u00u00wf.jpg']",,
4505796824874839,J2qNIksar,6029962503,可靠的人生如梦_7998,特朗普妄想症又犯了，给中国安了新罪名，险恶用心暴露无遗『特朗普妄想症又犯了，给中国安了新罪名，险恶用心暴露无遗』O网页链接,,,,,0,0,0,2020-05-18 04:58,HUAWEI nova 3i,,,
4505796820677070,J2qNI2Q8u,6041681304,0雪妮雪妮0,转发微博,,,,,0,0,0,2020-05-18 04:58,荣耀V10 我AI的快,,,4505764629482568
4505796819682157,J2qNHECLP,5037032597,流浪七太子,#奥巴马再批特朗普政府##奥巴马#犀利的语言，道出了很多人的心声，尤其是在当下疫情环境里，某些词汇则显得更有分量。其中不仅批判了不作为、而且还将“自以为是”划了重点，并从侧面充分体现了“特政府”目前的一幅“浮世绘”。总之，该说的已说了、该听的可能还是一副“惹不起还躲不起吗”的老样子,,,,"奥巴马再批特朗普政府,奥巴马",0,0,0,2020-05-18 04:58,真香警告,['http://ww3.sinaimg.cn/large/005uSShfly1gew4q8lc6ej30in0hi7d5.jpg'],,
4505796736728507,J2qNzseoj,1917221331,张嘉森_杠杆哥,发布了头条文章：《科技战没有赢家》芯片股大涨，相关新闻大家也看了很多了，事情越搞越大，特朗普为了大选什么极端的招数都上了，大国博弈互相受损，美国绝不会是受益方。这波芯片股的炒作从最早中芯国际拆分上科创板，到现在又是制裁华为，我就不经想问了，咋就不能换一家呢？难道在美国人的眼中只有华为一家高科技企业，其他都看不起是吗？O科技战没有赢家,http://t.cn/A62vHUpl,,,,1,3,44,2020-05-18 04:58,青春有你2超话,,,
4505796718709164,J2qNxAxEo,7103912463,soso_望仙水,#奥巴马再批特朗普政府#，特朗普:你这个糟糕的前总统,,,,奥巴马再批特朗普政府,1,0,4,2020-05-18 04:58,华为手机 畅享玩不停,,,
4505796636249367,J2qNpqdKf,7389141565,美雪雪精灵,特朗普脸被打肿台积电霸气怒怼绝不为美国建厂！#特朗普这回说漏嘴了##特朗普称美国1月11日已开始研发疫苗#L美雪雪精灵的微博视频,,,,"特朗普这回说漏嘴了,特朗普称美国1月11日已开始研发疫苗",0,0,0,2020-05-18 04:58,微博云剪,,"http://f.video.weibocdn.com/gaYB2ypclx07DlZnsWY801041200goWr0E010.mp4?label=mp4_ld&template=640x360.25.0&trans_finger=647b8232579b0b23561398fc756ef4ae&Expires=1592212278&ssig=nJcmsZ7PlJ&KID=unistore,video",
4505796630580972,J2qNp2r8w,7264772135,用户7264772135,"我在看：【""断供""世卫、赖中国…特朗普最终还是回到一个钱字】#跟新浪看热点#O""断供""世卫、赖中国…特朗普最终还是回到一个钱字",,,,跟新浪看热点,0,0,0,2020-05-18 04:58,新浪新闻客户端,,,
4505796555965104,J2qNhp1Nm,7450273517,性感的叔-櫣,转发微博,,,,,0,0,0,2020-05-18 04:57,小米手机4,,,4505711167532549
4505135127163943,J29Asu3Ft,1874361623,韩东言,卧槽，特朗普大嘴巴泄露国家机密了吧，研究新冠疫苗，新冠病毒毒株哪来的？是德堡的吗？还没有新冠疫情，就开始研究新冠疫苗，美国这是不打自招呀。【特朗普：1月11日已经开始研发新冠疫苗，希望年底面世】#美国一月开始研制疫苗#5月15日，特朗普在白宫透露，美国科学家在1月11日便已经开始研发新冠病毒疫苗，希望年底面世。“就在病毒的遗传密码被发布到网上的几小时内，即使根本不知道我们所面对的究竟是什么”。他还表示，不管有没有病毒，美国都将会重启。L微丢的微博视频,,,,美国一月开始研制疫苗,1375,291,2251,2020-05-16 09:09,HUAWEI Mate 20 X,,"http://f.video.weibocdn.com/003DQBeJgx07Dj1KHxDi010412003r4j0E010.mp4?label=mp4_ld&template=360x640.24.0&trans_finger=81b11b8c5ffb62d33ceb3244bdd17e7b&Expires=1592212278&ssig=zqFaq0lBoE&KID=unistore,video",
4505796526317430,J2qNeqvs2,7452049797,浅色夏沫_曍,转发微博,,,,,0,0,0,2020-05-18 04:57,Android客户端,,,4505135127163943
4504770775588102,J206NnrIG,1887344341,观察者网,【特朗普：医护人员冲向死亡就像士兵冲向子弹，很美丽】5月14日，特朗普在美国宾夕法尼亚州一家医疗物资中心发表演讲，声情并茂地表演了医护“还没准备好就得穿门而入”的情形。他将医护人员称作“战士”，形容“他们就像士兵冲入枪林弹雨一样冲向死亡”，并附上了一句“很美丽”！L微丢的微博视频,,,,,557,795,4884,2020-05-15 09:01,专业版微博,,"http://f.video.weibocdn.com/wQzXAbDYlx07DhskjagM0104120044BU0E010.mp4?label=mp4_ld&template=360x640.24.0&trans_finger=81b11b8c5ffb62d33ceb3244bdd17e7b&Expires=1592212278&ssig=N2ItRE1175&KID=unistore,video",
4505796526167522,J2qNepSsa,3075141861,唯一涯角,国籍一换系列！！,,,,,0,0,1,2020-05-18 04:57,iPhone客户端,,,4504770775588102
4505796480940290,J2qNa3WBY,3291795771,樹袋熊静静,奥巴马再批特朗普政府邀你共进晚餐,,,,,0,0,0,2020-05-18 04:57,小米手机1S,"['http://ww2.sinaimg.cn/large/0071AM2Oly1ges7n9u8r6j30u00u0dtd.jpg', 'http://ww2.sinaimg.cn/large/0071AM2Oly1ges7namqddj30u01sy4ha.jpg', 'http://ww2.sinaimg.cn/large/0071AM2Oly1ges7nbvp3zj30rs2ysnpd.jpg']",,
4505796480150785,J2qNa0De1,5903897485,tomhanson琢,#马丽当妈#美国恶霸犬这一独特的犬种在培育时特别注意到对儿童极其的宽容和友善，及渴望取悦其家人。05gqooI18。格自信，但不过分活跃，这个犬种具有耐心、友善和宽容的性格。是一个可以伴你左右，可靠的，值得信赖的，理想的家庭伴侣犬。恶霸犬超话#奥巴马批评特朗普疫情应对##陈学冬准备弃剧夫妻的世界#...全文,,,,"马丽当妈,奥巴马批评特朗普疫情应对,陈学冬准备弃剧夫妻的世界",0,0,0,2020-05-18 04:57,三星android智能手机,,,
4504859104464419,J22pgiJoL,1596041191,关尔Ryan,【PBS纪录片《美国大分裂：从奥巴马到特朗普》】#纪录片#《美国大分裂：从奥巴马到特朗普》是2020年PBS最新发布的长篇纪录片力作，整部纪录片长达4个多小时，详细讲述了从2008年到2020年长达12年的时间内，从奥巴马政府到特朗普政府美国共和党和民主党之间的政治内斗导致社会撕裂对立，进而可能导致美国社会的衰退。上部L水山水山水山的微博视频下部L水山水山水山的微博视频,,,,纪录片,642,124,207,2020-05-15 14:52,iPhone客户端,,"http://f.video.weibocdn.com/000W6rzElx07AFhdAm8U0104120fJa7C0E060.mp4?label=mp4_ld&template=640x360.25.0&trans_finger=bdef57f06ae52835a2c783ca389e8517&Expires=1592212278&ssig=PpHfAqfeqo&KID=unistore,video",
4505796434259672,J2qN5hS8o,1920412955,手机用户1920412955,转发微博,,,,,0,0,0,2020-05-18 04:57,小米6X 拍人更美,,,4504859104464419
4505796363370540,J2qMYe8Py,2961638290,Camcorders,潘粤明真实体重一条腿上秤也能量体重？今晚，奥巴马再批特朗普政府潘粤明在张沫凡直播间上演精彩吃播秀，看看潘老师那圆圆的脸蛋，请问您最近体重管理了吗？潘粤明直播t.cn/A62vz8Co,,,,,0,0,0,2020-05-18 04:57,HUAWEI G9 Plus,,,
4505796270843919,J2qMP3xxB,7390937000,娱乐咏,特朗普为自己邀请黑人抬棺舞团队去美国了#精彩视频#英雄#特朗普这回说漏嘴了##特朗普称美国1月11日已开始研发疫苗#O网页链接,,,,"精彩视频 ,特朗普这回说漏嘴了,特朗普称美国1月11日已开始研发疫苗",0,0,0,2020-05-18 04:56,微博云剪,,,
4505796262451784,J2qMOahOU,1695754081,皇上的擀面皮,特朗普去日本心情不大好第一场活动着实意味深长特朗普去日本心情不大好第一场活动着实意味深长～05qpJUs18。,,,,,0,0,0,2020-05-18 04:56,Android客户端,,,
4505796177618550,J2qMFvXVQ,5013737438,智慧毛竹莲显,#奥巴马再批特朗普政府#年轻人整天活在后悔当中，因为他们不懂得看人。　　有一个笑话，说刚刚毕业的时候，几个同学称兄道弟：“兄弟，我们后会有期。”结果毕业一年之后，有个同学发来短信说：“兄弟们，后会我妻。”什么意思？就是“你跟我太太晚一点再见面吧”，因为他太太很凶，他不了解；再过一段时间，又发来短信：“兄弟们，后悔有妻。”后悔有妻子了，管得太严了；再过一年，他又发来个信息：“兄弟们，会有后妻。”四年之后，他又发了个信息给同学们：“兄弟们，悔有后妻啊。”　　有一个人坐在轮船的甲板上看报纸，突然，一阵大风把他新买的帽子刮到大海当中了。只见他很稳地摸了一下头，看看在水中飘落的帽子，继续看报纸。边上那个人不解了：“先生，你的帽子掉到水里了！你的帽子掉到大海里了！”“知道了，谢谢。”他继续看报纸。“你的帽子有几十块美元呢！”“是的，我正在考虑，可以省些钱再去买一顶帽子。帽子丢了，我心很痛，但是你想想，帽子还能回来吗？”说完，那个人又继续看报纸了。这段故事告诉大家，要明白，我们在人间失去的已经失去了，何必大惊小怪地耿耿于怀呢？在2019年，我们失去了很多，我们也得到了很多，但是2019年已经过去了，希望大家好好地把握住今天，胜过几百个明天。,,,,奥巴马再批特朗普政府,0,0,1,2020-05-18 04:56,vivo 全新水滴屏手机,,,
