﻿id,bid,user_id,用户昵称,微博正文,头条文章url,发布位置,艾特用户,话题,转发数,评论数,点赞数,发布时间,发布工具,微博图片url,微博视频url,retweet_id
4504072151848674,J1HVZ7KVk,1880393725,全球热门话题排行,#特朗普崩溃了#外国小孩模仿的特朗普表情绝了，看来特朗普的滑稽和不靠谱的形象已经深入人心了哈哈哈L全球热门话题排行的微博视频,,,,特朗普崩溃了,186,142,707,2020-05-13 10:45,微博视频,,"http://f.video.weibocdn.com/1twBMlhglx07DeoN6z3W010412002ffv0E010.mp4?label=mp4_ld&template=360x640.24.0&trans_finger=81b11b8c5ffb62d33ceb3244bdd17e7b&Expires=1592212697&ssig=bRudcCIW6c&KID=unistore,video",
4507322128626486,J34tSAc8S,6447946389,槿凉棠浅,,,,,,0,0,0,2020-05-22 10:00,iPhone客户端,,,4504072151848674
4507322095562985,J34tPnlbz,6733121227,价投茂财,据《悉尼晨锋报》报道，美国国务卿蓬佩奥（MikePompeo）表示，美国政府完全支持澳洲推动对新冠病毒来源进行独立调查。蓬佩奥在华盛顿举行的记者会上表示：“我们支持澳洲和120多个国家，他们响应美国的号召，对病毒的起源进行调查，这样我们就能了解是哪里出了问题，在现在和将来都能拯救生命。”据《悉尼晨锋报》报道，民调显示，66%的美国人现在对中国持负面看法，这是有记录以来的最高水平。据悉，美国总统特朗普本周威胁要永久取消对世界卫生组织的资助，指责该组织及其总干事TedrosAdhanomGhebreyesus对中国态度软弱。蓬佩奥在最近对媒体的讲话中说，“Tedros博士与北京的异常密切的联系，早在当前的疫情之前就开始了，这令人深感不安”。#股票##今日看盘##股市#,,,,"股票,今日看盘,股市",0,0,0,2020-05-22 09:59,投资达人说超话,['http://ww3.sinaimg.cn/large/007lFuptgy1gf0zwhk6itj30dx07cwm8.jpg'],,
4507132138996767,J2ZxrBKt9,1887344341,观察者网,【特朗普，这是你的勋章】从1月20日宣布出现首例新冠肺炎确诊病例以来，美国确诊病例四个月间一路激增。其疫情数据究竟是如何一步步超10万、50万、100万，直到如今超150万的呢？戳视频↓↓↓L微丢的微博视频,,,,,270,161,1804,2020-05-21 21:25,微博 weibo.com,,"http://f.video.weibocdn.com/002ZEL2Qgx07DrR3KgJN010412006Bxx0E010.mp4?label=mp4_ld&template=640x360.25.0&trans_finger=bdef57f06ae52835a2c783ca389e8517&Expires=1592212697&ssig=OaFUKPz1bt&KID=unistore,video",
4507322078732286,J34tNADFk,3632331185,洛儿_233,,,,,,0,0,0,2020-05-22 09:59,荣耀V20 4800万3D相机,,,4507132138996767
4507322069670002,J34tMEzBM,6555923827,新疆李涵易,华为就是原罪，同理可得国内有ov，国外有3p，多一个不多，少一个不少，05kFYku22，米有没有都行//////宅数码Kael:建议让他给特朗普说说,,,,,0,0,0,2020-05-22 09:59,Android客户端,,,
4507322020127907,J34tI0xh1,7387941879,听听杂货铺,“🖇”.女孩子可以不漂亮但是细节一定要有饰品特别是项链绝对是气质的加分项不管是普通的短袖还是外套连衣裙一款简单又经典的项链会有惊艳的效果年龄越大越是这样经典款是你的不二选择与其买一堆7788的款式不是买经典款#爱马仕##爱马仕hermes##项链##教育部撤销3所高校##苏打绿合体##中国并不存在大规模外资撤离情况##Facebook一半员工未来将永久远程办公##朱婷说女排精神不是胜利时才有##人民大会堂的第一缕晨光##警方通报女子未点餐被外卖员强送外卖##广州暴雨##丁磊建议将少儿编程纳入学业水平考试##特朗普政府准备退出开放天空条约##你支持单身女性冷冻卵子吗#L听听杂货铺的微博视频,,,,"爱马仕,爱马仕 hermes,项链,教育部撤销3所高校,苏打绿合体,中国并不存在大规模外资撤离情况,Facebook一半员工未来将永久远程办公,朱婷说女排精神不是胜利时才有,人民大会堂的第一缕晨光,警方通报女子未点餐被外卖员强送外卖,广州暴雨,丁磊建议将少儿编程纳入学业水平考试,特朗普政府准备退出开放天空条约,你支持单身女性冷冻卵子吗",0,0,0,2020-05-22 09:59,iPad客户端,,"http://f.video.weibocdn.com/5gxMOicPlx07DsHDqm8E010412001KZ40E010.mp4?label=mp4_ld&template=624x360.25.0&trans_finger=40a32e8439c5409a63ccf853562a60ef&Expires=1592212697&ssig=jFYbVY6A4K&KID=unistore,video",
4507293813482214,J33KdeBSK,1496814565,封面新闻,【不顾多方劝告#特朗普视察工厂仍拒戴口罩#】美国总统特朗普21日在密歇根州福特工厂视察时被媒体拍到仍未佩戴口罩，而此前，不管是福特公司还是该州官员都提出了希望他戴口罩的要求。当被记者问及为何不戴口罩，特朗普自称在镜头外曾戴口罩，“我不想让媒体看到我戴口罩而感到快乐”。据美国约翰斯·霍普金斯大学数据，截至美东时间21日17：32，#美国新冠肺炎确诊超157万##特朗普政府准备退出开放天空条约#。L海客新闻的微博视频（央视海客新闻）,,,,"特朗普视察工厂仍拒戴口罩,美国新冠肺炎确诊超157万,特朗普政府准备退出开放天空条约",164,712,6322,2020-05-22 08:07,360安全浏览器,,"http://f.video.weibocdn.com/XCcsHC7Ilx07Dsw2JRg401041200cqYo0E010.mp4?label=mp4_ld&template=640x360.25.0&trans_finger=40a32e8439c5409a63ccf853562a60ef&Expires=1592212697&ssig=wcjG3kkrIB&KID=unistore,video",
4507321952213706,J34tB9hSW,2918079611,开心的栗子-,转发微博,,,,,0,0,0,2020-05-22 09:59,,,,4507293813482214
4507321910171711,J34tx0IFx,1798141351,rainbowzhang2010,#特朗普政府准备退出开放天空条约#人在做天在看，收了吧，人间多余的。,,,,特朗普政府准备退出开放天空条约,0,0,1,2020-05-22 09:59,HUAWEI P20,,,
4506952111120870,J2UR54HAy,1893801487,微天下,#特朗普和佩洛西骂战升级#【#佩洛西称特朗普就像鞋上沾了小狗便便的小孩#】特朗普和众议长佩洛西这几天骂战不断。佩洛西先称特朗普有“病态肥胖”，特朗普回击：你精神错乱。佩洛西今天又在记者会上批评特朗普和他的高级助手：你问我总统的行为是否恰当，当然不恰当，他就像个鞋子上沾着小狗便便的孩子一样，和他一起工作的每个人的鞋子上也都沾着。”L海客新闻的微博视频,,,,"特朗普和佩洛西骂战升级,佩洛西称特朗普就像鞋上沾了小狗便便的小孩",149,83,291,2020-05-21 09:29,微博 weibo.com,,"http://f.video.weibocdn.com/D52w3Lpplx07Dr3wVB1S01041200b9cf0E010.mp4?label=mp4_ld&template=640x360.25.0&trans_finger=40a32e8439c5409a63ccf853562a60ef&Expires=1592212696&ssig=V64obWijGd&KID=unistore,video",
4507321898417563,J34tvzjN9,1911890764,多吉喜马,//@高程CASS:回复@爱吐槽的95后:本质差不多。白右更爱打实力牌，说话干事直白粗暴，喜欢单挑；白左爱打道义牌，假模假式的虚伪漂亮活多点，但能召集更多西方狐朋狗友，中国精美也会因此更嗨，其实更麻烦。//@爱吐槽的95后:高老师我想问下，民主党或者共和党的人当选对华政策会有实质性的差别吗？,,,"高程CASS,爱吐槽的95后",,0,0,0,2020-05-22 09:59,Android,,,4506952111120870
4507321890007036,J34tv01Pu,1977889537,深圳网警,【#特朗普不想听真话就开除了这些人#】美国新冠肺炎疫情形势严峻，然而白宫不仅对说真话的官员打击报复，还禁止关键人物发声。不想听真话，排除异己，特朗普近期打压、FIRE了这些人……戳图了解↓,,,,特朗普不想听真话就开除了这些人,3,18,20,2020-05-22 09:59,微博 weibo.com,['http://ww2.sinaimg.cn/large/75e43301gy1gf0jc1m8m8j20goas9npd.jpg'],,
4507315225003595,J34iKkZF9,1887344341,观察者网,#特朗普称想把记者塞进火箭#【特朗普想把记者塞进火箭里：这样就能暂时摆脱你们了】当地时间5月21日，美国总统特朗普在白宫外回答记者问。记者提及下周的火箭发射，特朗普跟记者开了个玩笑：“我希望你们也去。我想把你们都塞进火箭，这样就能暂时摆脱你们了。”L微丢的微博视频,,,,特朗普称想把记者塞进火箭,122,270,1781,2020-05-22 09:32,专业版微博,,"http://f.video.weibocdn.com/000OSXBngx07DsFqdrPG010412003rLL0E010.mp4?label=mp4_ld&template=640x360.25.0&trans_finger=40a32e8439c5409a63ccf853562a60ef&Expires=1592212697&ssig=4jN8P%2BBV7C&KID=unistore,video",
4507321889410343,J34tuDu3J,5971850461,KestrelFang,德克萨斯特技//@周涵有心眼2:你自己是塞进加农炮的事儿还没办完呢！,,,周涵有心眼2,,0,0,0,2020-05-22 09:59,Share微博客户端,,,4507315225003595
4507238624858039,J32jcknNt,1763351504,欧洲时报,【在测试呈阴性这件事上我的结果呈阳性，快来看看特朗普的如何调节阴阳】美国总统特朗普5月21日向媒体透露自己的新冠病毒检测呈阴性，但在给出结论的过程中，特朗普的表达却如绕口令一般。特朗普对在场记者说：“我的测试在另一层意思上非常的积极(Positively)，我的测试结果积极地(Positively)呈向阴性(Negative)，今天早晨我的测试很完美，也就是说，我的测试呈阴性。”在英语中，测试阳性通常使用单词Positive，测试阴性使用negative，特朗普在发言中多次使用副词positively和形容词negative，为准确理解增添了不小难度。#近距离看全球##全球疫情##美国疫情#L欧洲时报的微博视频,,,,"近距离看全球,全球疫情,美国疫情",61,64,161,2020-05-22 04:28,微博视频,,"http://f.video.weibocdn.com/5Nfeftv6lx07DskSqJWg010412002eOG0E010.mp4?label=mp4_ld&template=640x360.25.0&trans_finger=40a32e8439c5409a63ccf853562a60ef&Expires=1592212697&ssig=6BGON7Ruuz&KID=unistore,video",
4507321856623632,J34trrN6M,6773791549,花呆宝宝在线晒猫,一个被国家总统耽误的喜剧演员,,,,,0,0,0,2020-05-22 09:58,小米9 透明尊享版,,,4507238624858039
4507321806481274,J34tmrc4G,6487793546,飛魚小君,#深圳艾姆勒物流邹辉跃性侵新员工#冒着被喷被封的风险我也要蹭一波热度，热烈庆祝中国超级城市深圳迎来性侵合法化，性侵一个女生，奖励1000元。数个话题被封，女孩子被性侵维权只能在微博的夹缝中跪求关注。@新员工入职遭qj#建议取消生育三孩以上处罚#生什么孩子，生女孩又保护不了，啥时候能定向生男孩把世界过滤成全男性算了。#鲍毓明#烟台警方鲍律师的事儿还没下文，深圳警方又跳出来给敌对势力特区废青递刀子。#新入职员工聚會遭強奸##新入职员工遭qj##教育部撤销3所高校##苏打绿合体##警方通报女子未点餐被外卖员强送外卖##特朗普政府准备退出开放天空条约##人民大会堂的第一缕晨光#来看看这重要的时刻是消灭维权困境还是消灭我。,,,新员工入职遭qj,"建议取消生育三孩以上处罚,鲍毓明,新入职员工聚會遭強奸,教育部撤销3所高校,苏打绿合体,警方通报女子未点餐被外卖员强送外卖,特朗普政府准备退出开放天空条约,人民大会堂的第一缕晨光",1,0,0,2020-05-22 09:58,iPhone客户端,,,
4507321764055208,J34tih0WA,5217284498,非歌如梦,非歌如梦欢迎你特朗普这几天真的疯了，是因为他的民调大幅下跌，民主党候选人拜登占50％，他只有39％，少了11％。害怕他连任失败，他和他的三个子女下台后遭起诉坐牢。所以他像疯狗一样乱咬人，先是甩锅中国和世卫组织，可是他又找不到证据，不见效果又甩锅前任总统奥巴马，说奥巴马留个空货架给他！甚至连本党的前任总统小布什都不放过。,,,,,4,2,0,2020-05-22 09:58,非歌如梦欢迎你超话,"['http://ww4.sinaimg.cn/large/005H5c1Ygy1gf0zb20r6jj30qo0dc75z.jpg', 'http://ww3.sinaimg.cn/large/005H5c1Ygy1gf0zb2hcd5j30hg0e9myw.jpg', 'http://ww1.sinaimg.cn/large/005H5c1Ygy1gf0zb1n08mj30tp0g2goy.jpg', 'http://ww4.sinaimg.cn/large/005H5c1Ygy1gf0zb2ynwoj30hs0dcgmp.jpg', 'http://ww4.sinaimg.cn/large/005H5c1Ygy1gf0zb3edzhj30bo08qmyc.jpg']",,
4507298250194639,J33Rn0ODl,2697286743,大连54青年,【特朗普自称病毒检测结果是“阳性的阴性”逻辑混乱记者都听懵圈】特朗普：今天早晨的病毒检测结果非常“阳性”记者：……！！！特朗普：检测结果是“非常积极的阴性”网友：听不懂！这是羟氯喹的“副作用”？L海客新闻的秒拍视频,,,,,1,2,1,2020-05-22 08:25,HUAWEI Mate 20 Pro,,"http://miaopai.video.weibocdn.com/uHNgK3aKlx07DswaCadq010412008GL60E013.mp4?label=mp4_ld&template=640x360.25.0&trans_finger=40a32e8439c5409a63ccf853562a60ef&Expires=1592212697&ssig=o0DrnaIGUS&KID=unistore,video",
4507321676622263,J34t9rMKH,2862403874,大連丁子,副作用显现出来了。。。。。,,,,,0,0,0,2020-05-22 09:58,华为手机,,,4507298250194639
4507321663217467,J34t8dv0D,6083525873,鹰Pai老剑圣,转发微博,,,,,0,0,0,2020-05-22 09:58,iPhone客户端,,,4507315225003595
4507321625835149,J34t4otZj,5594652936,股院长v,发布了头条文章：《特朗普又搞事，逼得百度也要退市了》O特朗普又搞事，逼得百度也要退市了,http://t.cn/A62yxqSY,,,,0,0,0,2020-05-22 09:58,微博 weibo.com,,,
4507318971106534,J34oN4DRk,2150758415,孤烟暮蝉,大统领：看看！逆我者亡，所以他们都被我撸了！,,,,,94,87,961,2020-05-22 09:47,HUAWEI Mate 20 Pro,['http://ww3.sinaimg.cn/large/8031f80fgy1gf0zjm8yhpj208w5r2tj6.jpg'],,
4507321625346098,J34t4mqLo,1656145487,一定是阿共的阴谋,#特朗普政府准备退出开放天空条约#,,,,特朗普政府准备退出开放天空条约,0,0,0,2020-05-22 09:57,Android,,,4507318971106534
4507321601176147,J34t24VY7,7266537529,南半球时差,香港关你特朗普屁事先管好你自己再说话。,,,,,0,0,0,2020-05-22 09:57,iPad Pro,"['http://ww3.sinaimg.cn/large/007VLEmdgy1gf0zsvbl23j30u01dt0zi.jpg', 'http://ww4.sinaimg.cn/large/007VLEmdgy1gf0zt5j4wmj30fu0m8dic.jpg']",,
4507316542545869,J34kSaGip,5393135816,寰亚SYHP,#特朗普戴口罩#特朗普声称，他在福特工厂戴了一个口罩，但不会在媒体面前戴，因为“我不想让媒体看到它的乐趣。”#老铁#太可笑了L寰亚SYHP的微博视频,,,,"特朗普戴口罩,老铁",15,31,146,2020-05-22 09:37,,,"http://f.video.weibocdn.com/000B5JSPgx07DsG8JdKE010412003lgJ0E010.mp4?label=mp4_ld&template=640x352.25.0&trans_finger=40a32e8439c5409a63ccf853562a60ef&Expires=1592212697&ssig=vLUoLA9qen&KID=unistore,video",
4507321600605262,J34t22xsi,1774175047,小魔女的猫,//@见证复兴PYL:最后他还是从了,,,见证复兴PYL,,0,0,0,2020-05-22 09:57,HUAWEI Mate 10 Pro,,,4507316542545869
4507283978179779,J33ulyjVV,5347795977,青蜂侠Bee,#特朗普要把记者放进火箭#【特朗普又双叒叕怼记者：好想把你们放进火箭里这样就能摆脱你们】当地时间21日，美国总统特朗普前往位于密歇根州的福特工厂。启程前有记者提问SpaceX火箭发射相关问题，特朗普突然开怼记者：希望你们都能跟我一起去，我想把你们放进火箭里，这样就能暂时摆脱你们。特朗普和媒体结怨已久，曾多次攻击媒体是“假新闻”。L青蜂侠Bee的秒拍视频,,,,特朗普要把记者放进火箭,17,23,92,2020-05-22 07:28,微博 weibo.com,,"http://miaopai.video.weibocdn.com/4iaZwH7qlx07DsxhDO08010412004XEc0E013.mp4?label=mp4_ld&template=640x360.25.0&trans_finger=40a32e8439c5409a63ccf853562a60ef&Expires=1592212723&ssig=YX11QhLrzF&KID=unistore,video",
4507291888853176,J33H6B97a,1923119274,还事物的本来面目,所有采访特朗普的记者就一个目的，逗特朗普说几句，刺激他的火气，然后就是大新闻，媒体生意就好了！,,,,,0,0,0,2020-05-22 07:59,iPhone客户端,,,4507283978179779
4507280945842443,J33psovSX,1649173367,每日经济新闻,【#特朗普自称病毒检测结果是阳性的阴性#逻辑混乱记者都听懵圈】5月21日，特朗普前往密歇根州福特工厂进行视察，果不其然，和之前的剧本一样，其他所有人都戴上了口罩，除了特朗普自己。特朗普称自己今天早晨的病毒检测结果非常“阳性”，让记者猝不及防。特朗普本想表示检测结果非常积极，但是语意不明。最终特朗普强调自己检测结果是“非常积极的阴性”，网友表示听不懂他说啥，表示可能是羟氯喹的“副作用”。（@海客新闻；ZY）L海客新闻的秒拍视频,,,海客新闻,特朗普自称病毒检测结果是阳性的阴性,244,454,2438,2020-05-22 07:16,微博 weibo.com,,"http://miaopai.video.weibocdn.com/uHNgK3aKlx07DswaCadq010412008GL60E013.mp4?label=mp4_ld&template=640x360.25.0&trans_finger=40a32e8439c5409a63ccf853562a60ef&Expires=1592212723&ssig=tBcFXBtMoP&KID=unistore,video",
4507291872043443,J33H58zAL,5507119023,天天都快乐1573,转发微博,,,,,0,0,0,2020-05-22 07:59,小米8 屏幕指纹版,,,4507280945842443
4507290243985313,J33EsgILf,1499104401,新浪军事,【特朗普自称病毒检测结果是“阳性的阴性”逻辑混乱记者都听懵圈】特朗普：今天早晨的病毒检测结果非常“阳性”记者：……！！！特朗普：检测结果是“非常积极的阴性”网友：听不懂！这是羟氯喹的“副作用”？L海客新闻的秒拍视频,,,,,18,74,138,2020-05-22 07:53,微博 weibo.com,,"http://miaopai.video.weibocdn.com/uHNgK3aKlx07DswaCadq010412008GL60E013.mp4?label=mp4_ld&template=640x360.25.0&trans_finger=40a32e8439c5409a63ccf853562a60ef&Expires=1592212723&ssig=tBcFXBtMoP&KID=unistore,video",
4507291850277710,J33H31afc,2395957447,仙逸飞天,转发微博,,,,,0,0,0,2020-05-22 07:59,微博国际版,,,4507290243985313
4507291846078890,J33H2pvoC,2504282715,长春新闻广播,【#特朗普发推宣布降半旗志哀美新冠逝者#】当地时间21日，特朗普发推宣布降半旗志哀美国新冠疫情逝者。当天早些时候，国会众议院议长佩洛西等民主党大佬当天表示，当美国新冠肺炎死亡病例达到10万例时，总统特朗普应下令全国公共建筑降半旗志哀。“在接下来的3天里，所有联邦（机构）的建筑和国家纪念碑将降半旗，纪念我们在新冠疫情中失去的美国人。”特朗普在推特上写道。此外，他还宣布，“下周一，将降半旗向为我们国家做出无尽牺牲的军人们致敬。”美国消费者新闻与商业频道（CNBC）提到，下周一是美国的阵亡将士纪念日。国会众议院议长佩洛西等民主党大佬当天表示，当美国新冠肺炎死亡病例达到10万例时，总统特朗普应下令全国公共建筑降半旗志哀。民主党人提出这一要求时，美国的死亡病例已经超过9.3万例。特朗普必须签署公告来下达命令。据美国约翰·霍普金斯大学疫情实时监测系统显示，截至美东时间5月21日下午5时32分，美国已有新冠病毒感染病例1573742例，其中包括死亡病例94566例。与该系统大约24小时前的数据相比，美国新增新冠病毒感染25096例，新增死亡病例1403例。O特朗普发推宣布降半旗志哀美国新冠疫情逝者,,,,特朗普发推宣布降半旗志哀美新冠逝者,0,0,1,2020-05-22 07:59,iPhone客户端,,,
4507289908185574,J33DUylro,2527391305,津生金视,#特朗普称美国确诊数全球第一是荣誉勋章#【“特靠谱”，这是你的勋章！】从1月20日宣布出现首例新冠肺炎确诊病例以来，美国确诊病例四个月间一路激增。其疫情数据究竟是如何一步步超10万、50万、100万，直到如今超150万的呢？#美国新冠肺炎确诊超157万#戳视频，了解～L微丢的微博视频,,,,"特朗普称美国确诊数全球第一是荣誉勋章,美国新冠肺炎确诊超157万",59,45,115,2020-05-22 07:51,热心吃瓜群众,,"http://f.video.weibocdn.com/002ZEL2Qgx07DrR3KgJN010412006Bxx0E010.mp4?label=mp4_ld&template=640x360.25.0&trans_finger=bdef57f06ae52835a2c783ca389e8517&Expires=1592212723&ssig=Xr7N1NTgAF&KID=unistore,video",
4507291838259284,J33H1yECg,6159318611,绥阳检察院,马上进行颁奖典礼,,,,,3,1,1,2020-05-22 07:59,HUAWEI P20,,,4507289908185574
4507276013110738,J33hvd3fc,1893801487,微天下,#美国新冠肺炎确诊超157万#【#特朗普确实戴口罩了##特朗普向记者展示自己的口罩#】当地时间21日，特朗普参观密歇根州的福特工厂，在镜头前特朗普依旧没戴口罩。记者问为什么不戴口罩，特朗普回答：我去后面那些区域的时候戴口罩了，但我不想让媒体看到。记者：但是高管们都戴口罩了。“那是他们的选择”。特朗普还向记者展示自己的口罩，“说实话，我觉得我戴口罩看上去更帅，我刚才在演讲，所以没戴”。记者还问福特公司老板：福特先生，你能确认总统被告知在这个区域不戴口罩是可以的吗?“这取决于总统”。L微天下的微博视频,,,,"美国新冠肺炎确诊超157万,特朗普确实戴口罩了,特朗普向记者展示自己的口罩",207,212,1540,2020-05-22 06:56,微博视频,,"http://f.video.weibocdn.com/srm1NH3Elx07Dsv4ZcEE010412006ObA0E010.mp4?label=mp4_ld&template=640x360.25.0&trans_finger=40a32e8439c5409a63ccf853562a60ef&Expires=1592212723&ssig=4QWVUiLrek&KID=unistore,video",
4507291834052036,J33H1h07q,3228860350,麦兜不吃纸包鸡x,//@傻必:百年美联储，毁于特朗普。自由美利坚，感染一大圈。美股高风偏，熔断每一天。,,,傻必,,0,0,0,2020-05-22 07:59,OPPO Reno2,,,4507276013110738
4501523944044771,J0DDYgYef,6049590367,局座召忠,37分钟完整视频，张召忠说179：美国疯狂印钞，特朗普只救经济不救人？全球都在金融战疫！L局座召忠的微博视频,,,,,923,613,4239,2020-05-06 10:00,微博 weibo.com,,"http://f.video.weibocdn.com/zcpfJbcPlx07D257UVvO010412047FUI0E020.mp4?label=mp4_ld&template=640x360.25.0&trans_finger=40a32e8439c5409a63ccf853562a60ef&Expires=1592212723&ssig=QaUPLVKICN&KID=unistore,video",
4507291804632356,J33GYjr5q,6150388385,用户6150388385,转发微博,,,,,0,0,0,2020-05-22 07:59,百度小程序,,,4501523944044771
4507291795226063,J33GXlVxl,3464233050,深圳美食酱,#美国新冠肺炎确诊超157万##美国新冠肺炎确诊超157万#【#特朗普确实戴口罩了##特朗普向记者展示自己的口罩#】当地时间21日，特朗普参观密歇根州的福特工厂，在镜头前特朗普依旧没戴口罩。记者问为什么不戴口罩，特朗普回答：我去后面那些区域的时候戴口罩了，但我不想让媒体看到。记者：但是高管们都戴口罩了。“那是他们的选择”。特朗普还向记者展示自己的口罩，“说实话，我觉得我戴口罩看上去更帅，我刚才在演讲，所以没戴”。记者还问福特公司老板：福特先生，你能确认总统被告知在这个区域不戴口罩是可以的吗?“这取决于总统”。L微天下的微博视频,,,,"美国新冠肺炎确诊超157万,特朗普确实戴口罩了,特朗普向记者展示自己的口罩",0,0,0,2020-05-22 07:59,Android,,"http://f.video.weibocdn.com/srm1NH3Elx07Dsv4ZcEE010412006ObA0E010.mp4?label=mp4_ld&template=640x360.25.0&trans_finger=40a32e8439c5409a63ccf853562a60ef&Expires=1592212723&ssig=4QWVUiLrek&KID=unistore,video",
4507291787643043,J33GWw4iT,5723365388,晓11118,当地时间21日，特朗普发推宣布降半旗志哀美国新冠疫情逝者。当天早些时候，国会众议院议长佩洛西等民主党大佬当天表示，当美国新冠肺炎死亡病例达到10万例时，总统特朗普应下令全国公共建筑降半旗志哀。,,,,,0,0,0,2020-05-22 07:59,微博 weibo.com,,,
4507285417029341,J33wFtuEt,1893801487,微天下,【#特朗普想把记者放进火箭送上天#：这样能暂时摆脱你们了】特朗普在白宫接受采访，特朗普称自己考虑下周去看SpaceX火箭发射，“我希望你们和我一起去，把你们塞进火箭里，就能暂时摆脱你们了”。L微天下的微博视频,,,,特朗普想把记者放进火箭送上天,71,115,310,2020-05-22 07:34,微博视频,,"http://f.video.weibocdn.com/I3pWYmdhlx07DsxE7qqc0104120024fy0E010.mp4?label=mp4_ld&template=640x360.25.0&trans_finger=40a32e8439c5409a63ccf853562a60ef&Expires=1592212723&ssig=Ryi7u64wBm&KID=unistore,video",
4507291786819081,J33GWsBXb,1740351451,蔡大鰕Har,u1個直接飛到外太空好了,,,,,0,0,0,2020-05-22 07:59,iPhone客户端,,,4507285417029341
4507291779237781,J33GVCLat,6175121922,神奇的朽木露琪亚,HowtheTrumpadministrationisleveragingCOVID-19totightenimmigration？（中英字幕）特朗普政府如何利用新冠病毒肺炎疫情收紧美国移民政策？#美国##美国疫情#美国超话#美国移民#L神奇的朽木露琪亚的微博视频,,,,"美国,美国疫情,美国移民",0,0,1,2020-05-22 07:59,微博视频,,"http://f.video.weibocdn.com/1pMDN6zglx07DsznLfGo01041200qPUa0E010.mp4?label=mp4_ld&template=640x360.25.0&trans_finger=bdef57f06ae52835a2c783ca389e8517&Expires=1592212723&ssig=%2FPpGrdjSQ0&KID=unistore,video",
4507291771002230,J33GV4cJ0,3176105483,连淮徐盐,【知未是也】记者问特朗普：美国人口占全球3%，而确诊病例占全球的30%，请问总统先生在疫情防控方面都有哪些举措？特朗普回答说：啥也不用做。你看纽约州疫情那么严重，但死亡率却非常低……美国当前确诊病例已经接近170万，死亡人数快要达到10万，而特朗普竟然回答在疫情防控上什么也不用做，言下之意美国目前死亡率不是太高，死亡人数还没有达到特朗普的理想预期，我真佩服特朗普的直率！既然特朗普说不用防控，目前美国死亡率还不是很高，那我们大家就等到美国死亡率再提高一些，看看特朗普再采取什么措施来针对疫情。,,,,,4,3,13,2020-05-22 07:59,iPhone 6s Plus,['http://ww3.sinaimg.cn/large/bd4f860bgy1gf0wf6c1jqj20hs0dr0u6.jpg'],,
4507291737027707,J33GRtue7,1995333517,永不随波逐流,"【环球网】[环球时报综合报道]据美国全国广播公司21日报道，国会众议院议长佩洛西等民主党大佬当天表示佩洛西:美国新冠死亡数到10万时,特朗普应下令降半旗志哀O网页链接",,,,,0,0,0,2020-05-22 07:59,UC浏览器Android,['http://ww2.sinaimg.cn/large/76ee5f8dly1gf0wf0rikrj20220223ya.jpg'],,
4507291737636901,J33GRw2HP,6050599299,你好李l易y峰f,转发微博,,,,,0,0,0,2020-05-22 07:59,OPPO智能手机,,,4507276013110738
4507291732978590,J33GRcuRM,6709674742,怀玺流年,难道这药产生了伟哥的效果？？,,,,,0,0,0,2020-05-22 07:59,HUAWEI Mate 20 X,,,4507290243985313
4507291712224643,J33GP9kJl,3464233050,深圳美食酱,#美国新冠肺炎确诊超157万#【不顾多方劝告#特朗普视察福特工厂仍未戴口罩#】截至美东时间21日17：32，#美国新冠肺炎确诊超157万#。当天，美国总统特朗普在密歇根州福特工厂视察时被媒体拍到仍未佩戴口罩，而此前，不管是福特公司还是该州官员都提出了希望他戴口罩的要求。当被记者问及为何不戴口罩，特朗普自称在镜头外曾戴口罩，“我不想让媒体看到我戴口罩而感到快乐”。（@海客新闻；ZY）L海客新闻的微博视频,,,海客新闻,"美国新冠肺炎确诊超157万,特朗普视察福特工厂仍未戴口罩",0,0,0,2020-05-22 07:59,Android,,"http://f.video.weibocdn.com/XCcsHC7Ilx07Dsw2JRg401041200cqYo0E010.mp4?label=mp4_ld&template=640x360.25.0&trans_finger=40a32e8439c5409a63ccf853562a60ef&Expires=1592212723&ssig=Vv9%2FqOnYVi&KID=unistore,video",
4507291670018514,J33GL04OC,3464233050,深圳美食酱,#美国新冠肺炎确诊超157万##美国新冠肺炎确诊超157万#【#特朗普确实戴口罩了##特朗普向记者展示自己的口罩#】当地时间21日，特朗普参观密歇根州的福特工厂，在镜头前特朗普依旧没戴口罩。记者问为什么不戴口罩，特朗普回答：我去后面那些区域的时候戴口罩了，但我不想让媒体看到。记者：但是高管们都戴口罩了。“那是他们的选择”。特朗普还向记者展示自己的口罩，“说实话，我觉得我戴口罩看上去更帅，我刚才在演讲，所以没戴”。记者还问福特公司老板：福特先生，你能确认总统被告知在这个区域不戴口罩是可以的吗?“这取决于总统”。L微天下的微博视频,,,,"美国新冠肺炎确诊超157万,特朗普确实戴口罩了,特朗普向记者展示自己的口罩",0,0,0,2020-05-22 07:58,Android,,"http://f.video.weibocdn.com/srm1NH3Elx07Dsv4ZcEE010412006ObA0E010.mp4?label=mp4_ld&template=640x360.25.0&trans_finger=40a32e8439c5409a63ccf853562a60ef&Expires=1592212723&ssig=4QWVUiLrek&KID=unistore,video",
4507276830420397,J33iP1LmB,2985052662,志愿者李仕铭,【美国#患者连续吃羟氯喹19年感染新冠#：特朗普还要说它预防新冠有效果】5月20日，据媒体报道，美国一名患者服用羟氯喹19年、依旧感染新冠病毒。一名女子因患有狼疮，常年服用羟氯喹缓解病痛，但4月中旬该女子出现新冠肺炎症状，随后确诊感染新冠病毒。女子表示表示对特朗普宣传羟氯喹药效感到愤怒。@世面L世面的秒拍视频湖南志愿服务点亮志愿者,,,世面,患者连续吃羟氯喹19年感染新冠,2,1,0,2020-05-22 07:00,点亮志愿者超话,,"http://miaopai.video.weibocdn.com/duvJfDIElx07DrAiA05O010412007VPJ0E013.mp4?label=mp4_ld&template=640x360.25.0&trans_finger=40a32e8439c5409a63ccf853562a60ef&Expires=1592212737&ssig=rMMcbBxI40&KID=unistore,video",
4507268639584578,J335BEdnY,1893801487,微天下,【迷惑发言？#特朗普称进行了积极的阴性检测#】当地时间21日，特朗普在白宫接受采访。记者问他羟氯喹的服用状况。特朗普回答：我吃了两周的羟氯喹。我想大概两周吧。我还在这里，我还在这里。在另一种意义上，我的检测非常积极（positive），positivelytowardthenegative（积极的阴性检测？），我今天早上的检测非常完美，意思是我检测是阴性。被问是否接受抗体检测，特朗普回答：我还没有。L微天下的微博视频,,,,特朗普称进行了积极的阴性检测,46,45,159,2020-05-22 06:27,微博视频,,"http://f.video.weibocdn.com/a7E5uc9Wlx07Dst4iguk010412004xFN0E010.mp4?label=mp4_ld&template=360x360.25.0&trans_finger=40a32e8439c5409a63ccf853562a60ef&Expires=1592212737&ssig=g5O3q6Y0J1&KID=unistore,video",
4507276809424164,J33iMDxEE,1170847991,沐心月儿,转发微博,,,,,0,0,0,2020-05-22 06:59,华为手机 畅享玩不停,,,4507268639584578
4507276760014956,J33iI03Te,7450320444,雨落心安丶Kawe,//@微天下:有美国记者也确实拍到特朗普戴口罩。查看图片,,,微天下,,0,0,0,2020-05-22 06:59,小米手机4,,,4507276013110738
4507056855421882,J2XA1mKtI,1400887105,司马平邦,看今天，为什么中美之间——尤其是美国，现在仍不能接受与中国在共同抗击新冠瘟疫上达成合作，而且还在时时制造与中国的新矛盾，依我看，主要还是因为新冠病毒对美国的攻击不够严重；说的通俗点，就是美国现在的确诊病例和病亡的数量都还是太少。当年国民党虽然丢掉了东北，却仍对日本的侵略无动于衷，高叫着攘外必先安内；之后，是张学良、杨虎城发动西安事变，以及日本全面侵华的“七·七事变”，才最终让国共团结一致共同抗日。中美之间的矛盾及其激烈演化，现在绝不会因为人类需要共同应对新冠病毒这样的大规律而有丝毫的弱化，还可能更激化，但是我相信，终有一天，即使如美国这样的顽固的霸权主义，也会在新冠病毒的更为、极为残酷的攻击之下，不得不认清现实，从而选择走上一条与中国和全世界合作、一致抗疫的道路。你看，历史就这么现实，现实就这么残酷。司马平邦说如果觉得说的不错，可长按点赞键打赏L司马平邦的微博视频,,,,,96,30,117,2020-05-21 16:25,深度报道 · 视频社区,,"http://f.video.weibocdn.com/zaaVugcllx07DqtTGiAw01041200mvjz0E010.mp4?label=mp4_ld&template=640x360.25.0&trans_finger=bdef57f06ae52835a2c783ca389e8517&Expires=1592212737&ssig=8v1X91Xues&KID=unistore,video",
4507276755248413,J33iHm1lP,1884240070,小嘴乱亲乐园,//@alan8616:也不适合军用，因为不可控。他笨蛋不会甩锅，一直在替科邪家背锅。转基因伪科学邪恶技术，根本就不适合农业医药。勇于纠错，美国才能再次伟大。特朗普其实懦弱，没有勇气揭露新冠疫情的真正根源，与其竞选时的豪言壮语极不相称。//@司马平邦:特朗普必被清算..@何春银微想@美国驻华大使馆,,,"alan8616,司马平邦,何春银微想,美国驻华大使馆",,0,0,0,2020-05-22 06:59,荣耀Play3,,,4507056855421882
4507276746249804,J33iGqdRi,6371330011,alan8616,科莫认为的亚裔，免疫系统并未突变。疫情暴露了：可消灭美国人的病株。说明也不适合军用，因为不可控。他笨蛋不会甩锅，一直在替科邪家背锅。转基因伪科学邪恶技术，根本就不适合农业医药。勇于纠错，美国才能再次伟大。特朗普其实懦弱，没勇气揭露新冠疫情的真正根源。@美国驻华大使馆,,,美国驻华大使馆,,14,1,1,2020-05-22 06:59,,,,4507056855421882
4507276742642179,J33iGb5lN,1849514731,猫宝宝ing,转发微博,,,,,0,0,0,2020-05-22 06:59,🌸 🌸 Android,,,4507276013110738
4507276733648386,J33iFfj6W,2854991941,快活林杂谈,《胡锡进告诉了特朗普一个“大秘密”》特朗普连发数推，先是不点名骂中国的“一个疯子”，说他指责“除了中国以外的所有人都应该为导致数十万人死亡的病毒负责”。O网页链接,,,,,0,0,0,2020-05-22 06:59,百度App,['http://ww3.sinaimg.cn/large/aa2bb845ly1gf0uozvogij208o05swej.jpg'],,
4507175538497542,J30FrzEB8,1686546714,环球网,【白宫16页对华报告来了，很酸很霸道】5月20日，白宫方面最新发布了一份长达16页的《美国对中国战略方针》。这份文件中的内容声称，自1979年与中国建交以来，美国在对华策略上一直是“抱有希望的”，美方希望通过接触交往，能使中国“经济开放”和“政治开放”，然而40年后的今天，美方认为自己并未如愿。恰恰相反，美国认为中国正在试图重塑有利于自己的国际秩序，“这既损害了美国的利益，也侵害了世界各国人民的尊严”。美国政府通过这份文件重申了两大战略目标，一是提高与各组织机构、盟友和合作伙伴之间关系的弹性，二是“迫使中国停止或减少损害美国利益的行为”。为此，美方从问题挑战、应对策略和贯彻落实三方面作出了阐述。（来源：观察者网）O白宫发布美国对华最新战略方针，想合作但很霸道,,,,,1280,842,6725,2020-05-22 00:17,,['http://ww3.sinaimg.cn/large/6486a91aly1gf0j2fwnj5j20a5077aac.jpg'],,
4507276729146395,J33iECnov,1421338417,明年今日_风云,//@主演先生:？大哥，大哥，你还好吗？//@王冰汝:嗯，白宫昨天晚上发的。特朗普19号根据国防授权法提交给了国会。,,,"主演先生,王冰汝",,0,0,0,2020-05-22 06:59,红米Redmi,,,4507175538497542
4507276692087071,J33iB8KWr,1396395915,移米阳光,"我分享了【不想听真话！特朗普打压开除了一批人】,快来看吧！|O不想听真话！特朗普打压开除了一批人",,,,,0,0,0,2020-05-22 06:59,小米浏览器,['http://ww4.sinaimg.cn/large/533b4f8bly1gf0uoty4u4j20f00slacc.jpg'],,
4507276633693090,J33ivfuJY,1060097842,行孖,转发微博,,,,,0,0,0,2020-05-22 06:59,HUAWEI P20 Pro,,,4507276013110738
4507276629486562,J33iuDNT4,1893801487,微天下,#美国新冠肺炎确诊超157万#有美国记者也确实拍到特朗普戴口罩。查看图片,,,,美国新冠肺炎确诊超157万,88,55,123,2020-05-22 06:59,微博 weibo.com,,,4507276013110738
4507276583449421,J33iqetlP,1170847991,沐心月儿,转发微博,,,,,0,0,0,2020-05-22 06:59,华为手机 畅享玩不停,,,4507276013110738
4507276570852584,J33ip3zNm,7411604757,用户7411604757,"分享网易新闻《特朗普吓得停""神药""，英国上万医护跟着吃上了，被忽悠不要命？》O特朗普吓得停""神药""，英国上万医护跟着吃上了，被忽悠不要命？来自@网易新闻客户端#网易新闻#",,,网易新闻客户端,网易新闻,0,0,0,2020-05-22 06:58,网易新闻客户端,,,
4507276562451732,J33ioahO4,7202439638,乐陵市融媒体中心,特朗普政府的一名高级官员说：“如果总统知道这些，他几个月前就会解雇蓬佩奥了。”#蓬佩奥#美国L乐陵市融媒体中心的微博视频,,,,蓬佩奥 ,0,0,9,2020-05-22 06:58,荣耀20 PRO,,"http://f.video.weibocdn.com/FBIhZLqTlx07Dsvek3jW010412001y8w0E010.mp4?label=mp4_ld&template=360x640.24.0&trans_finger=81b11b8c5ffb62d33ceb3244bdd17e7b&Expires=1592212737&ssig=H5Iqh%2FNUxt&KID=unistore,video",
4507276557497393,J33invspH,2343002381,历史改变命运,转发微博,,,,,0,0,0,2020-05-22 06:58,iPhone客户端,,,4507276013110738
4507276532751015,J33ilbxFd,2937067297,干净么食安,哈哈，我戴口罩也挺帅。,,,,,1,0,0,2020-05-22 06:58,HUAWEI P30,,,4507276013110738
4506952203363155,J2URee6Ur,5933366852,江西反邪教,【#世卫称尚未发现羟氯喹对治疗新冠有效#】当地时间20日，世卫组织卫生紧急项目负责人迈克尔·瑞安表示，尚未发现羟氯喹对治疗或预防新冠肺炎有效，许多机构已就它的潜在副作用发出警告，很多国家已限制羟氯喹。此前，美国总统特朗普自曝吃羟氯喹预防新冠，但20日#特朗普称最近会停止服用羟氯喹#。L央视新闻的微博视频,,,,"世卫称尚未发现羟氯喹对治疗新冠有效,特朗普称最近会停止服用羟氯喹",229,157,188,2020-05-21 09:30,微博 weibo.com,,"http://f.video.weibocdn.com/u0m9RPM0lx07DqYH9aoo010412004cDb0E010.mp4?label=mp4_ld&template=640x360.25.0&trans_finger=40a32e8439c5409a63ccf853562a60ef&Expires=1592212737&ssig=ELrlbd3sk3&KID=unistore,video",
4507276525068563,J33iklgz1,3890202466,鹰潭孙新文,转发微博,,,,,0,0,0,2020-05-22 06:58,荣耀V10 我AI的快,,,4506952203363155
4507090381655257,J2Ys66WBH,5242156161,摩尔金融,【美国主持人喊话特朗普：你是个病人！就不该让你用推特！】周三，特朗普在推特上再次提到了关于美国媒体人乔·斯卡伯勒的阴谋论，并指控几年前乔与自己办公室的一名年轻员工之死有关。乔·斯卡伯勒的妻子兼搭档、MSNBC电视台节目《早安，乔》的联合主持人米卡·布热津斯基在节目中痛斥特朗普，布热津斯基称，“唐纳德，你是个病人！就因为你生乔的气，就因为乔戳穿了你，你没有能力处理这场巨大的人类灾难（指新冠病毒疫情），而且你每天都在让事情变得更糟。你就不该用推特！”（《环球时报》三缺二视频组）@这视频L这视频的秒拍视频,,,这视频,,22,5,28,2020-05-21 18:39,微博 weibo.com,,"http://miaopai.video.weibocdn.com/MuVIPbgPlx07Drt32Fd6010412006KBd0E013.mp4?label=mp4_ld&template=640x360.25.0&trans_finger=40a32e8439c5409a63ccf853562a60ef&Expires=1592212737&ssig=dkeWLXJsRh&KID=unistore,video",
4507276512320568,J33ij9JGw,5972756298,馨想事成_59008,//@程老湿爱吐槽:微博大V互撕也是一样啊，这样的戏不是挺多？政治嘛，其实就是吵架为主。//@Kevinqin008:说实话东方人还真的蛮难接受这种政治环境的。真是对面骂街啥都可以说，和我国传统文化格格不入，还真的很难在我国生根,,,"程老湿爱吐槽,Kevinqin008",,0,0,0,2020-05-22 06:58,iPhone客户端,,,4507090381655257
4507169888342265,J30wkz0cF,1314608344,新闻晨报,【#被问特朗普服药白宫专员回复不下雨真好#】19日，美国华盛顿，一名记者向白宫新冠病毒应对协调专员黛博拉·伯克斯提问：“特朗普服用羟氯喹（抗疟疾药）预防新冠肺炎，你会感觉担心吗？”这名白宫专员神回复道：“接下来三天不会下雨，这不是件好事吗？”@央视新闻L央视新闻的微博视频,,,央视新闻,被问特朗普服药白宫专员回复不下雨真好,13,8,29,2020-05-21 23:55,微博 weibo.com,,"http://f.video.weibocdn.com/wGSCrKeQlx07DrRYVgBG010412002YlU0E010.mp4?label=mp4_ld&template=360x640.24.0&trans_finger=81b11b8c5ffb62d33ceb3244bdd17e7b&Expires=1592212737&ssig=CgMHBHsbDK&KID=unistore,video",
4507276448746829,J33icAHrT,2575079762,GPTUTU,转发微博,,,,,0,0,0,2020-05-22 06:58,Redmi K20 Pro 尊享版,,,4507169888342265
4507276298526821,J33hXzMdn,2679596415,sing3030,一不小心說漏了!美國1月11日就已經開始!特朗普二兒子上電視這樣說!網友:被這對奇葩父子害苦了!.O网页链接,,,,,0,0,0,2020-05-22 06:57,分享按钮,,,
4507261668233773,J32UmyxYN,1868216661,Appro丶,转发微博,,,,,0,0,0,2020-05-22 05:59,HUAWEI P20,,,4507169888342265
4507261501013485,J32U64fEx,1649173367,每日经济新闻,【特朗普政府官员透露：#特朗普将宣布退出开放天空条约#】据路透社当地时间5月21日报道，特朗普政府官员透露，特朗普将于5月22日宣布退出《开放天空条约》，并于6个月内完成退出。该条约旨在减少军事误判导致战争的风险，美国于2002年加入。美方认为俄罗斯违反规定，因此表示将退出条约。依据条约，缔约国可对其他缔约国的全部领土进行空中非武装侦察，以核查对方执行国际军控条约的情况。飞机可装备照相设备、雷达和红外线仪器等，但不得携带武器。条约现有34个缔约国，包括俄罗斯和大部分北大西洋公约组织成员国。美国媒体称，这将是继特朗普于2019年退出与俄罗斯签署的里程碑式的军控条约《中导条约》后，再次以美国利益受损为由，退出国际军事和平条约。#特朗普政府准备退出开放天空条约#（央视新闻；ZY）,,,,"特朗普将宣布退出开放天空条约,特朗普政府准备退出开放天空条约",53,76,213,2020-05-22 05:59,微博 weibo.com,['http://ww3.sinaimg.cn/large/624c6377gy1gf0sy6y805j20j60cv75b.jpg'],,
4507261466980472,J32U2thWg,3200594994,北京福天利,【#特朗普政府准备退出开放天空条约#】据CNN最新消息，特朗普政府有意退出《开放天空条约》。白宫一位消息人士告诉CNN，明天可能会宣布这一消息。据悉，该条约于1992年签署，2002年生效。依据条约，缔约国可对其他缔约国的全部领土进行空中非武装侦察，以核查对方执行国际军控条约的情况。飞机可装备照相设备、雷达和红外线仪器等，但不得携带武器。条约现有34个缔约国，包括俄罗斯和大部分北大西洋公约组织成员国。,,,,特朗普政府准备退出开放天空条约,0,0,0,2020-05-22 05:58,HUAWEI Mate30 Pro 5G,,,
4507261441998556,J32U08nUM,1605268961,国际关系文研学者郑文明,『美国新生代反华鹰派：主动向特朗普靠拢，常以零和思维看待中美关系__凤凰网』O美国新生代反华鹰派：主动向特朗普靠拢，常以零和思维看待中美关系,,,,,0,0,0,2020-05-22 05:58,小米Max,,,
4507261387218157,J32TUuhLT,1605268961,国际关系文研学者郑文明,『特朗普再次威胁，谭德塞表态__凤凰网』O特朗普再次威胁，谭德塞表态,,,,,0,0,0,2020-05-22 05:58,小米Max,,,
4507261382715211,J32TUbolJ,1180493457,樊鸿新律师电话13203737971,5月22日微语简报，星期五，农历四月三十，工作愉快，生活喜乐！一份微语报，众览天下事！1、最后一颗北斗组网卫星计划6月发射。2、王学坤委员：建议建立农民退休制度，让65岁以上农民“洗脚上田，老有所养”。3、山西6月1日起正式实施垃圾分类。4、微信官方回应个人影响度报告：系虚假链接已处理。5、国际奥委会主席巴赫称奥运明年若无法如期将被取消。6、突发！美国又动手了，刚刚通过外国企业监管法案，剑指中国公司赴美上市。公众号：weiyunews7、4月访日中国游客仅200人次，56年来日本首次单月游客不足万人。8、美国新冠病例占全球30%，特朗普称什么都不做。9、忘记28年房子现住户称买房被骗：自己也是受害者，腾房希望补偿20万装修款。10、三星开建第六条代工芯片生产线，生产5纳米芯片。11、特强气旋风暴“安攀”在印度登陆，有学校楼顶被掀翻。12、2020年武汉市中考取消体育测试，疫情防控一线医务人员子女加分。【律师分享】太阳虽好，总要诸君亲自去晒，旁人却替你晒不来。——梁启超《学问的趣味》,,,,,0,0,0,2020-05-22 05:58,荣耀V20 4800万3D相机,,,
4507261378017212,J32TTxDDS,5532080715,用户5532080715,#腾讯新闻#特朗普一骂再骂，奥巴马忍无可忍，两任总统“打架”，全因为另一个男人？O特朗普一骂再骂，奥巴马忍无可忍，两任总统“打架”，全因为另一个男人？来自@腾讯新闻,,,腾讯新闻,腾讯新闻,0,0,0,2020-05-22 05:58,腾讯新闻客户端,['http://ww1.sinaimg.cn/large/0062o2Ujly1gf0sxhjf68j30gt08l0t8.jpg'],,
4507261278326315,J32TJyW3p,5491280969,行云酷酷的,转发微博,,,,,0,0,0,2020-05-22 05:58,nova5i 2400万AI四摄,,,4507238624858039
4506572203842200,J2KYkg7wY,6189120710,央视军事,【过河拆桥？#特朗普称F35战机应实现纯美国造#】据美国媒体报道，美国总统特朗普日前称，考虑在美国生产所有F-35战机配件。这一表态被认为是暗示要将其他国家供应商踢出供应链，日后美国可能独揽所有生产环节。F-35战机项目虽由美国主导，但英国、意大利、加拿大、荷兰、澳大利亚等国都不同程度参与。（军事报道）L央视军事的微博视频,,,,特朗普称F35战机应实现纯美国造,157,255,1102,2020-05-20 08:20,微博 weibo.com,,"http://f.video.weibocdn.com/yWPnr8XNlx07DoGa6x0A010412008hRk0E010.mp4?label=mp4_ld&template=640x360.25.0&trans_finger=bdef57f06ae52835a2c783ca389e8517&Expires=1592212747&ssig=PjvTk9aKV5&KID=unistore,video",
4507261139017350,J32TvBPP8,7454237175,SENNG-乐丹,转发微博,,,,,0,0,0,2020-05-22 05:57,小米手机4,,,4506572203842200
4507261131394619,J32Tv5QNR,7365769233,火中柔水,转发微博,,,,,0,0,0,2020-05-22 05:57,Redmi K30 全速热爱,,,4507238624858039
4507159910604850,J30gf2xlE,1893801487,微天下,【#特朗普政府准备退出开放天空条约#】据CNN最新消息，特朗普政府有意退出《开放天空条约》。白宫一位消息人士告诉CNN，明天可能会宣布这一消息。据悉，该条约于1992年签署，2002年生效。依据条约，缔约国可对其他缔约国的全部领土进行空中非武装侦察，以核查对方执行国际军控条约的情况。飞机可装备照相设备、雷达和红外线仪器等，但不得携带武器。条约现有34个缔约国，包括俄罗斯和大部分北大西洋公约组织成员国。,,,,特朗普政府准备退出开放天空条约,585,1889,38919,2020-05-21 23:15,专业版微博,['http://ww2.sinaimg.cn/large/70e11e0fly1gf0h9yz3r3j20lo0c6wfc.jpg'],,
4507261093026351,J32TrcHi7,5966540467,远帆loveWANGJIE,一天一出戏！无语！//@头条新闻:#特朗普又要退群了#据CNN最新消息，#特朗普政府准备退出开放天空条约#,,,头条新闻,"特朗普又要退群了,特朗普政府准备退出开放天空条约",0,0,0,2020-05-22 05:57,vivo Z5全面实力派,,,4507159910604850
4507261068681242,J32ToAqo2,6377741271,我是男生6377741271,转//#看点快报#《抗疫不力引发全国指责，特朗普情急下调转枪口，又找到了新目标》O网页链接,,,,看点快报,0,0,0,2020-05-22 05:57,iPhone客户端,['http://ww3.sinaimg.cn/large/006XClQHgy1gf0sw8j3ryj30ho0cwgmr.jpg'],,
4507205565294142,J31rSmdfo,5688313870,秦砖汉瓦无言,#肺炎门#“福奇，为什么武汉能10天检测1000多万人？”“总统大人，武汉采用10个样本合一检测的方式进行初筛，发现阳性再一个一个筛。”“那我们不能学学吗？”“不能。”“福奇，你是个糟糕的专家！为什么中国人就可以？美国人就不可以？你是不是不爱国？”“不，总统大人，那是因为我们如果10个样本合一检测，那恐怕每份都是阳性。”#美国新冠肺炎确诊数超154万##邪恶轴心美国#L海客新闻的微博视频,,,,"肺炎门,美国新冠肺炎确诊数超154万,邪恶轴心美国",29,1,10,2020-05-22 02:16,,,"http://f.video.weibocdn.com/NRfhWM5qlx07DpllqKYw010412005GaL0E010.mp4?label=mp4_ld&template=640x360.25.0&trans_finger=40a32e8439c5409a63ccf853562a60ef&Expires=1592212747&ssig=8HAPdxzp%2FR&KID=unistore,video",
4507260980277318,J32Tg1a8S,7444584537,用户7444584537,转发微博,,,,,0,0,0,2020-05-22 05:57,小米手机4,,,4507205565294142
4507260892369314,J32T79WmK,1741783782,Rita小样,特朗普是个正常人吗？每天看到他的新闻我就要问一遍。,,,,,0,0,0,2020-05-22 05:56,iPhone客户端,,,
4507260887417410,J32T6v7BE,2156503917,手机用户2156503917_635,5月22日微语简报，星期五，农历四月三十，工作愉快，生活喜乐！一份微语报，众览天下事！1、最后一颗北斗组网卫星计划6月发射。2、王学坤委员：建议建立农民退休制度，让65岁以上农民“洗脚上田，老有所养”。3、山西6月1日起正式实施垃圾分类。4、微信官方回应个人影响度报告：系虚假链接已处理。5、国际奥委会主席巴赫称奥运明年若无法如期将被取消。6、突发！美国又动手了，通过外国企业监管法案，剑指中国公司赴美上市。7、4月访日中国游客仅200人次，56年来日本首次单月游客不足万人。8、美国新冠病例占全球30%，特朗普称什么都不做。9、忘记28年房子现住户称买房被骗：自己也是受害者，腾房希望补偿20万装修款。10、三星开建第六条代工芯片生产线，生产5纳米芯片。11、特强气旋风暴“安攀”在印度登陆，有学校楼顶被掀翻。12、2020年武汉市中考取消体育测试，疫情防控一线医务人员子女加分。【微语】太阳虽好，总要诸君亲自去晒，旁人却替你晒不来。——梁启超《学问的趣味》,,,,,0,0,1,2020-05-22 05:56,Redmi Note 8 Pro四摄,,,
4507132734964468,J2ZypkPu4,2656274875,央视新闻,【#被问特朗普服药白宫专员回复不下雨真好#】19日，美国华盛顿，一名记者向白宫新冠病毒应对协调专员黛博拉·伯克斯提问：“特朗普服用羟氯喹（抗疟疾药）预防新冠肺炎，你会感觉担心吗？”这名白宫专员神回复道：“接下来三天不会下雨，这不是件好事吗？”L央视新闻的微博视频,,,,被问特朗普服药白宫专员回复不下雨真好,235,404,2846,2020-05-21 21:27,微博云剪,,"http://f.video.weibocdn.com/wGSCrKeQlx07DrRYVgBG010412002YlU0E010.mp4?label=mp4_ld&template=360x640.24.0&trans_finger=81b11b8c5ffb62d33ceb3244bdd17e7b&Expires=1592212747&ssig=kJaBexmtnm&KID=unistore,video",
4507260841756597,J32T27mYd,1937448514,路过蜻蜓6666,答非所问，常规操作。,,,,,0,0,0,2020-05-22 05:56,HUAWEI Mate 8,,,4507132734964468
4506909824576009,J2TKSjcqB,1649173367,每日经济新闻,#一向支持特朗普的福克斯也变了#【遭特朗普连番“脏话攻击”后这位福克斯主播竟还不“服软”】19日，福克斯主播卡乌托在节目中引用多项医学研究，证明特朗普所吹捧的“神药”羟氯喹对治疗新冠肺炎并无益处，甚至还可能导致死亡。这是卡乌托连续第二日在羟氯喹一事上公开与特朗普“唱反调”。而就在昨日，卡乌托的言论已招来特朗普连番“脏话攻击”。当日特朗普连续转发6条推文辱骂卡乌托“白痴”、“蠢货”、“混蛋”，还感叹福克斯“变了”。（@微丢；ZY）L微丢的微博视频,,,微丢,一向支持特朗普的福克斯也变了,41,23,87,2020-05-21 06:41,微博 weibo.com,,"http://f.video.weibocdn.com/001BeJujgx07DpV3RCSQ01041200b2rV0E010.mp4?label=mp4_ld&template=640x360.25.0&trans_finger=40a32e8439c5409a63ccf853562a60ef&Expires=1592212747&ssig=Rdd612EEDr&KID=unistore,video",
4507260800505332,J32SY27sw,3491943130,路人暖芋,//@冈瓦纳:其实，我还蛮喜欢看川大老板恨死媒体但又拿媒体没办法的样子。//@程序员邹欣://@Anson_仙道飘飘:Youarefired！,,,"冈瓦纳,程序员邹欣,Anson_仙道飘飘",,0,0,0,2020-05-22 05:56,荣耀10 AI变色更潮美,,,4506909824576009
4507260753611760,J32STf9Ac,6019393569,血狼幽情,再次反击！佩洛西称特朗普像“鞋子沾狗屎的小屁孩儿”L血狼幽情的微博视频,,,,,0,0,0,2020-05-22 05:56,iPhone客户端,,"http://f.video.weibocdn.com/SqmniBUblx07DsqUSAly010412007Vds0E010.mp4?label=mp4_ld&template=360x636.24.0&trans_finger=81b11b8c5ffb62d33ceb3244bdd17e7b&Expires=1592212747&ssig=ocZG9vNozX&KID=unistore,video",
4507246580529283,J32w22dGP,6153200600,温博军涛涛广磊,【华为诱敌深入特朗普果然钻了“圈套”！独享葵花宝典的后果你懂的！】可喜可贺，华为诱敌深入，特朗普果然钻了圈套！特朗普执迷不悟地以为只要卡住台积电，不供给华为5nm以下芯片生产，华为就剩下死路一条！事实上，即便麒麟1020胎死腹中，05gBUcW22，是凭借麒麟990、麒麟985、麒麟820就足以应付很长一段时间...全文,,,,,0,0,0,2020-05-22 04:59,Android客户端,,,
4507246573373480,J32w1e9AY,1769978212,BEYOND李爽,特朗普对华为屡下狠手，叔可忍婶不可忍！于是开了挂似了捣鼓出一章不吐不快《华为诱敌深入特朗普果然钻了圈套！独享葵花宝典的后果你懂的》，没想到各个平台都火到了她姥姥家！俗话说，评论比文章更精彩，高手往往在民间！按特朗普定下的细则行事的话，05cFAea22，以把海思芯片逼上绝路！按中国人的哲学思维，...全文,,,,,0,0,0,2020-05-22 04:59,魅族 MX4,,,
4503086179325646,J1ihHD81E,5024173332,有点黄,#特朗普回应美国确诊病例超百万#特朗普搞笑时刻大合集第一波，不愧为“宇宙网红”L有点黄的微博视频,,,,特朗普回应美国确诊病例超百万,1408,673,7373,2020-05-10 17:27,微博视频,,"http://f.video.weibocdn.com/c0JL8exYlx07Da3J8B8Q01041200Pq0G0E010.mp4?label=mp4_ld&template=640x360.25.0&trans_finger=40a32e8439c5409a63ccf853562a60ef&Expires=1592212761&ssig=8jv0QcrF%2BH&KID=unistore,video",
4507246425501149,J32vMn56d,3173139753,被碎碎念的唐僧丶,,,,,,0,0,0,2020-05-22 04:59,小米6 拍人更美,,,4503086179325646
4507246321792104,J32vC7wcU,7450254973,不再回到从前丶Jzjm,//@不再回到从前丶Jzjm:转发微博,,,不再回到从前丶Jzjm,,0,0,0,2020-05-22 04:58,小米手机4,,,4507238624858039
4507246270808392,J32vx3oiA,5025479450,爱的痕迹没结局,#腾讯新闻#特朗普叫嚣“中国有个疯子”，网友：这里有个疯子在甩锅O特朗普叫嚣“中国有个疯子”，网友：这里有个疯子在甩锅来自@腾讯新闻,,,腾讯新闻,腾讯新闻,0,10,3,2020-05-22 04:58,腾讯新闻客户端,['http://ww3.sinaimg.cn/large/005u6oMaly1gf0r71sa19j30ht0bv74x.jpg'],,
4507246270584869,J32vx2s9n,7450254973,不再回到从前丶Jzjm,转发微博,,,,,1,0,0,2020-05-22 04:58,小米手机4,,,4507238624858039
4507246073216993,J32vdduSZ,2674024261,浦江城北邮政方双双,【英国首相史上最大谜团，张驰温婉这波操作我服】英国首相鲍里斯的发型一直是个迷，刚上任的时候凭着一头凌乱的金发被称为“英国特朗普”。现在他仿佛更加放飞自我了，速度七十迈，心情是自由自在。风大的时候，大自然就是他最得意的发型师。这每一根都在爆炸的发丝像极了睡觉前,,,,,0,0,0,2020-05-22 04:57,iPhone客户端,"['http://ww1.sinaimg.cn/large/afe278e2gy1gey90u7z72j20i00a0dgc.jpg', 'http://ww2.sinaimg.cn/large/afe278e2gy1gey90ez34tj20m40hzq4u.jpg', 'http://ww4.sinaimg.cn/large/afe278e2gy1gey90kwecrj20gq0c2765.jpg', 'http://ww1.sinaimg.cn/large/afe278e2gy1gey91543zoj20e809hwf9.jpg', 'http://ww4.sinaimg.cn/large/afe278e2gy1gey91v55gxj20hm0m0419.jpg', 'http://ww1.sinaimg.cn/large/afe278e2gy1gey91ns99bj20jk0clgmi.jpg']",,
4507245826203886,J32uOq1UG,2447059237,李延gang,转发微博,,,,,0,0,0,2020-05-22 04:56,三星android智能手机,,,4507238624858039
4507226469592912,J31ZAEfyo,1823184085,美国侨报网,【突发美国】特朗普称他最新的新冠病毒测试“正向阴性”5月21日，美国总统特朗普在启程前往美国大选战场密西根州，参观福特汽车公司的一家工厂时传达了他最新的新冠病毒检测结果，但是在传达结果的时候，他的口齿却有些含糊不清。L美国侨报网的微博视频,,,,,66,4,13,2020-05-22 03:39,微博视频,,"http://f.video.weibocdn.com/oI0HyZLQlx07DshyLJy801041200ehvV0E010.mp4?label=mp4_ld&template=640x360.25.0&trans_finger=bdef57f06ae52835a2c783ca389e8517&Expires=1592212761&ssig=755We9fekU&KID=unistore,video",
4507245801445489,J32uM642l,7451650415,不在作践自己丶Hscd,转发微博,,,,,0,0,0,2020-05-22 04:56,小米手机4,,,4507226469592912
4507245785093851,J32uKln8T,6617571491,华盛热门,【锐参考|特朗普拟召G7盟友赴美开会，美国网友：“别来！”】原标题：锐参考|特朗普拟召盟友赴美开会，美国网友：“别来！”参考消息网5月21日报道（文/唐立辛）折腾自己还不够，美国又要拉上盟友一起“大冒险”了。5月...O网页链接,,,,,0,0,1,2020-05-22 04:56,华盛通,,,
4507157490427345,J30cl1NaF,2174585797,王冰汝,美媒报道说，特朗普决定退出《开放天空条约》。特朗普政府在21号告知俄罗斯，美国正在退出《开放天空条约》，原因是俄罗斯违反条约，且通过美国和商业卫星能更快、更低成本地获得空中侦察图像。《开放天空条约》1992年由欧安组织27个成员国在芬兰首都赫尔辛基签署。条约规定，签约国之间可以对对方领土进行非武装方式的空中侦察，以检查其执行国际武器控制条约的情况，增强军事透明度，避免由于猜忌而造成的紧张。这是特朗普将退出的第三个军控条约。第一个是伊核协议，第二个是中导条约。而外界猜测，特朗普下一步将会退出NewSTART《新削减战略武器条约》。,,,,,467,361,2268,2020-05-21 23:05,,['http://ww3.sinaimg.cn/large/819d8bc5ly1gf0gzzg6fej20mt0vh15b.jpg'],,
4507245772503422,J32uJavfM,2663644760,张闳祎,特朗普也太自由了。,,,,,0,0,0,2020-05-22 04:56,荣耀9青春版 全屏四摄,,,4507157490427345
4507245725179813,J32uElJvn,7452186566,失无所失丶Ielx,转发微博,,,,,0,0,0,2020-05-22 04:56,小米手机4,,,4507205565294142
4507245466124518,J32uepHgy,7434831205,用户7434831205,#腾讯新闻#特朗普叫嚣“中国有个疯子”，网友：这里有个疯子在甩锅O特朗普叫嚣“中国有个疯子”，网友：这里有个疯子在甩锅来自@腾讯新闻,,,腾讯新闻,腾讯新闻,0,0,0,2020-05-22 04:55,腾讯新闻客户端,['http://ww2.sinaimg.cn/large/00879Nelly1gf0r3kksstj30ht0bv74x.jpg'],,
4507073322970694,J2Y0AcsOq,6124642021,新京报我们视频,【美国#患者连续吃羟氯喹19年感染新冠#：特朗普还要说它预防新冠有效果】5月20日，据媒体报道，美国一名患者服用羟氯喹19年、依旧感染新冠病毒。一名女子因患有狼疮，常年服用羟氯喹缓解病痛，但4月中旬该女子出现新冠肺炎症状，随后确诊感染新冠病毒。女子表示表示对特朗普宣传羟氯喹药效感到愤怒。@世面L世面的秒拍视频,,,世面,患者连续吃羟氯喹19年感染新冠,50,81,525,2020-05-21 17:31,微博 weibo.com,,"http://miaopai.video.weibocdn.com/duvJfDIElx07DrAiA05O010412007VPJ0E013.mp4?label=mp4_ld&template=640x360.25.0&trans_finger=40a32e8439c5409a63ccf853562a60ef&Expires=1592212761&ssig=gXUnY78WWd&KID=unistore,video",
4507245431630607,J32ub6Qc7,5802181300,用户5802181300,转发微博,,,,,0,0,0,2020-05-22 04:55,荣耀V10 我AI的快,,,4507073322970694
4507245356419972,J32u3qW7W,1219653743,何永欣云,转发微博,,,,,0,0,0,2020-05-22 04:54,OPPO R9 Plus,,,4507238624858039
4507245326694685,J32u0s5AN,5944081585,费劲忽视架起,总有一个在路上……你的电话打不通但愿你端午节快乐开心、灵魂和心灵：你是你王国的国王我是载你观看世界的行船弹指之间无远弗届无时无刻让我陪你#特朗普称注射消毒液的说法只是讽刺##四川航空#,,枣庄·东七里沟村,,"特朗普称注射消毒液的说法只是讽刺,四川航空",0,0,0,2020-05-22 04:54,iPhone客户端,,,
4506657687900695,J2Nccx9kz,3937348351,共青团中央,【特朗普称美国感染全球最高是荣誉勋章】19日，美国总统特朗普在回答媒体提问时表示，美国新冠病毒感染病例数全球最高，那是因为美国开展了最大数量的病毒检测。特朗普说，美国现在有很多感染病例，但他“不把这看成坏事”，某种意义上，他把这看成是“好事”，说明美国“检测得更好”。特朗普进一步称，“如果我们只进行100万次检测，而不是1400万次检测，我们的病例数会少很多”，“所以我认为这是一种荣誉勋章。真的，这是荣誉勋章。”L海客新闻的微博视频,,,,,240,385,1323,2020-05-20 13:59,,,"http://f.video.weibocdn.com/NRfhWM5qlx07DpllqKYw010412005GaL0E010.mp4?label=mp4_ld&template=640x360.25.0&trans_finger=40a32e8439c5409a63ccf853562a60ef&Expires=1592212761&ssig=L4eV9z5wb4&KID=unistore,video",
4507245276680172,J32tVs1OI,2703780577,傻傻小小五丶,怕是傻了,,,,,0,1,0,2020-05-22 04:54,iPhone客户端,,,4506657687900695
4507245255337150,J32tTmor4,6353322081,布里法王鸟雀ck,他把这个感.冒病.人带到空.调房；把冷气开到最低！这个医.生解释说：“你稍微忍受下。一专治肺.炎医.生不擅长治感.冒……当时我就笑.喷了～！只有这样才可以使你的感.冒转成肺.炎#特朗普称注射消毒液的说法只是讽刺#,,重庆,,特朗普称注射消毒液的说法只是讽刺,0,0,0,2020-05-22 04:54,iPhone客户端,,,
4499470907823951,IFJGWwPmL,1647172887,译林出版社,#什么是民粹主义##新书速递##译林社科#★★民粹主义诊断之作：仇视精英、反对多元、垄断人民★★★★“它的体系成功地解释了特朗普等民粹主义者。”——《华盛顿邮报》★★☆紧扣国际政治新趋势，教你看懂现代社会的民粹危机☆☆民粹主义不仅事关政治，更事关人性的弱点☆☆普林斯顿教授精到解读，国内知名政治学者刘擎作序推荐☆“米勒这本小书……对澄清“什么是民粹主义”做出了富有启发性的阐释，并针对当下的政治现象提出许多敏锐而深邃的批判分析。”——刘擎在过去的几年里，世界见证了唐纳德•特朗普、玛丽娜•勒庞等民粹主义者的崛起。他们宣扬自己代表真正的普罗大众，借助“平民政治”和“沉默的大多数”等口号，对精英包揽的政治提出了尖锐的批评。可是，到底什么是民粹主义？它真的是对民主的纠错和补充吗？在本书中，米勒定义了民粹主义的核心要素：它反对多元主义，垄断对人民的定义，剥夺持反对意见者的人民资格；民粹主义并非民主政治的正当组成部分，而是它挥之不去的永恒阴影。,,,,"什么是民粹主义,新书速递,译林社科",765,48,904,2020-04-30 18:02,微博 weibo.com,['http://ww3.sinaimg.cn/large/622ddd17gy1ge9fzrziguj20m80vpdhe.jpg'],,
4507245184244282,J32tMhO8a,5055195124,网上不勃客,//@西窗随记:篇幅不长，四、五个小时可轻松读完。对当下欧美政治感兴趣的话一定要读一下这本书。//@小白的鹦鹉螺:终于开始预售了！二月的书单里推荐过。特朗普当选后，导师直接把这本小册子甩给我，我在图书馆里一晚上读完。它用通俗的语言解释了当代民粹主义的特征，对厘清概念非常有益！,,,"西窗随记,小白的鹦鹉螺",,0,0,3,2020-05-22 04:54,微博 weibo.com,,,4499470907823951
4506959758250396,J2V3pyCiU,1499104401,新浪军事,【佩洛西讽刺特朗普：他的行为就像个裤子上沾着泥的小孩】当地时间20日，美众议长佩洛西接受记者提问时表示特朗普总统的言行非常不恰当。佩洛西称特朗普就像裤子上踩了泥的小孩，进入房间时鞋上还粘着狗的便便。佩洛西还表示此前引用医生的话“病态肥胖”，只是以其人之道还其人之身。@海客新闻L海客新闻的微博视频,,,海客新闻,,24,58,170,2020-05-21 10:00,微博 weibo.com,,"http://f.video.weibocdn.com/D52w3Lpplx07Dr3wVB1S01041200b9cf0E010.mp4?label=mp4_ld&template=640x360.25.0&trans_finger=40a32e8439c5409a63ccf853562a60ef&Expires=1592212761&ssig=yEieNICOil&KID=unistore,video",
4507245104609874,J32tEjleO,1829246211,明星梦是我的明天,转发微博,,,,,0,0,0,2020-05-22 04:53,vivo智能手机,,,4506959758250396
