﻿id,bid,user_id,用户昵称,微博正文,头条文章url,发布位置,艾特用户,话题,转发数,评论数,点赞数,发布时间,发布工具,微博图片url,微博视频url,retweet_id
4500426650937533,J0b693VTv,2656274875,央视新闻,【#美国官员指出医疗物资短缺后遭特朗普撤换#】上个月，负责美国卫生与公众服务部监察工作的官员格里发布报告，披露美国数百家医院无法满足新冠病毒检测需求，且“物资严重短缺”。报告发布后，特朗普指示下属“找出这个人”，并断言报告有“政治偏见”。5月1日，特朗普宣布提名新人选，接替格里的工作↓L央视新闻的微博视频,,,,美国官员指出医疗物资短缺后遭特朗普撤换,1005,794,4032,2020-05-03 09:19,微博云剪,,"http://f.video.weibocdn.com/Tn42Zj3Flx07CYlYSifS01041200d7H00E010.mp4?label=mp4_ld&template=640x360.25.0&trans_finger=40a32e8439c5409a63ccf853562a60ef&Expires=1592209993&ssig=%2Bc9tKishrM&KID=unistore,video",
4500481957621358,J0cxlvYF8,3025544901,胡图图是大魔王,解决不了问题，可以解决提出问题的人，你可真是个小天才,,,,,0,0,0,2020-05-03 12:59,OPPO Find X,,,4500426650937533
4500474101236646,J0ckG5bHU,2656274875,央视新闻,【#安倍说无法回答日本多少人感染#：资料没写，我答不了】4月29日，日本上议院预算委员会答辩现场，一名国会议员质询安倍晋三时提问：“现在日本到底有多少人感染了新冠肺炎？”现场一度沉默，1分钟后，安倍站起来回答：“这个问题今天的资料里没写，所以我无法回答。”L央视新闻的微博视频,,,,安倍说无法回答日本多少人感染,801,1238,10052,2020-05-03 12:28,微博云剪,,"http://f.video.weibocdn.com/T7Pua0CGlx07CYyVR57W010412006WXd0E010.mp4?label=mp4_ld&template=360x640.24.0&trans_finger=81b11b8c5ffb62d33ceb3244bdd17e7b&Expires=1592209993&ssig=%2BqoxbhMMyu&KID=unistore,video",
4500481944627913,J0cxkjpVL,5917167474,渴望就一块,特朗普对你此次抄作业的表现很满意，不知道日本民众满意不,,,,,0,0,0,2020-05-03 12:59,iPhone X,,,4500474101236646
4500481924162710,J0cxihsUu,3180426430,罗爷说法-law,【特朗普急了，呼吁保险公司尽快赔付！】受疫情影响，美国的餐饮业损失惨重，美国政府的压力异常巨大。近日，特朗普公开呼吁，保险公司要赔付餐饮企业。因为餐饮机构每年都要花很多钱投保，可现在需要保险赔付的时候，美国的保险公司却说不能赔付，特朗普认为“不能让这种事情发生”。但是根据保险公司的条款规定，虽然支持因政府命令导致商户关闭或传染病导致的索赔，但通常不适用于因当前疫情导致的大范围封锁。美国的疫情发展太恐怖了，已经超过110万人感染，如果因政府命令，被迫支付本不属于保障范围内的赔款的话，美国的保险业恐怕将遭受重创。美国产险协会做了一个测算，美国保险业每月可以收取60亿美元左右的财产险保费收入。而在疫情期间，美国小企业每月损失估计在2550亿美元至4310亿美元，和保费收入完全不在一个量级。和美国深陷疫情漩涡一样，美国保险业也深陷亏损的漩涡之中……,,,,,23,16,39,2020-05-03 12:59,华为手机 畅享玩不停,['http://ww1.sinaimg.cn/large/bd9174begy1gef6bk7aozj20hs094jrw.jpg'],,
4500481919759566,J0cxhEWUm,5876442350,速报哥,疫情当前，特朗普有胆量、有权力这样直接迫害一个疾控系统的高级官员？,,,,,3,5,2,2020-05-03 12:59,,,,4500426650937533
4500481843486519,J0cxaeD0b,1321716701,昵称_有点难,转//#看点快报#《特朗普的支持率创新高，调查报告给出原因》O网页链接,,,,看点快报,0,0,0,2020-05-03 12:59,天天快报,['http://ww3.sinaimg.cn/large/4ec7cbddly1gef6b7949mj20ht091aag.jpg'],,
4500481828111576,J0cx8y2bS,2288064900,华声在线,【#美国官员指出医疗物资短缺后遭特朗普撤换#】上个月，负责美国卫生与公众服务部监察工作的官员格里发布报告，披露美国数百家医院无法满足新冠病毒检测需求，且“物资严重短缺”。报告发布后，特朗普指示下属“找出这个人”，并断言报告有“政治偏见”。5月1日，特朗普宣布提名新人选，接替格里的工作↓L央视新闻的微博视频,,,,美国官员指出医疗物资短缺后遭特朗普撤换,0,0,1,2020-05-03 12:59,微博 weibo.com,,"http://f.video.weibocdn.com/Tn42Zj3Flx07CYlYSifS01041200d7H00E010.mp4?label=mp4_ld&template=640x360.25.0&trans_finger=40a32e8439c5409a63ccf853562a60ef&Expires=1592209993&ssig=%2Bc9tKishrM&KID=unistore,video",
4500481802125391,J0cx68UUv,6567283295,妞妞陈瑶,#腾讯新闻#Chéri:特朗普的母亲，玛丽·安妮·麦克劳德曾说，特朗普只适合做个商人，不能从政，否则就是灾难，知子莫若母，现在看来百年美联储，毁于特朗普，真的被他母亲说中了。但是，特朗普撒谎不算新闻，他不撒谎才算新闻吧！只可惜选票不是在中国投的，这段时间以来他在中国俘获了不少粉丝，我们还是希望他能一直走下去的。无法想像没有他和蓬佩奥，网友有多无聊。O腾讯新闻·热推来自@腾讯新闻,,,腾讯新闻, 腾讯新闻 ,0,0,0,2020-05-03 12:58,iPhone客户端,['http://ww1.sinaimg.cn/large/007arEo7gy1gef6azncxyj30hs0a6q3c.jpg'],,
4500472507262665,J0ci6utlL,1743951792,美国驻华大使馆,来了解一下美国食品药品管理局如何在#COVID19#疫情期间利用其哨点监测系统监测药物的使用，描述住院病例的病程，并评估现实情况中正在积极使用的疗法的治疗效果。O网页链接,,,,COVID19,43,529,1461,2020-05-03 12:22,,['http://ww4.sinaimg.cn/large/67f297b0ly1gef58m0xidj20oh0ds4gq.jpg'],,
4500481798441335,J0cx5zpYz,1401185673,关中箭侠,特朗普说可以在人体用消毒液杀新冠病毒，美国食品药品管理局对此也是评估过的吧？,,,,,0,0,0,2020-05-03 12:58,HUAWEI Mate 30 Pro,,,4500472507262665
4500236981383826,J06ae5NZM,2803301701,人民日报,【#中美疫情对比视频引海外热议#】30日，新华社在推特发布一段视频，犀利概括了中美对疫情的态度，引发热议。中国：我们发现一种新病毒美国：所以呢？中国：这种病毒很危险美国：流感而已中国：你们的人民正在死去美国：你们没警告我们，你们说谎了！L微丢的微博视频,,,,中美疫情对比视频引海外热议,125018,21420,874313,2020-05-02 20:46,微博 weibo.com,,"http://f.video.weibocdn.com/MbkUJkQOlx07CX4GEWDK010412007Ttj0E010.mp4?label=mp4_ld&template=640x360.25.0&trans_finger=40a32e8439c5409a63ccf853562a60ef&Expires=1592209993&ssig=HlSeezglc7&KID=unistore,video",
4500481798271023,J0cx5yHFB,5468461531,sonic晶,新华社小心点，特朗普准备要制裁你了,,,,,0,0,0,2020-05-03 12:58,魅族 16 X 轻奢旗舰,,,4500236981383826
4500481794227298,J0cx5hJIe,5669689892,一分为二的科学观点,"邀请您回答问题""特朗普不承认错误甩锅推卸责任，只为选举导舆论夸夸其谈，却让美国人就像死猪一样，一个一个的打包死去？""@@中国政府网@新浪新闻@央视新闻@新浪军事@参考消息@CCTV4@人民日报@环球时报@凤凰网@洪琳@宋忠平@赵立坚个人微博@邱毅台湾@邱震海@胡锡进@酒巷诗行长@开心每一天5865@关山月x@非主食_@文汇报@解放军报@今日台湾@早报网@工人日报@中国日报@检察官张聪@乡村教师代言人-马云@俄罗斯驻华大使馆@伊朗驻华大使馆@法国驻华大使馆#gdO特朗普不承认错误甩锅推卸责任，只为选举导舆论夸夸其谈，却让美国人就像死猪一样，一个一个的打包死去？",,,"中国政府网,新浪新闻,央视新闻,新浪军事,参考消息,CCTV4,人民日报,环球时报,凤凰网,洪琳,宋忠平,赵立坚个人微博,邱毅台湾,邱震海,胡锡进,酒巷诗行长,开心每一天5865,关山月x,非主食_,文汇报,解放军报,今日台湾,早报网,工人日报,中国日报,检察官张聪,乡村教师代言人-马云,俄罗斯驻华大使馆,伊朗驻华大使馆,法国驻华大使馆",,1,0,1,2020-05-03 12:58,华为手机,,,
4500151144699999,J03VMjIGr,1887344341,观察者网,30日，新华社在推特发布一段视频，犀利概括了中美对疫情的态度，引发热议，目前已获超过1.5万次转发。中国：我们发现一种新病毒美国：所以呢？中国：这种病毒很危险美国：流感而已中国：你们的人民正在死去美国：你们没警告我们，你们说谎了！……L微丢的微博视频,,,,,8271,1555,24110,2020-05-02 15:05,,,"http://f.video.weibocdn.com/MbkUJkQOlx07CX4GEWDK010412007Ttj0E010.mp4?label=mp4_ld&template=640x360.25.0&trans_finger=40a32e8439c5409a63ccf853562a60ef&Expires=1592209993&ssig=HlSeezglc7&KID=unistore,video",
4500481744207728,J0cx0hECA,5850378029,不想起床的嘉,//@无心简影:这种简单明了的视频，效果还是不错的，有几家美媒还报道并转发了这个视频，虽然评论区一大堆在骂美媒帮中国宣传，但还是有很多人表示愿意相信里面的内容，特别是那些讨厌特朗普的人在说该视频“让全世界看到特朗普是个白痴。”，以后加大力度吧,,,无心简影,,0,0,0,2020-05-03 12:58,荣耀8X,,,4500151144699999
4500481734397676,J0cwZis2g,1506748531,企业数字化经营专家,特朗普犯下的三个致命错误！此视频已有51万次播放，快来一起看看！O网页链接,,,,,0,0,0,2020-05-03 12:58,好看视频App,['http://ww3.sinaimg.cn/large/59cf2873ly1gef6aegdtrj20ic0aa3z7.jpg'],,
4500481718259663,J0cwXyEIn,1430023834,燕儿岛海星,//@张忆安-龙战于野:解决不了问题的时候就解决提出问题的人。这才是真。普世价值。,,,张忆安-龙战于野,,0,0,1,2020-05-03 12:58,HUAWEI Mate 9 Pro,,,4500426650937533
4500417264488302,J0aR0iPBY,5508447493,袁老信箱,张维为教授：现在实际上很多国家，希望国际组织建设在中国…（重庆大学团委）L袁老信箱的微博视频,,,,,7,8,27,2020-05-03 08:42,OPPO智能手机,,"http://f.video.weibocdn.com/002HXpIdgx07CYjqbrGE010412001U0E0E010.mp4?label=mp4_ld&template=360x640.24.0&trans_finger=81b11b8c5ffb62d33ceb3244bdd17e7b&Expires=1592209993&ssig=k2b9H1OGrL&KID=unistore,video",
4500481635078188,J0cwPlj4g,7217216342,抵制职务犯罪3,//@190995017ttTOK:特朗普干得好，让他继续干！,,,190995017ttTOK,,0,0,0,2020-05-03 12:58,华为手机 畅享玩不停,,,4500417264488302
4500198107291411,J059wuAPp,1974576991,环球时报,【#特朗普为持枪闯入州议会示威者打CALL#：他们是好人，只是很生气】据CNN报道，当地时间4月30日，数百名示威者在美国密歇根州议会大厦抗议“居家令”，一些抗议者携带有枪支还闯进议会大厦，部分州议员吓得穿上了防弹衣。特朗普5月1日在社交媒体上就此事表示，“这些人非常好，但他们很生气。他们只是希望生活安全地回归。”目前，州长惠特默将该州的居家限制延长到至少5月15日。@时间视频L时间视频的微博视频,,,时间视频,特朗普为持枪闯入州议会示威者打CALL,494,712,3508,2020-05-02 18:11,微博 weibo.com,,"http://f.video.weibocdn.com/iJK0mhWElx07CXkSh2kU01041200eJDb0E010.mp4?label=mp4_ld&template=640x360.25.0&trans_finger=bdef57f06ae52835a2c783ca389e8517&Expires=1592209993&ssig=z2JDjpDbnO&KID=unistore,video",
4500481588141064,J0cwKy9Ru,3822787186,danny775,转发微博,,,,,0,0,0,2020-05-03 12:58,iPhone客户端,,,4500198107291411
4500481584235656,J0cwKhLT2,5847449779,恒迷一个力挺卡帅,我在看：【特朗普点名2家美媒卖国:总宣扬中国了不起人民公敌!】#跟新浪看热点#O特朗普点名2家美媒卖国:总宣扬中国了不起人民公敌!,,,,跟新浪看热点,2,0,0,2020-05-03 12:58,新浪新闻客户端,,,
4500464458318494,J0c57yU1g,1974576991,环球时报,【#美国官员指出医疗物资短缺后遭特朗普撤换#】上个月，负责美国卫生与公众服务部监察工作的官员格里发布报告，披露美国数百家医院无法满足新冠病毒检测需求，且“物资严重短缺”。报告发布后，特朗普指示下属“找出这个人”，并断言报告有“政治偏见”。5月1日，特朗普宣布提名新人选，接替格里的工作↓L央视新闻的微博视频,,,,美国官员指出医疗物资短缺后遭特朗普撤换,118,129,844,2020-05-03 11:50,微博 weibo.com,,"http://f.video.weibocdn.com/Tn42Zj3Flx07CYlYSifS01041200d7H00E010.mp4?label=mp4_ld&template=640x360.25.0&trans_finger=40a32e8439c5409a63ccf853562a60ef&Expires=1592209993&ssig=%2Bc9tKishrM&KID=unistore,video",
4500481583928458,J0cwKgtYe,1895811655,期待ing666,转发微博,,,,,0,0,0,2020-05-03 12:58,iPhone客户端,,,4500464458318494
4500481570895998,J0cwJ3L5A,2618630987,西安网,【#美国官员指出医疗物资短缺后遭特朗普撤换#】上个月，负责美国卫生与公众服务部监察工作的官员格里发布报告，披露美国数百家医院无法满足新冠病毒检测需求，且“物资严重短缺”。报告发布后，特朗普指示下属“找出这个人”，并断言报告有“政治偏见”。5月1日，特朗普宣布提名新人选，接替格里的工作↓↓↓（央视新闻）#4个原因导致美国疫情加速蔓延#L西安电视台官方微博的微博视频,,,,"美国官员指出医疗物资短缺后遭特朗普撤换,4个原因导致美国疫情加速蔓延",0,0,0,2020-05-03 12:58,微博 weibo.com,,"http://f.video.weibocdn.com/D1sOIKGVlx07CYycGyJG01041200cMRH0E010.mp4?label=mp4_ld&template=640x360.25.0&trans_finger=40a32e8439c5409a63ccf853562a60ef&Expires=1592209993&ssig=R1Fm3yenEb&KID=unistore,video",
4500481555400152,J0cwHmEPe,5814858725,zg诗联论坛优精诗词,发表了博文《特朗普点名2家美媒卖国》特朗普点名2家美媒卖国:总宣扬中国了不起人民公敌!O特朗普点名2家美媒卖国,,,,,0,0,0,2020-05-03 12:57,新浪博客,,,
4500461904528597,J0c10j05T,1785330821,Not小月月二转神童,#双语字幕#扣扣熊：大统领看了我的节目！#扣扣熊##海外综艺安利#LNot小月月二转神童的微博视频,,,,"双语字幕,扣扣熊,海外综艺安利",57,9,104,2020-05-03 11:39,欧美娱乐 · 视频社区,,"http://f.video.weibocdn.com/Ly362VUPlx07CYvARtpK01041200hd6Z0E010.mp4?label=mp4_ld&template=640x360.25.0&trans_finger=bdef57f06ae52835a2c783ca389e8517&Expires=1592210004&ssig=29wUi%2F3bQb&KID=unistore,video",
4500466907968873,J0c94xr4d,1743973753,柊掌柜,为什么美国演艺界，无论是脱口秀的，还是电视剧的演员，都反特朗普,,,,,1,0,1,2020-05-03 11:59,iPhone 8 Plus,,,4500461904528597
4500466899174970,J0c93CuPo,5595574391,青春品茶,转发微博,,,,,0,0,0,2020-05-03 11:59,荣耀V30 5G,,,4500464458318494
4500453481859830,J0bNq7NPg,1977460817,央视网快看,【#美官员指出医疗物资短缺遭特朗普撤换#】负责美国卫生与公众服务部监察工作的官员克里斯蒂·格里于上个月曾披露，美国数百家医院无法满足对新冠病毒的检测需求，而且面临“严重的物资短缺”，不料此举却遭到美国总统特朗普的批评。当地时间5月1号，特朗普宣布提名新的卫生与公众服务部监察长，以接替克里斯蒂·格里的工作。#美国官员指出医疗物资短缺后遭特朗普撤换#L央视网快看的微博视频,,,,"美官员指出医疗物资短缺遭特朗普撤换,美国官员指出医疗物资短缺后遭特朗普撤换",8,10,16,2020-05-03 11:06,微博视频,,"http://locallimit.us.sinaimg.cn/pS0tass1lx07CYtikAwU01041200dpKV0E010.mp4?label=mp4_ld&template=640x360.25.0&trans_finger=bdef57f06ae52835a2c783ca389e8517&Expires=1592210004&ssig=lWjKr4NAS2&KID=unistore,video",
4500466895799038,J0c93okAS,1991424390,奔跑的自己comeon,这么多医疗物资都被女婿给倒卖了吧,,,,,0,0,0,2020-05-03 11:59,HUAWEI P20,,,4500453481859830
4500466871162770,J0c914Sum,5326149212,一览众山我最小,//@中出宪政柏拉图:真……特朗普……,,,中出宪政柏拉图,,0,0,0,2020-05-03 11:59,搜狗高速浏览器,,,4500426650937533
4500466866132866,J0c90pJrc,6006860785,一定要养猫,//@户部尚书沈追://@一只特立独行e狗://@无心简影:这种简单明了的视频，效果还是不错的，有几家美媒还报道并转发了这个视频，虽然评论区一大堆在骂美媒帮中国宣传，但还是有很多人表示愿意相信里面的内容，特别是那些讨厌特朗普的人在说该视频“让全世界看到特朗普是个白痴。”，以后加大力度吧,,,"户部尚书沈追,一只特立独行e狗,无心简影",,0,0,0,2020-05-03 11:59,iPhone客户端,,,4500151144699999
4500466825154533,J0c8WlCVD,6304077879,远赴人间惊鸿宴·木一,#4个原因导致美国疫情加速蔓延#分析得对，但最大的原因还是那个白眼圈的特朗普是吧,,,,4个原因导致美国疫情加速蔓延,0,0,3,2020-05-03 11:59,小米5X 拍人更美,,,
4500466819491180,J0c8VDP5y,2976828625,姚哄哄,白宫新发言人发誓“永不撒谎”，然后…除了强行夸一波台湾、黑WHO之外，麦肯内尼关于前白宫国家安全顾问弗林（MichaelFlynn）的发言也遭到了美媒打脸。05kTBCy03。华盛顿邮报》总结说，“15分钟前刚承诺不撒谎，特朗普的新任新闻秘书就发表了明显不实言论”。对此，一些美国网友也很有才，借匹诺曹暗讽麦...全文,,,,,0,0,0,2020-05-03 11:59,Android客户端,,,
4500466811706339,J0c8V79TB,2164172083,你我都是政治家,【美国民众呼吁逮捕比尔盖茨，世界首富何以落到如此田地？】美国人能选出特朗普这样的总统而且还这么信任他，就不难理解他们为何这样对待比尔了。比尔盖茨对人类文明的贡献可以与爱迪生相提并论，特朗普还有那个蓬佩奥又算得了什么货色呢？一对没有人格底线的大骗子，种族主义法西斯主义衣钵的继承者！美国人民不要再被这些人忽悠了，真正给他们带来痛苦的是美国的军工和金融集团！而特朗普和蓬佩奥恰恰就是这些势力的代理人。O网页链接,,,,,0,0,0,2020-05-03 11:59,分享按钮,,,
4500466752419395,J0c8Pa9ov,1905549057,扬韬,特朗普在用管理企业的思路管理国家。//@财富密钥:顺者昌，逆者亡。暴君都如此，民主是个卵！,,,财富密钥,,15,11,24,2020-05-03 11:59,微博 weibo.com,,,4500464458318494
4497635769471863,IEXX2DK3Z,6227941017,素书斋主人,#美国FDA提示慎用特朗普推荐药物#特朗普:你可真是个糟糕的药监局！没有人比我更懂药！L素书斋主人的微博视频,,,,美国FDA提示慎用特朗普推荐药物,3,1,4,2020-04-25 16:29,君评天下事超话,,"http://f.video.weibocdn.com/000AwhrPgx07CM4o6z6701041200cpkn0E010.mp4?label=mp4_ld&template=640x360.25.0&trans_finger=40a32e8439c5409a63ccf853562a60ef&Expires=1592210004&ssig=eDgh%2BpOaLi&KID=unistore,video",
4500466698878204,J0c8JBfCQ,6119429032,最最最最最最幸运的P,求求考试老师问我特朗普吧没有人比我更懂特朗普了,,,,,0,0,0,2020-05-03 11:58,iPhone客户端,,,4497635769471863
4500466686218686,J0c8Iq5Lo,6246360713,用户6246360713,特朗普下令肉厂不得关闭科州一肉品厂复工后确诊人数翻倍O网页链接,,,,,0,0,0,2020-05-03 11:58,人民日报客户端,['http://ww1.sinaimg.cn/large/006OJ5Lrly1gef4kj9etnj30jg0jg3zl.jpg'],,
4500464715300551,J0c5xmeUL,3738295043,甲历史,10年前中国纪录片是这么介绍特朗普的，人的潜伏期原来可以这样长L甲历史的微博视频,,,,,283,55,453,2020-05-03 11:51,,,"http://f.video.weibocdn.com/NhFckACtlx07CYwmY2E801041201EAM50E010.mp4?label=mp4_ld&template=778x360.25.0&trans_finger=40a32e8439c5409a63ccf853562a60ef&Expires=1592210004&ssig=YaSyihk0bX&KID=unistore,video",
4500466636044342,J0c8Dpmpo,6402020260,天马行云2,转发微博,,,,,0,0,0,2020-05-03 11:58,OPPO R11 Plus,,,4500464715300551
4500466635106488,J0c8DlqqI,5387607986,上证50期权股指IF-养家炒股,其实不必太在意这样的声音，德国也一定有官员认为应该向中国索要赔偿，而美国也并非所有人会赞同特朗普的索赔论。用不着义愤填膺，就算病毒的发源地就是中国又能咋滴？！你能把我怎么着！用不着所有事情都急着讲理，心理上我们有点无赖意识又何妨。该收复台湾就收复台湾，该警告美国就警告美国！你可以灭我一千次不假，但我灭你一次也不费吹灰之力，一次和一千次又有何区别？该骂就骂，该打就打，不玩命谁怕你！【德官员拒绝跟随特朗普惩罚中国】“现在的当务之急是应对大流行”“赔偿问题不（应）出现”，在特朗普及其政府官员屡次宣称要中国对新冠疫情作出赔偿后，一名德国官员在接受美国《华盛顿观察家报》时做出了上述表态。该媒体称，德国拒绝加入特朗普就新冠大流行寻求惩罚中国（之列）。“至关重要的是，中国在回答那些尚无定论的问题时发挥了建设性作用。”这位德国官员说，“我们坚决支持世卫组织为抗击大流行所做的努力，我们也感谢中国的贡献。”（环球时报）,,,,,0,0,1,2020-05-03 11:58,360安全浏览器,,,
4500466627967109,J0c8CxqBL,6030100514,倦了0226,【现实“打脸”！#特朗普希望死亡人数不超过10万#】🙏据路透社报道，美国总统特朗普5月1日在白宫的一场活动上表示，希望美国因新冠病毒死亡的人数能控制在10万人以内。不过他强调，如果政府不加干预，死亡人数可能会达到150万--220万人。路透社称，这一数字高于特朗普周一谈到的6万至7万的死亡人数上限，才过了几天，他似乎就增加了自己对美国新冠死亡人数的预估。截至北京时间5月3日上午，美国新冠累计确诊病例已超112万例。L现实“打脸”！#特朗普希望死亡人数不超过10万#L倦了0226的微博视频,,,,特朗普希望死亡人数不超过10万,0,0,6,2020-05-03 11:58,iPhone客户端,,"http://f.video.weibocdn.com/wVPmWUWWlx07CYwSOWSs0104120066nD0E010.mp4?label=mp4_ld&template=640x360.25.0&trans_finger=40a32e8439c5409a63ccf853562a60ef&Expires=1592210004&ssig=EsLGTEaMsk&KID=unistore,video",
4500466593435197,J0c8zepEp,6582527095,苔花与牡丹W,【现实“打脸”！#特朗普希望死亡人数不超过10万#】据路透社报道，美国总统特朗普5月1日在白宫的一场活动上表示，希望美国因新冠病毒死亡的人数能控制在10万人以内。不过他强调，如果政府不加干预，死亡人数可能会达到150万--220万人。路透社称，这一数字高于特朗普周一谈到的6万至7万的死亡人数上限，才过了几天，他似乎就增加了自己对美国新冠死亡人数的预估。截至北京时间5月3日上午，美国新冠累计确诊病例已超112万例。L现实“打脸”！#特朗普希望死亡人数不超过10万#,,,,特朗普希望死亡人数不超过10万,0,0,0,2020-05-03 11:58,荣耀10 AI变色更潮美,,http://api.ivideo.sina.com.cn/public/video/play/url?appname=weibocard&appver=0.1&applt=web&tags=weibocard&direct=1&vid=33443127102,
4500466576865442,J0c8xsO0W,6357942428,用户guaiwolou,我在看：【国会迟迟不开门，特朗普：都怪疯狂的佩洛西！】#跟新浪看热点#O国会迟迟不开门，特朗普：都怪疯狂的佩洛西！,,,,跟新浪看热点,0,0,0,2020-05-03 11:58,新浪新闻客户端,,,
4500297751628306,J07Kf6PB0,3898277412,爱潜水的乌贼本尊,官方回应『关于近期不实传言的说明』O关于近期不实传言的说明,,,,,403,576,13517,2020-05-03 00:47,HUAWEI P30 Pro,,,
4500466571987604,J0c8x8l48,2677412261,今天的钱包有钱么,//@纳兰朗月夜回魂://@无主之剑Masterless_Sword:翻译一下:1.合同的事是真的2.那是前任奥巴马的锅，跟我特朗普有P关系3.我们主张一站两制，但是绝不承诺放弃使用免费阅读4.李文亮的训诫书是个别人员执法不规范，已经给予行政警告处分5.公司不仅是老板我的，更是所有员工的！HR很快会约谈闹事的,,,"纳兰朗月夜回魂,无主之剑Masterless_Sword",,0,0,1,2020-05-03 11:58,Share微博客户端,,,4500297751628306
4500442312857401,J0bvpbZl7,1887344341,观察者网,【#美国官员指出医疗物资短缺后遭特朗普撤换#】上个月，负责美国卫生与公众服务部监察工作的官员格里发布报告，披露美国数百家医院无法满足新冠病毒检测需求，且“物资严重短缺”。报告发布后，特朗普指示下属“找出这个人”，并断言报告有“政治偏见”。5月1日，特朗普宣布提名新人选，接替格里的工作↓@央视新闻L央视新闻的微博视频,,,央视新闻,美国官员指出医疗物资短缺后遭特朗普撤换,105,215,1388,2020-05-03 10:22,微博 weibo.com,,"http://f.video.weibocdn.com/Tn42Zj3Flx07CYlYSifS01041200d7H00E010.mp4?label=mp4_ld&template=640x360.25.0&trans_finger=40a32e8439c5409a63ccf853562a60ef&Expires=1592210016&ssig=rRxNI5niO8&KID=unistore,video",
4500451854217142,J0bKNhH4q,6331104605,ARS_ELee,灯塔啊,,,,,0,0,0,2020-05-03 10:59,iPhone客户端,,,4500442312857401
4500451830082900,J0bKL0lz6,1947282907,法治吹鼓手,#中美疫情对比视频引海外热议#官方都不用怎么讲，老百姓心里明镜似的，特别是中国的老百姓，这次对抗新冠疫情，特朗普政权的确令人失望。而中国，再一次展现了东方智慧和力量，作为中国人，幸运。L微丢的微博视频,,,,中美疫情对比视频引海外热议,1,5,5,2020-05-03 10:59,HUAWEI P40 Pro 5G,,"http://f.video.weibocdn.com/MbkUJkQOlx07CX4GEWDK010412007Ttj0E010.mp4?label=mp4_ld&template=640x360.25.0&trans_finger=40a32e8439c5409a63ccf853562a60ef&Expires=1592210016&ssig=bhvKwXla7d&KID=unistore,video",
4500427150846751,J0b6X3yhh,1195188461,竹影禅茶,《纽约时报》发文：特朗普还算个人吗？（中英双语）这种商人怎么能有灵魂呢？如果他有灵魂，他年轻时一定会去服兵役，开公司一定会好好地报税。面对如此多的死亡，一定不会那么无所顾忌、直白、赤裸裸的讲，生活有时候就是这样子。美国人选了一个冷酷自私自大的人做总统。O《纽约时报》发文：特朗普还算个人吗？（中英双语）,,,,,28,11,42,2020-05-03 09:21,iPhone XR,,,
4500451812738853,J0bKJbuv3,5993630503,exHfer_aaaaavE,//@矛盾體_CRAIGJOJO:特朗普成为美国总统并不是由于其有多大的魅力，而是在新自由主义和全球化背景所带来的不可避免的贫富两极分化中（再加上美国浓烈的宗教性），一部分美国人以报复的心态拒绝一切像个政治家的竞选者的结果。特朗普的粉墨登场和美国的状态是现代国家和部分现代人状态的表征。,,,矛盾體_CRAIGJOJO,,1,0,0,2020-05-03 10:59,iPhone 8,,,4500427150846751
4500451804000139,J0bKIgMCn,6890756658,知未科技,#比尔盖茨称美低收入者得不到病毒检测#近日，比尔·盖茨批评美国病毒检测，网友发现特朗普此前的发言，都能“完美”回应……盖茨：亚洲病毒检测及追踪能力远高于美国。特朗普：撒谎！盖茨：美国的有钱人可以检测多次，低收入人群可能得不到检测。特朗普：但也许，这就是人生吧。盖茨：美国的检测系统没有区分优先级，无法提供准确情况，检测数据也无法进行比较。特朗普：小老弟听清楚，我们的病毒检测做得比世界上任何其他国家都好得多，其他国家在检测方面远远落后于我们，因此出现的病例要少得多。懂吗？盖茨：……,,,,比尔盖茨称美低收入者得不到病毒检测,20,28,58,2020-05-03 10:59,,"['http://ww2.sinaimg.cn/large/007wkUAqly1gef2u2bhqbj30ie0omwhv.jpg', 'http://ww2.sinaimg.cn/large/007wkUAqly1gef2u2pgwzj30i30onjuq.jpg', 'http://ww2.sinaimg.cn/large/007wkUAqly1gef2u33hzdj30i60ogdj2.jpg', 'http://ww2.sinaimg.cn/large/007wkUAqly1gef2u3fb0rj30i80obadj.jpg', 'http://ww1.sinaimg.cn/large/007wkUAqly1gef2u5wmxqj30ku0i43zc.jpg', 'http://ww2.sinaimg.cn/large/007wkUAqly1gef2u3tryrj30id0o9gp1.jpg', 'http://ww1.sinaimg.cn/large/007wkUAqly1gef2u45xx0j30ib0oo781.jpg', 'http://ww1.sinaimg.cn/large/007wkUAqly1gef2u4lk73j30ic0od0wc.jpg', 'http://ww2.sinaimg.cn/large/007wkUAqly1gef2u522t2j30i60ofgp7.jpg']",,
4500261395987985,J06NBp7Kp,3939426052,地瓜熊老六,【美国日记37：滚蛋吧，中间商文人们】一些恶臭文人，为什么那么恨二十八画生？因为他打破了恶臭文人对文化的垄断，他希望所有的人民都有文化有知识，严重影响了这些恶臭文人，在朝廷和百姓之间做中间商的生意，你说他们能不恨吗？发布了头条文章：《【美国日记37：滚蛋吧，中间商文人们】》O【美国日记37：滚蛋吧，中间商文人们】,,,,,1269,496,6363,2020-05-02 22:23,微博 weibo.com,,,
4500451795788893,J0bKHohXf,6992308023,一昆仑山,//@地瓜熊老六:公知上学时一问三不知，一上网上知天文下知地理，除了特朗普，没有人比他们更懂//@玉兰盛开时:公知还说钟南山不懂群体免疫呢,,,"地瓜熊老六,玉兰盛开时",,0,0,0,2020-05-03 10:59,华为畅享9S超广角三摄,,,4500261395987985
4498981923443296,IFwYgerL2,1663072851,中国日报,【#特朗普回应美国确诊病例超百万#：病例最终会降到零】28日，美国新冠肺炎累计确诊超100万。当天，特朗普接受记者提问时称：“病例最终将降到零。”他认为，病例数量大是因为“我们的检测数量比别国高得多”。纽约时报则称，美国实际感染人数可能要高得多，100万的数字并不包括已感染但尚未接受检测的人。L海客新闻的秒拍视频,,,,特朗普回应美国确诊病例超百万,545,822,6343,2020-04-29 09:39,微博 weibo.com,,"http://miaopai.video.weibocdn.com/xgqiFb3blx07CRUTcMaY010412004DGl0E013.mp4?label=mp4_ld&template=640x360.25.0&trans_finger=40a32e8439c5409a63ccf853562a60ef&Expires=1592210016&ssig=7rhRKW%2F7fb&KID=unistore,video",
4500451704185808,J0bKyhyV2,5268584343,善良的OB,我的老天鹅啊,,,,,0,0,1,2020-05-03 10:59,iPhone客户端,,,4498981923443296
4500451679447282,J0bKvDDFw,6045970049,张瀛兮贤曼曲,学习了//@股市温情寒玉:特朗普：我永远都是对的，虽然我每天都在说谎。#中美疫情对比视频引海外热议#,,,股市温情寒玉,中美疫情对比视频引海外热议,0,0,0,2020-05-03 10:59,微博 weibo.com,,,4500236981383826
4500451669658452,J0bKuEwBu,2628352112,轩宝妈Daisy,#读书笔记#2020.4.19-2020.5.3《特朗普自传》满嘴跑火车的总统有时挺让人厌烦，但不得不说他是生意场上的好手。从他这本自传里你可以看到他的努力、创新、斗志、勇气，当然还有更多。有时候没有深入了解一个人时很可能因为一些言行固化对他（她）的看法，觉得他善良友爱，亦或自私贪婪，但往往随着不断的接触会慢慢发现更多，原本好的可能会被掩盖，原本不好的也可能被推翻，这些都提醒着我们不要妄下评判，尤其在你不十分了解一个人之前。,,,,读书笔记,0,0,0,2020-05-03 10:59,iPhone客户端,"['http://ww3.sinaimg.cn/large/9ca97870ly1gef2mkyvv6j22c0340hdt.jpg', 'http://ww2.sinaimg.cn/large/9ca97870ly1gef2mn7gouj22c0340hdt.jpg', 'http://ww4.sinaimg.cn/large/9ca97870ly1gef2mplmdcj22c0340qv5.jpg', 'http://ww2.sinaimg.cn/large/9ca97870ly1gef2mi3cq2j22c0340npd.jpg']",,
4500451665660180,J0bKunKte,5190534823,时代风向标栏目组,央视时代风向标栏目【#美国官员指出医疗物资短缺后遭特朗普撤换#】上个月，负责美国卫生与公众服务部监察工作的官员格里发布报告，披露美国数百家医院无法满足新冠病毒检测需求，且“物资严重短缺”。报告发布后，特朗普指示下属“找出这个人”，并断言报告有“政治偏见”。5月1日，特朗普宣布提名新人选，接替格里的工作↓L央视新闻的微博视频,,,,美国官员指出医疗物资短缺后遭特朗普撤换,0,1,1,2020-05-03 10:59,央视时代风向标栏目超话,,"http://f.video.weibocdn.com/Tn42Zj3Flx07CYlYSifS01041200d7H00E010.mp4?label=mp4_ld&template=640x360.25.0&trans_finger=40a32e8439c5409a63ccf853562a60ef&Expires=1592210016&ssig=rRxNI5niO8&KID=unistore,video",
4500451624054389,J0bKqh0Jn,1977889537,深圳网警,【#德官员拒绝跟随特朗普惩罚中国#】“现在的当务之急是应对大流行”“赔偿问题不（应）出现”，在特朗普及其政府官员屡次宣称要中国对新冠疫情作出赔偿后，一名德国官员在接受美国《华盛顿观察家报》时做出了上述表态。该媒体称，德国拒绝加入特朗普就新冠大流行寻求惩罚中国（之列）。“至关重要的是，中国在回答那些尚无定论的问题时发挥了建设性作用。”这位德国官员说，“我们坚决支持世卫组织为抗击大流行所做的努力，我们也感谢中国的贡献。”,,,,德官员拒绝跟随特朗普惩罚中国,3,1,9,2020-05-03 10:59,微博 weibo.com,['http://ww3.sinaimg.cn/large/75e43301gy1geepvrg2pkj20j608x0tg.jpg'],,
4500451611747840,J0bKp7kGY,5396494290,常州新鲜事儿,【#特朗普称持枪抗议者是好人#：他们只是很生气希望生活能安全回归】当地时间4月30日，美国密歇根数百名示威者聚集州议会大厦抗议“居家令”，部分人还携带枪支闯进议会大厦，一些州议员穿上了防弹衣。特朗普5月1日在社交媒体上称，“这些人是非常好的人，但他们很生气。他们只是希望生活安全地回归。”@CGTNLCGTN的微博视频,,,CGTN,特朗普称持枪抗议者是好人,0,0,0,2020-05-03 10:59,nova5Pro人像超级夜景,,"http://f.video.weibocdn.com/9YkJhJ6Nlx07CXAxhkAo0104120098X50E010.mp4?label=mp4_ld&template=640x360.25.0&trans_finger=40a32e8439c5409a63ccf853562a60ef&Expires=1592210016&ssig=vM%2Bogq9%2BTL&KID=unistore,video",
4500451586466395,J0bKmr8cH,6124042542,Man_Suger_free,#比尔盖茨称美低收入者得不到病毒检测#还是有些地方的低收入者幸福，可以成天在网上抨击美帝，纵论国际大事，关心是特朗普连任还是拜登上台，从不担心花呗金条网贷，反正本来无一物，到处惹尘埃就很爽。,,,,比尔盖茨称美低收入者得不到病毒检测,0,0,2,2020-05-03 10:58,,,,
4500451556845567,J0bKjsIQn,2729232002,抚州南丰发布,【#特朗普下行政令禁用部分外国电力设备#】美国总统特朗普1日发布行政命令称，为确保大容量电力系统的安全，将禁止美国购买对国家安全造成风险的海外电力设备，并授权能源部长甄别相关实体和采取适当行动。　　特朗普在行政命令中称，大容量电力系统是那些寻求对美国政府和民众进行“恶意网络攻击”等活动的目标，电力系统设备“不受限制”的外国供应对美国“国家安全、外交政策和经济发展构成严重威胁”。　　根据这份行政命令，美能源部长有权设立和发布认定特定设备和供应商的标准，并识别已在使用中的禁用设备，对这些设备进行监控和替换。　　这项行政命令还要求能源部长牵头成立一个关于能源基础设施采购政策的特别工作组。工作组将与能源行业保持沟通，确保电力系统安全。,,,,特朗普下行政令禁用部分外国电力设备,0,0,0,2020-05-03 10:58,微博 weibo.com,,,
4500451548199878,J0bKiypa6,1225636925,董秀成,据英国《每日邮报》5月3日报道，美国总统特朗普昨日晚间在推特上向民主党籍众议院议长南希·佩洛西发难，斥责后者拒绝白宫向国会发放核酸快速检测试剂的提议，是因为“把这个当成不想回来上班的借口”。美国当地时间周六（5月2日）早间，特朗普曾表示国会可以拿到“5分钟快速反应”的病毒检测试剂，然而众议院议长佩洛西和参议院多数党（共和党）领袖米契·麦克康内尔却“谢绝”了总统的好意，表示资源还是优先供应前线医护人...O网页链接,,,,,0,0,1,2020-05-03 10:58,HUAWEI Mate 10,['http://ww2.sinaimg.cn/large/490dbc3dly1gef2tvvtnuj205c040mxv.jpg'],,
4500171851741743,J04tb7j6D,1887344341,观察者网,【咋还卖起周边来了？#白宫发行新冠肺炎纪念币#，惹得美国人骂声连连】美国疫情水深火热，白宫却开始卖新冠周边了？最近白宫纪念品商店宣布出售“新冠肺炎”纪念币，一枚价值100刀（原价125刀限时打折）。一款上印有新冠病毒，另一款上是特朗普每天发表迷惑言论的小讲台，上面印着特朗普和日常与会人员的名字……消息出了美国网友在推上疯狂吐槽：咋地，这么多人生命垂危，你们还挺骄傲啊？@英国报姐,,,英国报姐,白宫发行新冠肺炎纪念币,1656,895,12648,2020-05-02 16:27,微博 weibo.com,"['http://ww1.sinaimg.cn/large/707e96d5gy1gee6pbr6elj20m80c3jt0.jpg', 'http://ww4.sinaimg.cn/large/707e96d5gy1gee6pcy4z9j20vc0u0aho.jpg', 'http://ww1.sinaimg.cn/large/707e96d5gy1gee6pdqabfj20wi0kwwik.jpg', 'http://ww3.sinaimg.cn/large/707e96d5gy1gee6pf0bfoj20r40l4td1.jpg']",,
4500451511739708,J0bKf7izO,3795347892,达纳斯特_追逐鹿的人,//@叶空是否知晓一切:如果站在现在的意识形态和未来的角度来看，这个看着就很红黄相间配色的冠状病毒和背面的白宫。10年后、20年后的人，那些没经历过现在的情况或者不了解现在发生的事情的人，看到这个纪念币会不会认为是“特朗普领导的美国政府”击败了这种“亚洲某国配色”的病毒呢,,,叶空是否知晓一切,,0,0,0,2020-05-03 10:58,微博国际版,,,4500171851741743
4500451497970649,J0bKdxrwR,7411351567,普罗70669,转//#看点快报#《特朗普改口：希望美...-看点快报》O网页链接,,,,看点快报,0,0,0,2020-05-03 10:58,天天快报,['http://ww3.sinaimg.cn/large/0085zh6vly1gef2trq6i7j30f009x3z4.jpg'],,
4500451493966843,J0bKdgDXl,5899498754,主页更多电影,发布了头条文章：《31岁美女顾问艳压伊万卡，是伊万卡丈夫部下，却与特朗普举止亲昵》O31岁美女顾问艳压伊万卡，是伊万卡丈夫部下，却与特朗普举止亲昵,http://t.cn/A6AMZrKG,,,,0,0,0,2020-05-03 10:58,微博 weibo.com,,,
4500451490713451,J0bKd2ZBh,6443297559,香港蒂梵YOGA静熙小姐,发布了头条文章：《31岁美女顾问艳压伊万卡，是伊万卡丈夫部下，却与特朗普举止亲昵》O31岁美女顾问艳压伊万卡，是伊万卡丈夫部下，却与特朗普举止亲昵,http://t.cn/A6AMZr6k,,,,0,0,0,2020-05-03 10:58,微博 weibo.com,,,
4500451489326499,J0bKcD8fp,3157810425,警方打开龙,异域绝色美女车模，与经典车激情共舞！~#特朗普称注射消毒液的说法只是讽刺##楼市动态#,,,,"特朗普称注射消毒液的说法只是讽刺,楼市动态",0,0,0,2020-05-03 10:58,iPhone客户端,['http://ww2.sinaimg.cn/large/007hJW5Tly1gc0asndg46j30aw0m841f.jpg'],,
4500436751909417,J0bmr80J3,1360001334,鸡缸杯忽悠了全世界,我在看：【十几个女人毁不了特朗普，一个女人就可能毁掉拜登】#跟新浪看热点#O十几个女人毁不了特朗普，一个女人就可能毁掉拜登,,,,跟新浪看热点,0,1,0,2020-05-03 09:59,新浪新闻客户端,,,
4500436738700883,J0bmpAvuP,5343955843,沧桑的小伙,转发微博,,,,,0,0,0,2020-05-03 09:59,告别不快vivo V3Max,,,4500426650937533
4500436700618235,J0bmm2APx,7324969190,中日新发现-长阳PR,#日本资讯新发现#据日媒，金正恩5月1日出席平安南道顺川一肥料厂的竣工仪式，精神状态不错。这是金正恩时隔三周第一次在公众露面。美国总统特朗普5月2日发推特表示：看到他健康的样子我就放心了。,,,,日本资讯新发现,0,0,0,2020-05-03 09:59,iPhone客户端,['http://ww3.sinaimg.cn/large/007ZIP6mgy1gef0ym3bwxj30hm07bn7m.jpg'],,
4500436680692201,J0bmk2U4x,2729232002,抚州南丰发布,【出现信任危机？仅#23%美国人认为美总统信息可靠#】美联社和美国芝加哥大学民意研究中心所做的最新民调显示，疫情如今在美国不仅是一场公共健康危机，还成为了一场“信任危机”。只有23%的美国人认为总统特朗普是“有关新冠肺炎疫情的‘可靠信息源’”，52%的人只相信本州和本地领导人的话。这份民调显示，关于新冠肺炎疫情，大多数美国人还是相信医疗机构和专家的说法，比如68%的美国人相信美国疾控中心发布的信息。L央视网的微博视频,,,,23%美国人认为美总统信息可靠,0,0,0,2020-05-03 09:59,微博 weibo.com,,"http://locallimit.us.sinaimg.cn/7RDHiKRIlx07CWVO0Kc8010412009Y1Q0E010.mp4?label=mp4_ld&template=640x360.25.0&trans_finger=40a32e8439c5409a63ccf853562a60ef&Expires=1592210030&ssig=MdtPNmpyqm&KID=unistore,video",
4500436633002395,J0bmfcB3J,1882632930,新消息报,【#美国官员指出医疗物资短缺后遭特朗普撤换#】上个月，负责美国卫生与公众服务部监察工作的官员格里发布报告，披露美国数百家医院无法满足新冠病毒检测需求，且“物资严重短缺”。报告发布后，特朗普指示下属“找出这个人”，并断言报告有“政治偏见”。5月1日，特朗普宣布提名新人选接替格里的工作。,,,,美国官员指出医疗物资短缺后遭特朗普撤换,1,0,0,2020-05-03 09:59,iPhone客户端,,,4500426650937533
4500389687251633,J0a8wuqtP,5288553158,张胜军,#美疾控官员承认多项失误致美疫情恶化#听张维为说，si了这么多人纽约州长终于开始反思，原来这真的不是特朗普说的大号#感冒#，由此，会不会引起资本主义政体动摇呢？…#雍容大度我心飞扬#L张胜军的微博视频,,定西,,"美疾控官员承认多项失误致美疫情恶化,感冒,雍容大度我心飞扬",203,88,184,2020-05-03 06:52,曲屏双摄vivo Xplay6,,"http://f.video.weibocdn.com/QM3hyMX4lx07CYbTBDbi01041200Dizs0E010.mp4?label=mp4_ld&template=640x360.25.0&trans_finger=40a32e8439c5409a63ccf853562a60ef&Expires=1592210030&ssig=Dm7yxcCEal&KID=unistore,video",
4500436620726243,J0bme32VB,3842880555,住在长江边上的刘二娃,//@博爱定西:乱的还不够凶，乱到美国解体，特朗普卧床不起那就恰当了//@小益伊生:乱了，乱了，一锅粥了,,,"博爱定西,小益伊生",,0,0,1,2020-05-03 09:59,Android客户端,,,4500389687251633
4500429654382014,J0baZinXE,2803301701,人民日报,【#美疾控中心复盘疫情加速背后的失误#】美国疾病控制和预防中心官网日前发布了该中心首席副主任安妮·舒沙特等人撰写的分析报告，复盘美国新冠疫情发展。报告认为，#4个原因导致美国疫情加速蔓延#：持续的旅客输入、大规模聚会、缺少防护措施促使病毒在高危场所和人口密集区扩散、检测不充分和无症状感染导致病毒在未被察觉的情况下传播。（新华网）O美疾控中心报告分析美新冠疫情加速蔓延背后的失误,,,,"美疾控中心复盘疫情加速背后的失误,4个原因导致美国疫情加速蔓延",905,1497,20924,2020-05-03 09:31,微博 weibo.com,,,
4500436620724906,J0bme32A2,7274321603,温暖的胆机,#4个原因导致美国疫情加速蔓延#这是导致美国疫情“加速”蔓延的四个原因！而导致美国疫情蔓延的根本原因是➡️以特朗普为首的联邦政府的管控不利领导能力治理能力不足造成的！特朗普彭斯蓬佩奥难辞其咎！无良政客害人害己👎必须追责！@美国驻华大使馆,,,美国驻华大使馆,4个原因导致美国疫情加速蔓延,1,0,2,2020-05-03 09:59,Android,,,4500429654382014
4500433021853424,J0bgq7M9W,2720526361,大秦宰相,【#比尔盖茨称美低收入者得不到病毒检测#】美国微软公司创始人比尔·盖茨日前接受访问时称，美国的有钱人可以检测多次，低收入人群可能得不到检测。美国的检测系统没有区分优先级，无法提供准确的情况，检测数据也无法进行比较。LCGTN的微博视频,,,,比尔盖茨称美低收入者得不到病毒检测,10,3,2,2020-05-03 09:45,,,"http://f.video.weibocdn.com/9Vuuca11lx07CXFC16gM010412003R1I0E010.mp4?label=mp4_ld&template=360x640.24.0&trans_finger=81b11b8c5ffb62d33ceb3244bdd17e7b&Expires=1592210004&ssig=NWjpsEhXCI&KID=unistore,video",
4500436616853920,J0bmdsL16,1497991440,游弋沙滩,权贵反复检测占据大量检测数据，这就是特朗普说的比比别国检测的都多,,,,,5,1,5,2020-05-03 09:59,HUAWEI Mate 20 Pro,,,4500433021853424
4500436596350466,J0bmbqE2S,1621051271,赛贫乳,//@无主之剑Masterless_Sword:翻译一下：1.合同的事是真的2.那是前任奥巴马的锅，跟我特朗普有P关系3.我们主张一站两制，但是绝不承诺放弃使用免费阅读4.李文亮的训诫书是个别人员执法不规范，已经给予行政警告处分5.公司不仅是老板我的，更是所有员工的！HR很快会约谈闹事的。总结：让美国再次,,,无主之剑Masterless_Sword,,0,0,2,2020-05-03 09:59,OnePlus 7 Pro,,,4500297751628306
4500436583218075,J0bmadvar,3995853096,老张的蜂言蜂语,大选进入决战【#拜登与希拉里视频会议时睡着了#特朗普：火速转发】5月2日，特朗普转发了一条支持者发布的视频。视频显示，拜登与希拉里正在开视频会议，希拉里一直在说话，拜登却没有动静，拍摄者称拜登睡着了。此前，特朗普曾多次在公共场合称拜登“睡不醒”。L燃新闻的秒拍视频,,,,拜登与希拉里视频会议时睡着了,0,0,0,2020-05-03 09:59,nova4自拍极点全面屏,,"http://miaopai.video.weibocdn.com/wiQH24allx07CYn8CPUQ01041200546Z0E013.mp4?label=mp4_ld&template=640x360.25.0&trans_finger=40a32e8439c5409a63ccf853562a60ef&Expires=1592210030&ssig=NPPXET2RD2&KID=unistore,video",
4500434838328087,J0bjlyWvZ,1442246695,习五一,【#美国官员指出医疗物资短缺后遭特朗普撤换#】上个月，负责美国卫生与公众服务部监察工作的官员格里发布报告，披露美国数百家医院无法满足新冠病毒检测需求，且“物资严重短缺”。报告发布后，特朗普指示下属“找出这个人”，并断言报告有“政治偏见”。5月1日，特朗普宣布提名新人选，接替格里的工作↓L央视新闻的微博视频,,,,美国官员指出医疗物资短缺后遭特朗普撤换,18,23,90,2020-05-03 09:52,iPhone 11,,"http://f.video.weibocdn.com/Tn42Zj3Flx07CYlYSifS01041200d7H00E010.mp4?label=mp4_ld&template=640x360.25.0&trans_finger=40a32e8439c5409a63ccf853562a60ef&Expires=1592210030&ssig=VPTZOjF0yX&KID=unistore,video",
4500436575833971,J0bm9otGj,1062752071,B哥是条正经的咸鱼,本应出现在中国的情况在皿煮大国魔幻上演,,,,,0,0,0,2020-05-03 09:59,Share微博客户端,,,4500434838328087
4500427691511761,J0b7P6lhf,1686546714,环球网,【#美国官员指出医疗物资短缺后遭特朗普撤换#】上个月，负责美国卫生与公众服务部监察工作的官员格里发布报告，披露美国数百家医院无法满足新冠病毒检测需求，且“物资严重短缺”。报告发布后，特朗普指示下属“找出这个人”，并断言报告有“政治偏见”。5月1日，特朗普宣布提名新人选，接替格里的工作↓L央视新闻的微博视频via央视,,,,美国官员指出医疗物资短缺后遭特朗普撤换,198,299,864,2020-05-03 09:23,,,"http://f.video.weibocdn.com/Tn42Zj3Flx07CYlYSifS01041200d7H00E010.mp4?label=mp4_ld&template=640x360.25.0&trans_finger=40a32e8439c5409a63ccf853562a60ef&Expires=1592210030&ssig=VPTZOjF0yX&KID=unistore,video",
4500436567429178,J0bm8vaFs,5301591270,用户5301591270,特朗普可笑,,,,,0,0,0,2020-05-03 09:59,iPhone客户端,,,4500427691511761
4500436563218168,J0bm8dvbW,2722072405,姚非言crystal,#肖战##肖战#肖战你很好，我们很喜欢。你知道喜欢你从什么时候开始吗？就是那个帅的儒雅走路带风的王爷让我觉得你就是古代王爷的模样，那么好看那么优雅那么疼女主。结合现代所有男人的优点啦。陈情令播的时候同事在看天天的，我觉得好奇就后来去看了，结果一看就刷了n多遍。演的特别好，还去看了动漫版的魏无羡，觉得演的好像都。符合原著特别。你每次出席活动特别帅，你的样子长在我的审美上。你走路走的不是路，走的是我的心电图你知道吗？特别是你的三观那么正，感觉和外交官耿爽一样正的不要不要的。越来越了解你的过去你的现在，知道你是价值观三观外貌都特别正的靓仔。你的外貌在你所有优点里比是最不起眼的。你难道没有缺点吗？当然有，太瘦了，但瘦了好看娱乐圈女星都瘦，男星也减肥，这个是规律也不能怪你。你太干净了，娱乐圈复杂是个大染缸，你这么干净你会吃亏你知道吗？捐款不留名，有人向你泼脏水你不发声，其实你以为人都善良，其实不是的，天下人皆为利来，皆为利往。由于你的洁白无瑕，让娱乐圈脏乱差受不了了，因此有了幕后黑手出钱搞你这一幕，黑子拿钱办事，自编自导自演，像传销组织一样自说自话一天，然后通过造谣说假话诋毁来陷害你和你的粉丝，还有写作文写大纲每天不同内容多个平台狙击你和你的粉丝。你放心，无论发生何事爱你的人会一直支持你，不离不弃的支持下去，人家说，你心里承受能力怎么样，三观怎样，我说我们追肖战啊，你是我们的光点，你是银河系的脉冲星那么珍贵。娱乐圈吸毒，出轨，家暴，多人运动，偷税，各种的污点艺人多的是，黑子打着抵制劣质艺人口号狙击你，那么多劣质的放着不管？说白了。就是嫉妒你太好，而幕后黑手又是个扶不上墙的烂泥，所以想拿钱抹黑你，造谣，各种假话，自编自导，反正黑子说啥我们都不信，我们知道他们是一个传销式的邪恶组织。里面因为疫情有很多搞传销的人。所有洗脑对公众他们觉得有用。可是他们错了，他们以为你的粉丝都很小，哪里知道我们基本是成年人，我们有钱可以支持你，我们有正确的三观支持你，他们黑文洗脑，也得看谁的文化高才行，洗的了么？我觉得除非换了脑袋，不然是办不到的，黑子造谣粉丝花钱买歌听，那请问黑子？你们拿钱一块钱几条放黑文章自编自导一天到处抹黑多少钱收了？你们编辑文案撰写题目写作文似的写假文章到出发，20万一次抹黑行动，你出来解释下谁给你的钱呢？你为什么拿钱抹黑肖战呢？别人拿钱做公益，你拿钱抹黑粉丝，自导自演泼脏水，你咋不抵制你自己了？你不是要抵制劣质品吗？那全国人民都比不过你们劣质啊？应该抵制你们自己啊？还有拿钱给你们办事的幕后黑手一起抵制了，难道他拿钱给你们造谣不够劣质吗？那就说明在你们三观里面劣质就是很好的意思，可以这样理解，你们和幕后黑手那么龌蹉影响网络环境到处诽谤别人做坏事，最龌蹉不过你们啦，谁比得过。所以你们的观点就不成立，肖战就是和你们对立的，他拿钱做公益，在全国人民和病毒斗争的时候。而黑子和幕后黑手在污染我们的眼睛毁坏我们的三观，你们是最劣质的了吧。还自己假装报纸发文，真是思路奇葩，所以黑子说的一切全是假的，没有任何真话，和特朗普一样，你们甩锅诬陷就是为了挣黑心钱而已。黑子说抵制肖战不花钱，是啊，黑子不紧不花钱还能赚黑心钱。还好意思腆着脸说，你那不是一张脸，估计是一块钢板吧，黑别人拿黑心钱还好意思说不花钱光挣钱了，做坏事还做出优越感了，不愧和大众有壁，还是绝壁，不能破的那种。不知黑子哪里来的脸说，昧着良心做伤天害理的事，活成了黑子，心思龌蹉，心理阴暗至极还不是报应吗？害人害多了，黑心钱赚多啦。我们喜欢肖战喜欢的光明正大，你们黑肖战躲在键盘后面因为不能见光，可见多黑暗了那还有什么好说呢？你们发的我们不看，一看到就脑袋蹦出来假的，挣黑心钱的传销组织来了，跑的远远的，别污染我们的眼睛，转身就走立刻马上，我们不怕黑子，越有挑战才越好，把他放大了说也当做和日本鬼子进行斗争吧，连日本鬼子都打跑了，还怕几个拿黑心钱办脏事的黑子吗？把自己锻炼更厉害了不是更好吗？心理素质各方面，所以肖战你的后面有千千万万的中国人给你撑腰，连日本鬼子我们都打跑了，难道还怕几个跳梁小丑躲在电脑后面一天自导自演自嗨的白痴呢么？不，我们是正义的，为了我们的三观我们不容许他们嘚瑟，看谁笑到最后。我们爱你肖战谢谢你这么好，原来安脏的娱乐圈还有你，很幸运遇到你喜欢你。肖战你特别特别好，你带给我很多很多正能量，做公益自己都没怎么开始娱乐圈才进来，和别人比你也不是有很多钱，却愿意拿出来帮助别人的，这种品质难能可贵，更别说把利益看的很重的娱乐圈了，我们能回报的就是买你的代言给你打榜给你发正面文覆盖掉黑文，我们人多，几个黑子不睡觉黑文也比不过我们，我们一人一篇正面文章就够他们喝一壶的，新冠全国人民都战胜了，别说几个黑子了，完全没把他们放眼里。👎👎早点把他们弄趴下了，哥哥好早点出来营业，如果真的把哥哥怎样了，我们没有牵制了，那些下场骂过哥哥粉丝的正主一个不放过，还有黑子还击他们百倍千倍。不就是狙代言，丢饼画饼，谩骂，不就是胡编乱造造谣谁还不会呢？憋了这么久谁也别想好过，敢伤害哥哥敢毁我们三观。到时候别怪我们不做人。黑子把头像换成哥哥头像或者哥哥微博头像啦，不要对骂看到不好的文，不给眼神，而且光乎里混进黑子扮的粉，睁大卡姿兰大眼睛辨别，把乱说的文章你发给哥哥的工作室，或者律师事务所都可以，有黑子冒充收集证据的，不要把证据发给其他，就发给哥哥工作室最简单，律师事务所有些人不知道。哥哥再打官司，我们也帮忙收集发的黑文章发给工作室客服那里，工作日室就可以看到，加油，胜利不远了黑子在找黑哥哥的证据，说明哥哥要赢啦，我们一起收集黑文拍下来连微博号文章一起拍下来给工作室，加油虾虾们！,,,,肖战,0,0,0,2020-05-03 09:59,OPPO智能手机,"['http://ww1.sinaimg.cn/large/a23f8755ly1gef13wgr2uj20k0183409.jpg', 'http://ww2.sinaimg.cn/large/a23f8755ly1gef13ws0kcj21400u0q7m.jpg', 'http://ww2.sinaimg.cn/large/a23f8755ly1gef13x4l67j20u019279d.jpg', 'http://ww2.sinaimg.cn/large/a23f8755ly1gef13xew7sj20u0192q6t.jpg', 'http://ww4.sinaimg.cn/large/a23f8755ly1gef13xtk9hj20u01927e0.jpg', 'http://ww1.sinaimg.cn/large/a23f8755ly1gef13y8ytgj20u0191tde.jpg', 'http://ww2.sinaimg.cn/large/a23f8755ly1gef13yv9aej20u0191gq2.jpg', 'http://ww3.sinaimg.cn/large/a23f8755ly1gef13zxywrj20u0192ah0.jpg', 'http://ww2.sinaimg.cn/large/a23f8755ly1gef140bsr2j20u0192wjo.jpg']",,
4500436536898342,J0bm5sWzA,2246440764,大道平淡平安,解决不了问题，就解决提出问题的人。都差不多……,,,,,22,7,17,2020-05-03 09:59,奥马哈的iPhone客户端,,,4500426650937533
4500427565238029,J0b7ClYEl,2150758415,孤烟暮蝉,死了6万多人，就是这种景象，造谣中国死了几千万的，有没有脑子L孤烟暮蝉的微博视频,,,,,178,347,2669,2020-05-03 09:23,HUAWEI Mate 20 Pro,,"http://f.video.weibocdn.com/001lDtPdgx07CYmevReD010412002u8b0E010.mp4?label=mp4_ld&template=360x640.24.0&trans_finger=81b11b8c5ffb62d33ceb3244bdd17e7b&Expires=1592210030&ssig=dXzeNfbcbG&KID=unistore,video",
4500436474088970,J0blZh9J8,6019520354,巷子口的那对狗男女,//@小警之家:特朗普满意度还创新高了，看不懂美国人,,,小警之家,,0,0,0,2020-05-03 09:58,Redmi Note 7 Pro,,,4500427565238029
4500436452700235,J0blXbksb,2722072405,姚非言crystal,#肖战##肖战#肖战你很好，我们很喜欢。你知道喜欢你从什么时候开始吗？就是那个帅的儒雅走路带风的王爷让我觉得你就是古代王爷的模样，那么好看那么优雅那么疼女主。结合现代所有男人的优点啦。陈情令播的时候同事在看天天的，我觉得好奇就后来去看了，结果一看就刷了n多遍。演的特别好，还去看了动漫版的魏无羡，觉得演的好像都。符合原著特别。你每次出席活动特别帅，你的样子长在我的审美上。你走路走的不是路，走的是我的心电图你知道吗？特别是你的三观那么正，感觉和外交官耿爽一样正的不要不要的。越来越了解你的过去你的现在，知道你是价值观三观外貌都特别正的靓仔。你的外貌在你所有优点里比是最不起眼的。你难道没有缺点吗？当然有，太瘦了，但瘦了好看娱乐圈女星都瘦，男星也减肥，这个是规律也不能怪你。你太干净了，娱乐圈复杂是个大染缸，你这么干净你会吃亏你知道吗？捐款不留名，有人向你泼脏水你不发声，其实你以为人都善良，其实不是的，天下人皆为利来，皆为利往。由于你的洁白无瑕，让娱乐圈脏乱差受不了了，因此有了幕后黑手出钱搞你这一幕，黑子拿钱办事，自编自导自演，像传销组织一样自说自话一天，然后通过造谣说假话诋毁来陷害你和你的粉丝，还有写作文写大纲每天不同内容多个平台狙击你和你的粉丝。你放心，无论发生何事爱你的人会一直支持你，不离不弃的支持下去，人家说，你心里承受能力怎么样，三观怎样，我说我们追肖战啊，你是我们的光点，你是银河系的脉冲星那么珍贵。娱乐圈吸毒，出轨，家暴，多人运动，偷税，各种的污点艺人多的是，黑子打着抵制劣质艺人口号狙击你，那么多劣质的放着不管？说白了。就是嫉妒你太好，而幕后黑手又是个扶不上墙的烂泥，所以想拿钱抹黑你，造谣，各种假话，自编自导，反正黑子说啥我们都不信，我们知道他们是一个传销式的邪恶组织。里面因为疫情有很多搞传销的人。所有洗脑对公众他们觉得有用。可是他们错了，他们以为你的粉丝都很小，哪里知道我们基本是成年人，我们有钱可以支持你，我们有正确的三观支持你，他们黑文洗脑，也得看谁的文化高才行，洗的了么？我觉得除非换了脑袋，不然是办不到的，黑子造谣粉丝花钱买歌听，那请问黑子？你们拿钱一块钱几条放黑文章自编自导一天到处抹黑多少钱收了？你们编辑文案撰写题目写作文似的写假文章到出发，20万一次抹黑行动，你出来解释下谁给你的钱呢？你为什么拿钱抹黑肖战呢？别人拿钱做公益，你拿钱抹黑粉丝，自导自演泼脏水，你咋不抵制你自己了？你不是要抵制劣质品吗？那全国人民都比不过你们劣质啊？应该抵制你们自己啊？还有拿钱给你们办事的幕后黑手一起抵制了，难道他拿钱给你们造谣不够劣质吗？那就说明在你们三观里面劣质就是很好的意思，可以这样理解，你们和幕后黑手那么龌蹉影响网络环境到处诽谤别人做坏事，最龌蹉不过你们啦，谁比得过。所以你们的观点就不成立，肖战就是和你们对立的，他拿钱做公益，在全国人民和病毒斗争的时候。而黑子和幕后黑手在污染我们的眼睛毁坏我们的三观，你们是最劣质的了吧。还自己假装报纸发文，真是思路奇葩，所以黑子说的一切全是假的，没有任何真话，和特朗普一样，你们甩锅诬陷就是为了挣黑心钱而已。黑子说抵制肖战不花钱，是啊，黑子不紧不花钱还能赚黑心钱。还好意思腆着脸说，你那不是一张脸，估计是一块钢板吧，黑别人拿黑心钱还好意思说不花钱光挣钱了，做坏事还做出优越感了，不愧和大众有壁，还是绝壁，不能破的那种。不知黑子哪里来的脸说，昧着良心做伤天害理的事，活成了黑子，心思龌蹉，心理阴暗至极还不是报应吗？害人害多了，黑心钱赚多啦。我们喜欢肖战喜欢的光明正大，你们黑肖战躲在键盘后面因为不能见光，可见多黑暗了那还有什么好说呢？你们发的我们不看，一看到就脑袋蹦出来假的，挣黑心钱的传销组织来了，跑的远远的，别污染我们的眼睛，转身就走立刻马上，我们不怕黑子，越有挑战才越好，把他放大了说也当做和日本鬼子进行斗争吧，连日本鬼子都打跑了，还怕几个拿黑心钱办脏事的黑子吗？把自己锻炼更厉害了不是更好吗？心理素质各方面，所以肖战你的后面有千千万万的中国人给你撑腰，连日本鬼子我们都打跑了，难道还怕几个跳梁小丑躲在电脑后面一天自导自演自嗨的白痴呢么？不，我们是正义的，为了我们的三观我们不容许他们嘚瑟，看谁笑到最后。我们爱你肖战谢谢你这么好，原来安脏的娱乐圈还有你，很幸运遇到你喜欢你。肖战你特别特别好，你带给我很多很多正能量，做公益自己都没怎么开始娱乐圈才进来，和别人比你也不是有很多钱，却愿意拿出来帮助别人的，这种品质难能可贵，更别说把利益看的很重的娱乐圈了，我们能回报的就是买你的代言给你打榜给你发正面文覆盖掉黑文，我们人多，几个黑子不睡觉黑文也比不过我们，我们一人一篇正面文章就够他们喝一壶的，新冠全国人民都战胜了，别说几个黑子了，完全没把他们放眼里。👎👎早点把他们弄趴下了，哥哥好早点出来营业，如果真的把哥哥怎样了，我们没有牵制了，那些下场骂过哥哥粉丝的正主一个不放过，还有黑子还击他们百倍千倍。不就是狙代言，丢饼画饼，谩骂，不就是胡编乱造造谣谁还不会呢？憋了这么久谁也别想好过，敢伤害哥哥敢毁我们三观。到时候别怪我们不做人。黑子把头像换成哥哥头像或者哥哥微博头像啦，不要对骂看到不好的文，不给眼神，而且光乎里混进黑子扮的粉，睁大卡姿兰大眼睛辨别，把乱说的文章你发给哥哥的工作室，或者律师事务所都可以，有黑子冒充收集证据的，不要把证据发给其他，就发给哥哥工作室最简单，律师事务所有些人不知道。哥哥再打官司，我们也帮忙收集发的黑文章发给工作室客服那里，工作日室就可以看到，加油，胜利不远了黑子在找黑哥哥的证据，说明哥哥要赢啦，我们一起收集黑文拍下来连微博号文章一起拍下来给工作室，加油虾虾们！,,,,肖战,0,0,0,2020-05-03 09:58,OPPO智能手机,"['http://ww4.sinaimg.cn/large/a23f8755ly1gef13h8yjyj20u0197tf5.jpg', 'http://ww3.sinaimg.cn/large/a23f8755ly1gef13hl6knj211p0migpb.jpg', 'http://ww2.sinaimg.cn/large/a23f8755ly1gef13i8u08j211p0mi42w.jpg', 'http://ww3.sinaimg.cn/large/a23f8755ly1gef13in4c7j211p0miaer.jpg', 'http://ww2.sinaimg.cn/large/a23f8755ly1gef13iztdoj21hc0u043n.jpg', 'http://ww4.sinaimg.cn/large/a23f8755ly1gef13je2f4j21hc0u0jzi.jpg', 'http://ww4.sinaimg.cn/large/a23f8755ly1gef13jqo5sj21hc0u0jyt.jpg', 'http://ww1.sinaimg.cn/large/a23f8755ly1gef13k8ifmj20u01hcn33.jpg', 'http://ww3.sinaimg.cn/large/a23f8755ly1gef13knimbj21hc0u0ag2.jpg']",,
4500435879189251,J0bl1CyxJ,5979269345,清浅旧时光HP,#比尔盖茨称美低收入者得不到病毒检测#比尔盖茨说出美国穷人扎心事实，怒斥特朗普政府为“有钱人服务”。此前比尔盖茨：中国用强有力措施遏制了病毒的传播。再瞧瞧美国是怎么做的，低收入者得不到病毒检测有钱人优先检测。而且并不能在24小时内保证拿到检测结果，这种低效的选择性的抗议方式。也许是导致今天美国以前大爆发的根本原因。#美国新冠肺炎确诊人数超112万#👉👉👉L清浅旧时光HP的微博视频,,,,"比尔盖茨称美低收入者得不到病毒检测,美国新冠肺炎确诊人数超112万",24,13,35,2020-05-03 09:56,iPhone 7 Plus,,"http://f.video.weibocdn.com/001kQjDVgx07CYouXJRS010412003qu80E010.mp4?label=mp4_ld&template=640x360.25.0&trans_finger=40a32e8439c5409a63ccf853562a60ef&Expires=1592210030&ssig=v30%2BTu087z&KID=unistore,video",
4500436454161196,J0blXhsw4,6550561447,蓝色幽默斌,12842,,,,,0,0,0,2020-05-03 09:58,小米8周年旗舰手机,,,4500435879189251
4499820599457307,IFSMXDGhd,2390776643,全球疫情播报,#全球疫情#【被问出访是否会戴口罩特朗普突然改口：我不介意你觉得我该戴吗】当地时间4月30日，美国总统特朗普在记者会上被问到到访亚利桑那州，是否会戴口罩。特朗普回答道：“视情况而定，不介意戴口罩，我应该戴口罩讲话吗？这是政治正确吗？”L海客新闻的秒拍视频@海客新闻,,,海客新闻,全球疫情,145,128,521,2020-05-01 17:11,,,"http://miaopai.video.weibocdn.com/hqZzvIK3lx07CVlf6tRS010412005wnE0E013.mp4?label=mp4_ld&template=640x360.25.0&trans_finger=40a32e8439c5409a63ccf853562a60ef&Expires=1592210030&ssig=Iru%2BpSfVtE&KID=unistore,video",
4500436444963098,J0blWkP7Y,7306115275,喜欢白茶香,转发微博,,,,,0,0,1,2020-05-03 09:58,nova4自拍极点全面屏,,,4499820599457307
4500436437107014,J0blVtORg,5904492800,亭亭伊人在水一方,解决提出问题的人//@洲坑里的狮子:小可爱又急了：Youbadbad,,,洲坑里的狮子,,0,0,0,2020-05-03 09:58,华为手机,,,4500426650937533
4500436423936011,J0blUgvW3,5939109236,军武菌,解决提出问题的人.jpg//@啮花熊:转发微博,,,啮花熊,,24,14,62,2020-05-03 09:58,微博 weibo.com,,,4500427691511761
4500421659742534,J0aY5EStE,1094954164,陶永谊,就在疫情完全没有好转迹象的时候，美国上下却弥漫着一股随时准备就地卧倒的气氛。首先是总统特朗普却如释负重地去戴维营度假，看着他们那“放飞自我”的表情，真不敢相信美国刚刚公布的新增确诊人数还高居3万+的水平，累计确诊人数已经突破110万这一令人恐怖的数字。有不靠谱总统带头，美国有接近一半的州不知死活地开始复工复产，准备拥抱病毒。就连医学专家也准备向病毒投降，美国明尼苏达大学传染病研究中心的一份报告显示，因为新冠病毒有大量无症状感染者，控制新冠病毒比控制流感病毒要困难的多，疫情可能会持续两年的时间，直到全球三分之二的人口均感染病毒。特朗普的不作为和胡作为，并没有影响他在民众中的形象，最新的盖洛普民意调查显示，特朗普的支持率前一次调查的43%，上升到49%，创出新高。现在可以看清，当一个国家衰落时，并不是某些领导人做出了错误选择，而是这个民族的多数人犯了糊涂。,,,,,126,150,607,2020-05-03 09:00,HUAWEI P30 Pro,,,
4498426870273396,IFix1197C,7209866866,焦点微记录,祖国反黑站近距离观看特朗普张口就来，是一种什么感受？看看他们就知道了~#跟新浪看热点##美国总统特朗普##美国大选将于11月3日举行#L焦点微记录的微博视频,,,,"跟新浪看热点,美国总统特朗普,美国大选将于11月3日举行",140,14,439,2020-04-27 20:53,祖国反黑站超话,,"http://f.video.weibocdn.com/sPgs7oU0lx07CPygQuRi01041200zdol0E010.mp4?label=mp4_ld&template=640x360.25.0&trans_finger=40a32e8439c5409a63ccf853562a60ef&Expires=1592210045&ssig=9ibjL3KUCH&KID=unistore,video",
4500421642930098,J0aY4cifE,1756805491,CYnthiacri,转发微博,,,,,0,0,0,2020-05-03 08:59,iPhone,,,4498426870273396
4500193368739005,J051SAFpH,1893801487,微天下,【#特朗普多次称病毒4月会奇迹般消失#结果5月来了......】5月1日，美国《每日秀》节目罗列了特朗普从2月份以来对新冠病毒的预测。他此前一直坚称“新冠病毒会奇迹般消失”。截至目前，据美国约翰斯·霍普金斯大学的统计数据，美国新冠确诊人数累计1104161例，死亡65068人。有网友讽刺：现在看到这个，你还会说是假新闻吗？@海客新闻L海客新闻的秒拍视频,,,海客新闻,特朗普多次称病毒4月会奇迹般消失,87,75,257,2020-05-02 17:52,微博 weibo.com,,"http://miaopai.video.weibocdn.com/uYOVug0Glx07CXcAkrvq01041200b2yM0E013.mp4?label=mp4_ld&template=640x360.25.0&trans_finger=40a32e8439c5409a63ccf853562a60ef&Expires=1592210045&ssig=tA59iswdM1&KID=unistore,video",
4500421580401760,J0aXY1Gw0,5069536216,angelazh1182,瞧一瞧美国🇺🇸道路与模式下输出结果…做一下反向验证与对比☁️☁️☁️,,,,,0,0,0,2020-05-03 08:59,HUAWEI Mate 20 X,,,4500193368739005
4500229158384262,J05XBzb82,3037284894,经济日报,【#特朗普为持枪闯入州议会示威者打CALL#：他们是好人，只是很生气】据CNN报道，当地时间4月30日，数百名示威者在美国密歇根州议会大厦抗议“居家令”，一些抗议者携带有枪支还闯进议会大厦，部分州议员吓得穿上了防弹衣。特朗普5月1日在社交媒体上就此事表示，“这些人非常好，但他们很生气。他们只是希望生活安全地回归。”目前，州长惠特默将该州的居家限制延长到至少5月15日。@时间视频L时间视频的微博视频,,,时间视频,特朗普为持枪闯入州议会示威者打CALL,7,10,19,2020-05-02 20:15,微博 weibo.com,,"http://f.video.weibocdn.com/iJK0mhWElx07CXkSh2kU01041200eJDb0E010.mp4?label=mp4_ld&template=640x360.25.0&trans_finger=bdef57f06ae52835a2c783ca389e8517&Expires=1592210045&ssig=3gkbRfUc8G&KID=unistore,video",
4500421568017954,J0aXWxDPQ,7388255973,星星哨水库,大统领的铁粉,,,,,0,0,0,2020-05-03 08:59,vivo X20全面屏手机,,,4500229158384262
4500421547139553,J0aXUtXk5,7375152531,龙龙阿轲,特朗普风评这么差，为什么他的竞选支持率还是那么高？👉O狐狸小姐:特朗普风评这么差，为什么他的竞选支持率还是那么高？-知乎来源:@知乎,,,知乎,,0,0,1,2020-05-03 08:59,知乎客户端,['http://ww4.sinaimg.cn/large/00837o55gy1geezdxcmusj30tp7ps7wh.jpg'],,
4500421539218164,J0aXTCG44,2046596563,是小秀儿呀哈哈哈哈,特朗普如果从中国出道，一定是长在笑点上的喜剧达人呢,,,,,0,0,0,2020-05-03 08:59,iPhone客户端,,,4500236981383826
4497244541966237,IENM28fvv,1749601265,田薇_TianWei,#薇赴思访#【独家专访马丁·雅克：生死时刻，别让话题大王决定你的命】新冠肺炎考验生死，经济挑战也日渐严重。关键时刻，还是有些声音敢于指出“皇帝的新装”。英国著名学者作家马丁·雅克，可能就是其中一人。独家专访中他表示，美国特朗普政府此前宣布暂停对世界卫生组织@世界卫生组织的资金支持，说明了很多问题：关键时刻，把国家的整体利益和世界抗疫合作放在一边，一味只关注某些群体利益，“甩锅”抗疫责任，这种现实万分危险#美国疫情#雅克认为：美国国内的抗疫工作，联邦层面缺少领导，地方之间缺少协调，这已经威胁到了美国人的健康，有人为此丧命。不仅如此，作为世界第一大经济体、作为对国际合作具有强势影响力的国家，美国明确不支持全球抗疫合作，这一定也是对世界上每个人的健康威胁。LCGTNWorldInsight的秒拍视频,,,世界卫生组织,"薇赴思访,美国疫情",181,50,282,2020-04-24 14:35,iPhone 7 Plus,,"http://miaopai.video.weibocdn.com/cYLfJ0G3lx07CKlIPzsk01041200c7Dm0E013.mp4?label=mp4_ld&template=640x360.25.0&trans_finger=40a32e8439c5409a63ccf853562a60ef&Expires=1592210045&ssig=Uk5WTWeZhX&KID=unistore,video",
4500421480369724,J0aXO1ybi,2129003893,Caesar咚,转发微博,,,,,0,0,0,2020-05-03 08:59,坚果手机 R1,,,4497244541966237
4500421476174336,J0aXNpUe4,5684307217,weibo20151998,⚠️⚠️老夫思考…反华势力…举国之力暗中隐蔽精心设计策划黑名单式监控陷害毒害迫害甚至暗杀…相关领军优秀有影响力潜力发展人员普通老百姓…江山易改本性难移特别注意邪恶国家…小日本……⚠️⚠️台湾省现在也是也会狗急跳墙不择手段的田地+留意韩国…注意⚠️⚠️注意⚠️⚠️……⚠️⚠️病毒+前面医闹事件铺垫挖好坑埋好雷+之前一系列异常负面事件…时间点的连接十分异常反常（不可能自然事件概率…）…反华势力反华汉奸狗团伙组织…可能性很高…但重点…在几乎所有人注意力放在美国的时候…老夫推测无论从人性手法动机等各方面…江山易改本性难移特别注意邪恶国家…小日本…⚠️⚠️+就像之前巴西总统所说的小日本什么都很小……言外之意就是从一定程度上（也是很致命性的）在人种上小日本是很劣势非常自卑无尊严的失败的+无法改变的……thatiswhy……小日本这种劣质自卑无尊严+无法改变的人种是啥事都可以不择手段的（邪恶国家……无法改变的小日本人种的问题的严重心理问题……所以无论是美国还是哪个国家世界肯定一定要有某个国家强力看管压制小日本否则全世界都会遭到恶意破坏……）……+搞笑的是他们还整天谈啥优越感…其实就是心虚掩盖掩饰……有没天赋的差别（多看点NBA……）……⚠️⚠️⚠️⚠️…反华第一号狗……邪恶国家…小日本…小日本虽然很多东西如之前巴西总统所说—很小…不过小日本最近的应对方式不像小日本（这是两个多月前疫情前期阶段的分析……再看看现在的情况……）……反常异常……：苦肉计……：对此病毒知根知底也就是此病毒的源制造者that'swhynot慌……anyway人种人性手法动机……老夫思考需极度严防+最嫌疑国家是……小日本……⚠️⚠️@weibo20151998：⚠️⚠️自然界多年存在很多各种各样的病毒…但正常情况下不会危害到人类的…除非人为恶意制造催化剂条件…老夫只想说…借刀杀人杀人于无形…难道还自造+有印记的刀？！⚠️…那岂不不打自招？！⚠️…特别注意…反华势力人为恶意制造伪造利用关联性+…隐蔽阴险小人…极度戒备邪恶最嫌疑国家…小日本…⚠️⚠️……台湾省现在也是也会狗急跳墙不择手段的田地+留意韩国……注意⚠️⚠️注意⚠️⚠️……+另一个推测…中国然后伊朗然后意大利欧洲…顺序异常反常…心理利用麻痹美国…小日本企图通过利用心理矛盾离间麻痹掩盖（特别是利用特朗普的心理+小日本对其心理充分精心研究分析+小日本人为恶意制造一些假象刺激怂恿特朗普+此机会对于小日本有且仅有的难得一次机会制造混乱必定把握机会不惜进行灭绝人性的行动…）+隐蔽生化攻击…瓦解推翻二战后的世界秩序特别是美国对小日本的强力管制压制……一盘大棋……中俄美欧都应对此极度防备戒备……⚠️⚠️注意⚠️⚠️注意⚠️⚠️,,,weibo20151998,,4,0,0,2020-05-03 08:59,iPhone客户端,,,
4499457888582061,IFJlWA0Al,1959249503,大菲Effy,【特朗普仿妆】每天都很忙到底为啥？今日特别来给大家解析，特朗普每天都在干啥？用到的技术是老年妆容的手法请忽略菲的瘦下巴～卷➕关揪️️个少女送毛戈平招牌粉底膏～#你见过皮肤最好的人##迷惑行为大赏#L大菲Effy的微博视频,,,,"你见过皮肤最好的人,迷惑行为大赏",357,279,663,2020-04-30 17:10,美妆教程 · 视频社区,,"http://f.video.weibocdn.com/l6KpGN1Xlx07CU5C2KAE01041200CZmz0E010.mp4?label=mp4_ld&template=640x360.25.0&trans_finger=bdef57f06ae52835a2c783ca389e8517&Expires=1592210045&ssig=TeURpfIA2V&KID=unistore,video",
4500421446169887,J0aXKpT4j,6459335180,穿大褂儿的可达鸭脖,转发微博,,,,,0,0,0,2020-05-03 08:59,荣耀20青春版,,,4499457888582061
4500421441651596,J0aXK6VEE,5178228927,用户5178228927,《中国官员“叫美国人去死”？胡兆明讽刺特朗普，遭美媒暴力围攻》据环球网4月27日报道，我们中联部发言人胡兆明近日在社交平台发文，借“特朗普建议用消毒剂杀死病毒”的话题，讽刺了美国一些政客多次推卸责任，要求中国为病O网页链接,,,,,0,0,0,2020-05-03 08:59,百度App,['http://ww1.sinaimg.cn/large/005ErjTply1geezdh4vkvj304c02wt8j.jpg'],,
4500421429029689,J0aXIBT29,5091536477,古道西风瘦马_90429,《“要做好最坏打算”！美国疫情或持续两年，特朗普这一愿望恐落空》此视频已有1.1万人围观，快来加入！O网页链接,,,,,0,0,0,2020-05-03 08:59,百度App,['http://ww3.sinaimg.cn/large/005yzze5ly1geezdfpvyrj30hs0a0dgd.jpg'],,
4500421425519650,J0aXIn9UC,6244800555,小益伊生,你狠//@博爱定西:乱的还不够凶，乱到美国解体，特朗普卧床不起那就恰当了//@小益伊生:乱了，乱了，一锅粥了,,,"博爱定西,小益伊生",,0,0,1,2020-05-03 08:59,延时喷剂Android,,,4500389687251633
4498345370112024,IFgpz0t8Q,2032139271,央证公开课,【布拉德皮特模仿福奇，吐槽特朗普奇葩言论】近日#特朗普遭老友喊话醒醒吧#！特朗普在疫情期间有很多奇葩的言论，不仅好友批评他！就连著名电影明星布拉德-皮特也来了一段模仿秀，他扮成福奇医生试图解释特朗普的各种奇葩言论，但到最后发现怎么也解释不通...来源：L美剧头条菌的微博视频,,,,特朗普遭老友喊话醒醒吧,769,178,3305,2020-04-27 15:29,海外综艺 · 视频社区,,"http://f.video.weibocdn.com/5Lyyui6Zlx07CNqg2ty001041200lojV0E010.mp4?label=mp4_ld&template=640x360.25.0&trans_finger=bdef57f06ae52835a2c783ca389e8517&Expires=1592210045&ssig=0pO3wvrTrp&KID=unistore,video",
4500421357480004,J0aXBvnTe,1704649440,囧Vincent,转发微博,,,,,0,0,0,2020-05-03 08:58,Android客户端,,,4498345370112024
4500177568475046,J04CozyKi,1663612603,中国经济网,【美国确诊接近110万特朗普还在自夸：我们挽救了成千上万人的生命】当地时间5月1日，特朗普却在白宫举行的一场表彰仪式上宣称“模型预测美国将有150万到220万人死亡，我们挽救了成千上万人的生命”。截至美国东部时间5月1日12时30分，美国新冠肺炎确诊病例已经超过108万，达到1082411例。死亡病例已超6.3万，达到63127例。L海客新闻的秒拍视频,,,,,15,20,45,2020-05-02 16:50,微博 weibo.com,,"http://miaopai.video.weibocdn.com/fY5g8IpMlx07CWEJzKxa010412006zJg0E013.mp4?label=mp4_ld&template=640x360.25.0&trans_finger=40a32e8439c5409a63ccf853562a60ef&Expires=1592210045&ssig=J1TjAlWhNZ&KID=unistore,video",
4500421341005935,J0aXA4dGL,7441812268,杏眼new灬qclaxb,转发微博,,,,,0,0,0,2020-05-03 08:58,Android客户端,,,4500177568475046
4498652787834296,IFopowS3C,2282822115,涩大师s,美国前总统奥巴马再出山狠批总统特朗普，什么水平？L涩大师s的微博视频,,,,,210,224,2000,2020-04-28 11:51,微博视频,,"http://f.video.weibocdn.com/LunVEoLblx07CQxUS2e401041200svZs0E010.mp4?label=mp4_ld&template=640x360.25.0&trans_finger=40a32e8439c5409a63ccf853562a60ef&Expires=1592210045&ssig=l2yQiNjrwc&KID=unistore,video",
4500421329123339,J0aXyChoD,3761460452,晨coc,转发微博,,,,,0,0,0,2020-05-03 08:58,OPPO Reno Ace,,,4498652787834296
4500411279155084,J0aHlCpEE,5711873637,颓废且积极M,鹿晗#鹿晗创造营2020#这段太搞笑了哦不是那种可爱你知道吧哈哈哈哈哈哈哈哥哥@M鹿M不要这样子哦L颓废且积极M的微博视频,,,M鹿M,鹿晗创造营2020,2,4,5,2020-05-03 08:18,鹿晗超话,,"http://f.video.weibocdn.com/G6qZTqrblx07CYhMXAjm0104120077WH0E010.mp4?label=mp4_ld&template=624x360.25.0&trans_finger=647b8232579b0b23561398fc756ef4ae&Expires=1592210045&ssig=E%2BZrcuTLvy&KID=unistore,video",
4500421320720385,J0aXy31p7,5531811491,Swingsdailyrecord,hzt说英语居然让我想到了我们特朗普哈哈哈哈哈哈哈哈哈哈哈哈哈哈哈哈哈哈哈哈哈哈,,,,,0,0,0,2020-05-03 08:58,微博国际版,,,4500411279155084
4500421319636290,J0aXxEqQ2,3025451360,只爱我自己好了,#美国新冠肺炎确诊人数超112万#这下看特朗普如何收场,,,,美国新冠肺炎确诊人数超112万,0,0,0,2020-05-03 08:58,Android,,,
4500409987935306,J0aFgxikO,2619595577,柠檬白粥,#中美疫情对比视频引海外热议#👆对比都是事实哦特朗普言论翻车现场集锦视频源cr.L欧阳菲儿飞的微博视频,,,,中美疫情对比视频引海外热议,58,78,329,2020-05-03 08:13,nova4自拍极点全面屏,,"http://f.video.weibocdn.com/y49wpYHDlx07CSAiTrII01041200dejV0E010.mp4?label=mp4_ld&template=360x640.24.0&trans_finger=81b11b8c5ffb62d33ceb3244bdd17e7b&Expires=1592210045&ssig=rkDJTS1Qa2&KID=unistore,video",
4500421274906611,J0aXtkAqT,2238756612,微风老战,特朗普：Youarefired！Youarefired！！Youarefired！！！,,,,,0,0,1,2020-05-03 08:58,荣耀10 AI变色更潮美,,,4500409987935306
4500421265242575,J0aXslZPF,1623755533,唯美句集,#美国新冠肺炎确诊人数超112万#全球疫情形势仍然严峻，特别是美国，感染人数已经突破112万人。这样的结果是事先谁也不会想到的，因为美国是当今世界最强大的国家，美国的医疗水平也全球领先。很多病人都愿意在美国接受治疗，明星们生个孩子也要跑去美国。但是，谁能想到到了现在，美国反而显得最为不堪一击，感染者比任何一个国家都要多，甚至欧洲几个感染人数高居不下的国家加起来也不如美国。这实在让人不可想象。但是我们看到了，特朗普政府面对这种情形，并没有发挥出最高权力者应有的能力，使无数美国人仍旧处在水深火热之中。而特朗普们则是加大力度将问题全部抛给外界，似乎他们在他们眼中，美国政府的工作做得非常不错，而问题都出在中国或是其他组织身上。这样应对疫情的态度和言行实在让人难堪。和之前的奥巴马，小布什时期，美国政府应对埃博拉病毒，艾滋病时的状态大相径庭。,,,,美国新冠肺炎确诊人数超112万,0,4,6,2020-05-03 08:58,iPhone 11 Pro,,,
