﻿id,bid,user_id,用户昵称,微博正文,头条文章url,发布位置,艾特用户,话题,转发数,评论数,点赞数,发布时间,发布工具,微博图片url,微博视频url,retweet_id
4499576058731934,IFMqxADzE,1223695612,二月里来川上曰,不会吧，我们很喜欢他呀！每天都可以给我们带来许多的快乐，最重要的就是他领导美国出尽洋相，还给全世界人民带来了快乐《特朗普吹嘘：中国将竭尽所能，使我连任失败》_凤凰网资讯_凤凰网O特朗普吹嘘：中国将竭尽所能，使我连任失败,,,,,0,0,0,2020-05-01 00:59,iPhone 7,,,
4498378765275171,IFhhqm8jp,1699540307,中国之声,【布拉德·皮特扮演福奇带你《走进特朗普》】#布拉德皮特模仿美国传染病专家福奇#皮特身着西装，头戴假发，鼻梁上架着福奇同款眼镜。虽然画面看起来有些戏谑，但谈及的是却是时下美国人最关心的议题。皮特列出几个白宫简报会上的争议言论，用福奇的口吻一一进行驳斥。日前，英国知名主持人、特朗普的好友皮尔斯·摩根（PiersMorgan）也喊话特朗普，“美国人的生命比你的选举更重要……如果你意识不到自己的错误，你就做不对。”目前，特朗普已“取关”了这位老友。#特朗普遭老友喊话醒醒吧#L央视网快看的微博视频,,,,"布拉德皮特模仿美国传染病专家福奇,特朗普遭老友喊话醒醒吧",1157,264,4068,2020-04-27 17:42,,,"http://locallimit.us.sinaimg.cn/XXflu3A3lx07CPhsjeyI01041200jj7w0E010.mp4?label=mp4_ld&template=640x360.25.0&trans_finger=bdef57f06ae52835a2c783ca389e8517&Expires=1592209452&ssig=aU68Zl7NTX&KID=unistore,video",
4499575946449229,IFMqmr3JP,2692066113,大明白大糊涂,转发微博,,,,,0,0,0,2020-05-01 00:59,iPhone客户端,,,4498378765275171
4499575816432626,IFMq9qZq2,2694306393,不知所雲bot,近期应该关心的：1.中美关系的高度紧张，这个和你我都息息相关2.代孕合法化的问题，是个女人都应该站出来抵制3.下一步光腚总菊准备怎么“改善”影视剧4.由大型网络骂战联想到战争、歧视是如何生生不息的存在于人类历史进程里的5.恋童、强奸、骚扰的男性败类都受到了怎样的惩罚，是否真的绳之以法6.辱骂某个明星是否可以得到你想要的东西，假如他真的因为不是自己的错误道歉了，骂方是否就可以得到满足7.你的生活是否可以避免任何领域的资本的操纵近期你没有必要关心的问题：1.谁的脑残粉买了多少张专辑，跟你没有关系，也不会对你的生活有p的影响2.抵制作品，本来你就不会看，何来抵制一说3.音乐大环境受到影响，本来就已经够烂了，多卖几块钱顶多就是有人眼红，你本来没必要听，却自己跑去听，反而让人家多赚，何必呢。关于美国对于中国的态度让我很心忧，人类真的是十年如一日的无可救药，一点就着，永远不会放弃互相嫌弃、怨恨、声讨，永远热爱挑起斗争，永远怕死又作死。就算你再讨厌特朗普，他也依然有很多追随者，你所无法理解的，正是一些人深信不疑的。战争不是用来反抗压迫的，而是用来表达憎恶，排除异己——就这一点而言，中国网友也是一毛一样的。,,,,,0,0,2,2020-05-01 00:58,iPhone客户端,,,
4499575799187899,IFMq7CybV,6997321051,而立烧年,《肉厂超6500员工确诊停产特朗普下令强制开工》O网页链接,,,,,0,0,0,2020-05-01 00:58,百度极速版,['http://ww3.sinaimg.cn/large/007Dy2QXly1geca94x81zj30ic0aaab0.jpg'],,
4499005336033083,IFxA1pjtN,6414242492,恶搞综艺,#特朗普回应美国确诊病例超百万#特朗普搞笑时刻大合集第一波，不愧为“宇宙网红”L特朗普搞笑时刻大合集第一波，不愧为“宇宙网红”,,,,特朗普回应美国确诊病例超百万,780,230,3494,2020-04-29 11:12,YOUKU精选视频,,http://type=feedvideo&objectid=1007002:4499005330096131&keys=4499005332521254&cover_img=https://vthumb.ykimg.com/054101015E9185710F954C9990E98AB7&card_height=231&card_width=412&play_count=546732&short_url=http://t.cn/A6ALMdS6&encode_mode=&bitrate=277&biz_id=231193&current_mid=0&key=tblog_card&title=特朗普搞笑时刻大合集第一波，不愧为“宇宙网红”&full_url=https://v.youku.com/v_show/id_XNDYyNzk0NzgxNg==.html&object_id=1007002:4499005330096131&video_src=https://api.youku.com/videos/player/file?data=WcEl5oEuWdXlOemswTnpneE5nPT18MHwwfDEwMDUwfDAO0O0O,
4499575757156740,IFMq3u1Ni,3895139759,3895139759_441,转发微博,,,,,0,0,0,2020-05-01 00:58,vivo智能手机,,,4499005336033083
4498837005602609,IFtcwnvuF,1686546714,环球网,【美国首席传染病专家福奇：我几乎确定新冠病毒会卷土重来】当地时间4月28日，美国首席传染病专家安东尼·福奇在被问及今年晚些时候是否会有第二波新冠肺炎疫情来袭时，他表示“几乎确定它还会回来。”福奇在参加华盛顿经济俱乐部（EconomicClubofWashington）一场视频会议时表示，“我认为，新冠病毒的回归是不可避免的。”#福奇称几乎确定新冠病毒会卷土重来#福奇称，目前病毒仍在全球扩散，现在已经出现在了撒哈拉以南的非洲地区。“它不会从星球上消失的。”他警告，在第二波疫情来袭时，人们如何应对将决定人们的命运。福奇说，如果应对得当有理由相信局势将会向好，否则人们将不得不面对一个“糟糕的秋天和冬天”。近期，美国多个传染学专家警告称，根据模型及此前包括1918年大流感等疫情的经验，如果新冠肺炎疫情在今年晚些时候出现了第二波，可能会比第一波更加致命。（来源:央视新闻客户端）O美国首席传染病专家福奇：我几乎确定新冠病毒会卷土重来视频via@世面L世面的秒拍视频,,,世面,福奇称几乎确定新冠病毒会卷土重来,2633,3947,92733,2020-04-29 00:03,,,"http://miaopai.video.weibocdn.com/lm20d3vFlx07CRZm512001041200ewmN0E013.mp4?label=mp4_ld&template=640x360.25.0&trans_finger=40a32e8439c5409a63ccf853562a60ef&Expires=1592209452&ssig=gZ7GyvgMDV&KID=unistore,video",
4499575680852659,IFMpW3zOz,5142874256,人间的话bot,“根据模型及此前包括1918年大流感等疫情的经验，如果新冠肺炎疫情在今年晚些时候出现了第二波，可能会比第一波更加致命。”,,,,,0,0,0,2020-05-01 00:58,微博 weibo.com,,,4498837005602609
4499575672455653,IFMpVaiPj,1837859085,天天学习好好好好向上,我好慌啊,,,,,0,0,0,2020-05-01 00:58,三星android智能手机,,,4498837005602609
4499575661213516,IFMpU55GQ,1110840514,咸阳刘某,#凤凰新闻##新浪看点#【特朗普被曝欠中国银行巨额债务中行回应】【文/观察者网齐倩】4月24日，美国政治新闻网“Politico”（欧洲版）发表一篇关于美国总统特朗普与中国间商业往来的报道，指出特朗普欠中国银行数千万美元债务...O特朗普被曝欠中国银行巨额债务中行回应,,,,"凤凰新闻,新浪看点",3,9,6,2020-05-01 00:58,凤凰新闻,['http://ww4.sinaimg.cn/large/423614c2ly1geca5jyr32j20je0awjsj.jpg'],,
4499556887310279,IFLVCuFJJ,6117781467,YouTube热门看世界,特朗普迈出最危险一步LYouTube热门看世界的微博视频,,,,,28,3,24,2020-04-30 23:43,微博视频,,"http://f.video.weibocdn.com/0OK3n1iblx07CUwDqyoo01041203juFp0E020.mp4?label=mp4_ld&template=640x360.25.0&trans_finger=40a32e8439c5409a63ccf853562a60ef&Expires=1592209452&ssig=CNK622fwrt&KID=unistore,video",
4499575627114876,IFMpQtQU4,5389277155,鱼鱼晚儿,我无伤人意，难敌他人杀我心！！,,,,,0,0,0,2020-05-01 00:58,iPhone客户端,,,4499556887310279
4499451375017196,IFJbrl3cw,2390776643,全球疫情播报,#全球疫情##美国疫情#【现场！确诊刚破百万特朗普女婿急忙吹嘘总统防疫工作：伟大而成功】当地时间4月29日，特朗普女婿、白宫高级顾问贾里德·库什纳在接受福克斯采访时表示，联邦政府对冠状病毒爆发的反应是“一个伟大而成功故事”。当被问及美国的冠状病毒检测水平时，他表示“我非常有自信，我们一定能完成所有需要的检测”。他还表示，“五月会是一个过渡，六月会有越来越多的国家开放，到了七月我们的国家一切都会恢复如初”。就在库什纳做出这些“乐观”表态的前一天，美国新冠肺炎确诊病例数刚刚超过100万例。L燃新闻的秒拍视频,,,,"全球疫情,美国疫情",16,36,89,2020-04-30 16:44,,,"http://miaopai.video.weibocdn.com/gWszTVxblx07CU3OygJG010412003S9Z0E013.mp4?label=mp4_ld&template=640x360.25.0&trans_finger=40a32e8439c5409a63ccf853562a60ef&Expires=1592209452&ssig=b9%2FIQoNZXW&KID=unistore,video",
4499575555615153,IFMpJnyKZ,7442214270,用户7442214270,转发微博,,,,,0,0,0,2020-05-01 00:57,小米手机4,,,4499451375017196
4499575551931959,IFMpJ86AD,5697859226,赵宇辰微评,00:51:50俄罗斯总理米舒斯京新冠病毒检测呈阳性。（央视新闻）@俄罗斯驻华大使馆一起在@联合国安理会上责成国际社会一起找美国人报仇！#德特里克堡病毒##特朗普就是美国病毒##支持水深火热中的美军士兵起义，推翻罪恶的资产阶级政权##支持加州独立，建国从今天起##美国肺炎，滚出地球#,,大连·高新园区,"俄罗斯驻华大使馆,联合国","德特里克堡病毒,特朗普就是美国病毒,支持水深火热中的美军士兵起义，推翻罪恶的资产阶级政权,支持加州独立，建国从今天起,美国肺炎，滚出地球",0,0,2,2020-05-01 00:57,华为P9手机摄影再突破,,,
4495834459015126,IEd5HBPfg,5721376081,台湾傻事,特朗普：你对华友好！拜登：你才对华友好！L微丢的微博视频,,,,,110,356,4785,2020-04-20 17:12,微博 weibo.com,,"http://f.video.weibocdn.com/KqZHt8Pilx07CE4gjEHS01041200f0dN0E010.mp4?label=mp4_ld&template=640x360.25.0&trans_finger=40a32e8439c5409a63ccf853562a60ef&Expires=1592209452&ssig=r5fZDHZ3q3&KID=unistore,video",
4499575517488547,IFMpFvq71,6323052961,亓官晚晴,转发微博,,,,,0,0,0,2020-05-01 00:57,前置双摄vivo X9Plus,,,4495834459015126
4499575467331863,IFMpAuLlR,5869457114,加国地产资讯,《悲剧!高管大妈带头领导抗议还没来得及嗨就确诊新冠了...》　　据加西周末综合报道：美国疫情水深火热，特朗普急着解封，州长们忧心忡忡，早就在家坐不住的国民们一呼百应，抗议封城和居家规定的示威游行以燎原之势席卷全美。医学专家发出警告：如此规模的聚众游行，恐O网页链接,,,,,0,0,2,2020-05-01 00:57,iPhone客户端,['http://ww1.sinaimg.cn/large/006pdDV8ly1geca7qx7khj30hs0huwga.jpg'],,
4499562402670456,IFM4wbcHS,1647486362,上帝之鹰_5zn,床破称中国“将竭尽所能”使他无法当选？耿爽：没兴趣L燃新闻的秒拍视频,,,,,38,165,1733,2020-05-01 00:05,微博 weibo.com,,"http://miaopai.video.weibocdn.com/OM8t9WMllx07CUt2xDHG01041200337Y0E013.mp4?label=mp4_ld&template=640x360.25.0&trans_finger=40a32e8439c5409a63ccf853562a60ef&Expires=1592209452&ssig=MP2nR8D6Qz&KID=unistore,video",
4499575408769039,IFMpuANe7,5803444377,ambitiousdonkey,转发微博,,,,,0,0,0,2020-05-01 00:57,荣耀9 美得有声有色,,,4499562402670456
4499575363376590,IFMpqeap8,5020083500,丛林7115,立此存照！方主席跟特朗普一样儿一样儿的……老年选择性痴呆健忘！心底藏魔鬼，执念似飞蛾，不辨黑与白，只争名与利。,,安康,,,0,0,0,2020-05-01 00:57,vivo智能手机,['http://ww2.sinaimg.cn/large/005tJL2Ily1gec9zdelu0j30go09tab6.jpg'],,
4499575316336158,IFMplqAk6,2696520831,卡门-只问耕耘,转发微博,,,,,0,0,0,2020-05-01 00:56,HUAWEI P20,,,4498378765275171
4499809614824831,IFSvfkf9R,3553342022,王义桅,【PBS纪录片《美国大分裂：从奥巴马到特朗普》】2020开年史诗大片，通过追溯分析2008-2020这12年间，从奥巴马到特朗普时期的美国两党政斗，揭示出走到如今这一步的必然性。全片分上下两集，上集讲述奥巴马的8年任期及特朗普的崛起，下集讲述特朗普如何利用并加深国家的分歧。（译制:水山水山水山）上集：L水山水山水山的微博视频下集：L水山水山水山的微博视频,,北京,,,2461,118,1014,2020-05-01 16:27,HUAWEI Mate 10 Pro,,"http://f.video.weibocdn.com/000W6rzElx07AFhdAm8U0104120fJa7C0E060.mp4?label=mp4_ld&template=640x360.25.0&trans_finger=bdef57f06ae52835a2c783ca389e8517&Expires=1592209466&ssig=fEobkEq0E%2F&KID=unistore,video",
4499923339245361,IFVsFCN8J,2017997997,你看起来好香很好吃,mk,,,,,0,0,0,2020-05-01 23:59,HUAWEI P20 Pro,,,4499809614824831
4496184968659437,IEmd2AkIl,7429997104,历史调研室,特朗普是怎么当上美国总统的？懂王的前半生【历史调研室05】L历史调研室的微博视频,,,,,2085,865,6306,2020-04-21 16:24,历史 · 视频社区,,"http://f.video.weibocdn.com/beIb0Zk2lx07CFGtSePe01041200W60g0E010.mp4?label=mp4_ld&template=640x360.25.0&trans_finger=bdef57f06ae52835a2c783ca389e8517&Expires=1592209466&ssig=wO14YwoGvt&KID=unistore,video",
4499923334722682,IFVsFjOAi,1863697472,抹茶亮色,转发微博,,,,,0,0,0,2020-05-01 23:59,iPhone客户端,,,4496184968659437
4499860369220570,IFTP6CGGS,2711993713,龙润焦家良,【美国确诊人数超106万！特朗普表态美国不能战胜新冠肺炎因太多人去世】美国总统特朗普4月30日表示，鉴于太多人死于新冠肺炎，美国永远不能宣布彻底战胜了新冠病毒。但当病毒消失、经济全面重启之后，他认为那算是一场胜利。据美国约翰·霍普金斯大学发布的疫情数据显示，截至北京时间5月1日6时30分左右，美国累计确诊1067061例，死亡62860例。L燃新闻的秒拍视频,,,,,23,5,15,2020-05-01 19:49,,,"http://miaopai.video.weibocdn.com/aXXpMdpTlx07CVqTGoVW010412005BwO0E013.mp4?label=mp4_ld&template=640x360.25.0&trans_finger=40a32e8439c5409a63ccf853562a60ef&Expires=1592209466&ssig=VySLvo2Gfg&KID=unistore,video",
4499923334531945,IFVsFj0XT,6879048699,夏至小伙伴,转发微博,,,,,0,0,0,2020-05-01 23:59,nova6 5G自拍大不一样,,,4499860369220570
4499517262607931,IFKTIaWrp,1739998361,刘欣在北京,【#焦雅辉想对特朗普说的话#】【#焦雅辉说质疑中国是一些“两面人”政治上的需要#】如果你现在面对特朗普，你会跟他说什么？国家卫健委医政医管局监察专员焦雅辉告诉我，让政客理解医学是很难的，国际上对中国的质疑和不信任，只不过是一些“两面人”政治上的需要罢了；从实际情况来看，很多国家都希望和中国交流，请求中国专家去帮忙，信任中国的声音还是主流。@CGTN_thePoint#武汉“欣”声##全球战疫总动员#L刘欣在北京的微博视频,,,CGTN_thePoint," 焦雅辉想对特朗普说的话,焦雅辉说质疑中国是一些“两面人”政治上的需要,武汉“欣”声,全球战疫总动员",98,0,363,2020-04-30 21:06,微博 weibo.com,,"http://f.video.weibocdn.com/c3XLCNzLlx07CUlPkud201041200iGpq0E010.mp4?label=mp4_ld&template=640x360.25.0&trans_finger=bdef57f06ae52835a2c783ca389e8517&Expires=1592209466&ssig=7Z9N50JHGG&KID=unistore,video",
4499923275657836,IFVsznJRq,2043593283,crystalxj小老虎精,挺佩服焦雅辉的,,,,,0,1,3,2020-05-01 23:59,iPhone客户端,,,4499517262607931
4499923271300288,IFVsz5sgo,5816812305,旅途No-3,中国一休市全球市场大跌，这很明显说明中国市场的吸引力正在逐步加强。特朗普都开始担心美国养老基金投资中国的事了，你说这能不是利好，疫情结束再引领全球市场来个反弹，逐步的资本就得交投名状了。但是我们的结构还没调整，资本只会加剧结构的错位，要想两个一百年，风控必须做的要好啊。,,,,,0,0,1,2020-05-01 23:59,HUAWEI P20 Pro,,,
4497364968170087,IEQUgyhpB,2811244260,眉中王,这是4月20日的短视频，发生在特朗普新闻发布会之前。美国福克斯新闻主持约翰.罗伯茨说:你可以摘下口罩了，USC说病死率只有0.1-0.3%之间。福克斯新闻的一名技工说:真的？这的确让人放心，不过这里的每个人都已接种了疫苗。难怪特朗普多次拥抱患者，新冠测试却总是阴性，为什么不拯救那些垂死的美国人民？L眉中王的微博视频,,,,,1222,206,981,2020-04-24 22:33,HUAWEI Mate 8,,"http://f.video.weibocdn.com/i31gGe9nlx07CKSuuVPG01041200cwzi0E010.mp4?label=mp4_ld&template=640x360.25.0&trans_finger=40a32e8439c5409a63ccf853562a60ef&Expires=1592209466&ssig=W2ymjSZZ03&KID=unistore,video",
4499923246950542,IFVswta9w,1825938771,唐棣海歌,嗯//@赤马于归://@眉中王:美国疫情爆发之初，特朗普坚持说，没有人比他更了解病毒，新冠肺炎不可怕，疫情很快就会消失，特效药马上制作出来，等等，显得对病毒异常轻视。当时，全世界都感到奇怪，他哪来的自信？现在疑问迎刃而解了。,,,"赤马于归,眉中王",,0,0,0,2020-05-01 23:59,荣耀 9X,,,4497364968170087
4498723801315299,IFqfW5wav,1967795354,胭脂泪叹,【中英字幕】崔娃剖析特朗普「消毒剂门」TheDailySocialDistancingShowwithTrevorNoah崔娃#崔娃##宅家每日秀##新型冠状病毒##海外抗疫日记##海外综艺安利##视频创作计划##爱豆安利大赏#在第二十四期《宅家每日秀》中，崔娃剖析了一下特朗普注射消毒剂消灭新冠病毒的言论。他的愚蠢言论不出意外引起了严重的反响，迫使他的医生团队为他救火和辩护，特朗普却企图以那是讽刺问题这一表态蒙混过关，这一说法自然是经不起推敲的。L胭脂泪叹的微博视频,,,,"崔娃,宅家每日秀,新型冠状病毒,海外抗疫日记,海外综艺安利,视频创作计划,爱豆安利大赏",423,90,596,2020-04-28 16:33,海外综艺 · 视频社区,,"http://f.video.weibocdn.com/LylOdjZclx07CSz2RoVy01041200V7MA0E010.mp4?label=mp4_ld&template=640x360.25.0&trans_finger=bdef57f06ae52835a2c783ca389e8517&Expires=1592209466&ssig=orG7OmZOVQ&KID=unistore,video",
4499923221934018,IFVsu877Q,5513099265,壮志骄阳_68145,转发微博,,,,,0,0,0,2020-05-01 23:59,nova 5i Pro,,,4498723801315299
4499923125197202,IFVsklO1Q,6455054559,潦草的名,转发微博,,,,,0,0,0,2020-05-01 23:59,微博小程序,,,4499005336033083
4499923067149541,IFVsetZVb,5645756008,价值投资日志,白岩松采访《柳叶刀》主编理查德.霍顿，最后一个问题很有意思。白岩松：你现在隔离吗？理查德•霍顿：非常感谢大家的关心，我也在自我隔离中，从3月底到现在，一直自我隔离中。可能再接下来的三到五周，还要继续自我隔离。隔离不但没有疏远人和人之间的距离，反而我们更加努力的去理解彼此，用善意对待人，也比疫情更珍视彼此了。此外，霍顿对英国首相的态度转变称赞有加，英国首相约翰逊在确诊前，说了一些类似群体免疫等对新冠病毒无知又轻视的话。等到确诊康复复工后，经历了一场生死之后的约翰逊，在4月30日复工演说中，表态非常得体，说中要害之处。约翰逊可比特朗普聪明不知多少倍！在#美国新冠肺炎确诊超106万例#之际，对于#新型冠状病毒#的全球医治，霍顿更希望是共同抗疫，而不是把其和政治挂钩，一些国家的做法，将会把防控新冠病毒带到歧路:一种是互相合作，另一种是各自为战，显然，后一种是很危险的!,,,,"美国新冠肺炎确诊超106万例,新型冠状病毒",68,18,146,2020-05-01 23:58,iPhone X,['http://ww2.sinaimg.cn/large/006a512Mly1gede4v93pej30qo0h7tdw.jpg'],,
4499426112778771,IFIwHbEST,3489180012,佳肴菜,纪录片《特朗普的美国梦》朋友、同事和评论家们揭示了唐纳德·特朗普背后的真实美国故事，讲述了这名鲁莽的商人排除万难当选美国总统的历程。#特朗普称不会推迟美国大选#O网页链接,,,,特朗普称不会推迟美国大选,34,2,26,2020-04-30 15:04,微博视频,,,
4499923028321748,IFVsayURK,1768751225,Trust-de-Process,转发微博,,,,,0,0,0,2020-05-01 23:58,微博搜索,,,4499426112778771
4499923012159216,IFVs993I4,2710754267,知音汉阳,【#美国家情报局称新冠病毒非人造#特朗普还在卖力炒作】#关注新冠肺炎#当地时间4月30日，美国国家情报局局长办公室在官方网站上发布声明称，情报界同意科学界的广泛共识，即新冠病毒不是人造的，也未经过基因改造。但在稍晚时候的白宫，特朗普却依旧坚持对外宣称，他有证据认为新冠病毒与中国武汉的实验室有关。L中新视频的秒拍视频@中新视频,,,中新视频,"美国家情报局称新冠病毒非人造,关注新冠肺炎",1,0,0,2020-05-01 23:58,HUAWEI Mate 8,,"http://miaopai.video.weibocdn.com/Vnqk2Lx7lx07CVR2b6JG010412003EGH0E013.mp4?label=mp4_ld&template=640x360.25.0&trans_finger=40a32e8439c5409a63ccf853562a60ef&Expires=1592209466&ssig=tJomP0wr1%2B&KID=unistore,video",
4499919862218760,IFVn49jcs,1656831930,环球资讯广播,【#特朗普成疫苗队长#信心满满】美国总统特朗普4月30日在白宫办公室对记者们表示，美国计划加快研发新冠病毒疫苗，而他会全权负责这个项目。“竭尽所能，不遗余力。”特朗普说，“我希望我们能研制出一种疫苗，我们将以你们从未见过速度研发。”在记者问到谁在负责时，特朗普回答说：“你知道是谁在负责它吗？老实说是我。”尽管特朗普对自己全权负责疫苗研发似乎信心满满，但是鉴于特朗普此前围绕新冠肺炎的一系列惊人言行，一些美国网友表示怀疑和担心。有网友表示：“特朗普是我最不希望来负责疫苗的人，特别是考虑到他上周关于注射（消毒剂）的言论。”L环球资讯广播的微博视频,,,,特朗普成疫苗队长,66,75,186,2020-05-01 23:46,搜狗高速浏览器,,"http://f.video.weibocdn.com/Woqpg5VJlx07CW7Gyj3q010412007r8O0E010.mp4?label=mp4_ld&template=640x360.25.0&trans_finger=40a32e8439c5409a63ccf853562a60ef&Expires=1592209466&ssig=mt4%2F%2BKIB8Z&KID=unistore,video",
4499922979071068,IFVs5C3Ny,1306086500,知足VS常乐日志,#美国总统特朗普#成疫苗队长，自己信心满满，而自己的城民却心存疑虑！,,,,美国总统特朗普,0,0,0,2020-05-01 23:58,红米Note7 4800万相机,,,4499919862218760
4499112039176065,IFAm7Cv73,2656274875,央视新闻,【#网友评特朗普翻车第一名#】网友：别再甩锅了，抓紧给国民治病吧！L央视新闻的微博视频,,,,网友评特朗普翻车第一名,5467,3964,35786,2020-04-29 18:16,微博云剪,,"http://f.video.weibocdn.com/E8I7d6dzlx07CSzfbojm01041200bYmz0E010.mp4?label=mp4_ld&template=360x640.24.0&trans_finger=81b11b8c5ffb62d33ceb3244bdd17e7b&Expires=1592209466&ssig=QvocUa2paK&KID=unistore,video",
4499922974569703,IFVs5jaMT,5502490602,厦门国加会计学院,这就是民主选出来的总统？是个什么玩意儿？,,,,,0,0,1,2020-05-01 23:58,realme X全屏敢越级,,,4499112039176065
4499922903343603,IFVrYe1P5,1298655537,开山通海,『5.1全球头条-特朗普威胁对华采取新一轮贸易制裁丨“一带一路”参与国请求中国减免债务』O5.1全球头条-特朗普威胁对华采取新一轮贸易制裁丨“一带一路”参与国请求中国减免债务,,,,,0,0,1,2020-05-01 23:58,HUAWEI Mate 9,,,
4498634471083066,IFnVR4xKO,1617469411,叶超然,纪录片《特朗普的美国梦》朋友、同事和评论家们揭示了唐纳德·特朗普背后的真实美国故事，讲述了这名鲁莽的商人排除万难当选美国总统的历程。#特朗普称不会推迟美国大选#L叶超然的微博视频,,,,特朗普称不会推迟美国大选,19,1,15,2020-04-28 10:38,,,"http://f.video.weibocdn.com/KathELRXlx07CQsUYfrq010412071Cu40E030.mp4?label=mp4_ld&template=640x360.25.0&trans_finger=40a32e8439c5409a63ccf853562a60ef&Expires=1592209466&ssig=ERt7V%2BPu2%2F&KID=unistore,video",
4499922895194246,IFVrXlNga,1768751225,Trust-de-Process,转发微博,,,,,1,0,0,2020-05-01 23:58,微博搜索,,,4498634471083066
4499820599457307,IFSMXDGhd,2390776643,全球疫情播报,#全球疫情#【被问出访是否会戴口罩特朗普突然改口：我不介意你觉得我该戴吗】当地时间4月30日，美国总统特朗普在记者会上被问到到访亚利桑那州，是否会戴口罩。特朗普回答道：“视情况而定，不介意戴口罩，我应该戴口罩讲话吗？这是政治正确吗？”L海客新闻的秒拍视频@海客新闻,,,海客新闻,全球疫情,145,128,521,2020-05-01 17:11,,,"http://miaopai.video.weibocdn.com/hqZzvIK3lx07CVlf6tRS010412005wnE0E013.mp4?label=mp4_ld&template=640x360.25.0&trans_finger=40a32e8439c5409a63ccf853562a60ef&Expires=1592209466&ssig=8mSOxdPMjZ&KID=unistore,video",
4499922818550660,IFVrPzSpS,1997588760,cherry_925,还是戴口罩吧,,,,,0,1,0,2020-05-01 23:57,iPad mini4,,,4499820599457307
4489402883887011,IBvMcgjbJ,5864762968,七秒鱼啊哈,#钟南山担心一些国家控制不了疫情##新冠是人类第一个冠状病毒大流行##美国疫情##崔娃吐槽合集##崔娃脱口秀#崔娃每日秀0331特朗普又翻车了L七秒鱼啊哈的微博视频,,,,"钟南山担心一些国家控制不了疫情,新冠是人类第一个冠状病毒大流行,美国疫情,崔娃吐槽合集,崔娃脱口秀",84,8,224,2020-04-02 23:15,海外综艺 · 视频社区,,"http://f.video.weibocdn.com/NceAESIFlx07CbPKqP2w01041201jXOq0E010.mp4?label=mp4_ld&template=640x360.25.0&trans_finger=bdef57f06ae52835a2c783ca389e8517&Expires=1592209476&ssig=%2BBaB85JjmA&KID=unistore,video",
4499908272613648,IFV4naXVC,2177655363,若I愚,转发微博,,,,,0,0,0,2020-05-01 22:59,iPhone客户端,,,4489402883887011
4499863591760881,IFTUj7o5j,1196025074,黎明有福,连续4天，蓬佩奥被点名批评，人类公敌美国入侵这么多国家，央视也只称美国为侵略者，霸权主义等等既然是人类公敌，肯定实施非常恶劣的计划今天出来了，特朗普把病毒和武汉实验室关联如果罪名坐实，全世界华人都要背负灭绝人类的罪名怪不得这次这么生气！#美国史上最差国务卿到底有多差#L黎明有福的微博视频,,,,美国史上最差国务卿到底有多差,301,1331,14347,2020-05-01 20:02,Share微博客户端,,"http://f.video.weibocdn.com/002nGfScgx07CVSkDAh1010412008n370E010.mp4?label=mp4_ld&template=360x620.24.0&trans_finger=81b11b8c5ffb62d33ceb3244bdd17e7b&Expires=1592209476&ssig=4cCgywqnQu&KID=unistore,video",
4499908257089580,IFV4ltKk4,1931545500,zhzhilin,//@小七200009:感觉还能再评论区看见舔美国的，实事求是的说，如果一个公众人物像特朗普一样，和我们说，吃药，注射消毒液，早就被喷死了吧，怎么美国特朗普一说，还有人给洗白，，，是无脑吗,,,小七200009,,0,0,0,2020-05-01 22:59,真我X50 5G青年旗舰,,,4499863591760881
4499908235323795,IFV4jmkXF,3059282287,香港经济导报,【全球累計確診逾325萬俄總理新冠病毒檢測呈陽性】美國約翰斯·霍普金斯大學发布的實時統計數據顯示，截至香港時間5月1日9時30分左右，全球累計確診新冠肺炎病例3256570例，累計死亡233363例。累計確診國家和地區數量達187個。全球新冠肺炎疫情持續蔓延，各國經濟都不同程度受到疫情影響，美媒稱美國經濟呈十年來最差表現;由于疫情造成的經濟影響，意大利主權信用遭惠譽國際信用評級有限公司“降級”;伊朗基本食品受疫情影響價格飛漲;德國政府預計今年經濟萎縮6.3%;法國一季度國內生產總值下降5.8%，創近71年最低。美國累計確診逾106萬例特朗普稱不會延長執行抗疫準則據美國約翰斯·霍普金斯大學发布的疫情數據顯示，截至香港時間5月1日9時30分左右，美國累計確診1069534例，死亡63001例。數據統計，自4月1日以來，美國新冠肺炎死亡率持續攀升，至香港時間5月1日6時30分左右，美國新冠肺炎死亡率已升至5.89%。美國總統特朗普當日在白宮表示，在本月30日“延緩新冠肺炎疫情準則”到期後，將不會再延長執行該準則。特朗普在白宮會見路易斯安那州州長時說，“延緩新冠肺炎疫情準則”在本周到期後將不會再延長，“現在是各州州長自己決定的時候”。特朗普還稱，他計劃下周安排去亞利桑那州視察，“是時候可以恢復旅行了，希望在不久後可以舉行大型集會，民眾可以緊挨着而不是保持社交距離。”3月16日，特朗普發布了“延緩新冠疫情抗疫準則”。4月1日，該準則被宣布延長30天執行。準則內容包括要求民眾保持2英尺“社交距離”、居家辦公、禁止聚眾超過10人等，以控制疫情擴散。美國副總統彭斯近日表示，該準則已被新的“重啟經濟指導方針”取代，各州可根據本州情況逐步放鬆限制。特朗普的女婿兼高級顧問庫什納說，5月將是美國經濟“過渡月”，6月美國大部分地區將恢復正常，7月整個國家將“非常好”。繼多州陸續發布重啟經濟計劃後，疫情“重災區”紐約、新澤西、加州當日也公布了重啟經濟計劃。另外，美國商務部4月29日公布數據顯示，美國2020年一季度GDP大幅萎縮4.8%。美國《紐約時報》29日刊文稱，這是自2014年以來的首次下降，也是自2008年以來最嚴重的季度收縮，美國經濟正處于深度衰退之中。意大利累計確診205463例意大利主權信用遭“降級”意大利民事保護部門當地時間4月30日公布的數據顯示，該國24小時內新增1872例新冠肺炎確診病例，累計確診205463例;新增死亡285例，累計死亡27967例，累計治愈75945例。法新社報道稱，惠譽國際信用評級有限公司當地時間4月28日表示，鑒于新冠肺炎大流行造成的經濟影響，它將意大利的信用評級下調至BBB-級。意大利政府曾預計該國國內生產總值(GDP)今年將下降8%，並采取了一系列刺激措施。惠譽在一份聲明中說：“此次降級反映出，新冠肺炎在全球大流行對意大利經濟和該國財政狀況產生了重大影響。”意大利財政部回應說：“意大利經濟和公共財政的基本面是穩固的。”財政部在一份聲明中說：“其他評級機構持更加謹慎的態度。”西班牙累計確診213435例衛生部稱50%以上確診患者已康复據西班牙《世界報》30日報道，該國衛生部當天通報稱，過去24小時，該國新增1309例通過聚合酶鏈式反應(PCR)檢測確診的新冠肺炎病例，累計確診213435例，新增死亡病例268例，為最近六周以來最低，累計死亡達24543例。另外累計112050人康复。西班牙衛生大臣薩爾瓦多·伊利亞29日在新聞发布會上表示，目前西班牙有50%以上的確診患者都已經康复，西班牙已經渡過了疫情高峰階段，並在向限制性措施降級的准備階段发展。此前西班牙首相桑切斯在28日宣布，西班牙內閣會議通過了一份有關疫情限制性措施的降級方案，將分4個階段逐步放寬對社會生活各方面的限制。整個方案包括4個階段，每個階段至少持續兩周，預計全國最早能在6月底前恢复比較正常的狀態。伊朗累計確診94640例基本食品受疫情影響價格飛漲據伊朗媒體報道，伊朗衛生部30日通報稱，該國新增983例新冠肺炎確診病例，累計確診94640例;新增死亡71例，累計死亡6028例。伊朗《經貿新聞》4月27日報道，伊朗統計中心发布了城市地區1399年1月(2020.3.20-4.19)基本食品通脹情況報告，本月也被認定為受疫情影響的第二個月。根據報告，在總共24種基本食品中，有21種價格出現了上漲。其中，以番茄、馬鈴薯和小扁豆漲幅最高，環比分別上漲35.3%、23.6%和19.5%。，只有雞肉、番茄醬和黃油的價格出現小幅下降。此外，橙子因富含維生素C有益于抵抗病毒，在近三個月內價格上漲了46%。德國累計確診162530例政府預計今年經濟萎縮6.3%根據約翰斯·霍普金斯實時數據，截至北京時間5月1日6時30分左右，德國累計確診162530例新冠肺炎確診病例，累計死亡6572例。德國聯邦經濟和能源部29日发布的春季經濟預測報告顯示，受新冠疫情影響，德國經濟今年預計萎縮6.3%。報告說，在德國及全球新冠病毒感染人數不再急劇攀升、經濟活動在5月和6月逐步恢复的前提下，預計德國經濟2021年將增長5.2%，2022年年初將恢复至疫情暴发前水平。經濟和能源部長彼得·阿爾特邁爾在當天舉行的新聞发布會上表示，今年德國經濟面臨自1949年德意志聯邦共和國成立以來的“最糟糕衰退”。德國出口導向型經濟目前正受到“國內外劇烈沖擊”，勞動力市場“處于重壓之下”。法國累計確診129581例一季度國內生產總值創近71年最低法國衛生總署4月30日通報稱，法國新冠肺炎確診病例增至129581例，24小時內新增1139例;新增死亡289例，累計死亡24376例。30日，法國國家統計局公布數據顯示，法國一季度國內生產總值下降5.8%，是自1949年以來的最低值，再加上法國19年第四季度出現了0.1%的下降，法國媒體認為這也意味着法國正式陷入衰退當中。5.8%的下降也遠遠的高于2009年金融危機期間1.6%的下降。而主要的原因是疫情引起的禁足措施嚴重打擊了法國經濟。英國累計確診171253例三分之一住院患者死亡據英國衛生部門當地時間4月30日发布的數據，英國新冠肺炎單日新增6032例，累計確診171253例，累計死亡26771例。英國天空新聞報道稱，英國的死亡病例數已經上升至歐洲第二高。英國冠狀病毒臨床特征協會日前展開的一項研究顯示，英國住院的新冠肺炎患者中有三分之一死亡。其中，有癡呆、肥胖這些潛在健康問題的人死亡風險最高。在重症監護病房或高依賴病房，死亡率為45%，而在那些接受了有創通氣的患者，死亡率則上升到53%。據悉，英國17%的入院患者需要重症監護，這一比例要高于意大利的比例。土耳其累計確診120204例7千多名醫護人員確診新冠肺炎當地時間4月30日晚，土耳其衛生部網站更新的數據顯示，該國新增新冠肺炎確診病例2615例，累計120204例;新增死亡病例93例，累計死亡3174例。土耳其衛生部長科賈29日在新聞发布會上表示，土耳其共有7428名醫護人員感染新冠肺炎，佔全國確診病例的6.5%。科賈說，土耳其新冠肺炎死亡率是2.8%，在歐洲是最低的，在世界上排第80位。重症監護患者死亡率從58%降低到了10%。插管患者死亡率從74%降低到了14%。他表示取得這樣的抗疫成果原因有三：8300萬人遵守了防疫規定、追蹤確診患者的密切接觸者以及病患的及早治療。日本國內累計確診14305例日本緊急狀態或延長一個月據NHK電視台統計，截至當地時間4月30日10時30分(香港時間9時30分)，日本24小時內新增新冠確診病例224例，累計確診14119例;新增死亡病例22例，累計死亡435例。由於疫情沒有得到顯著控制，日本政府考慮將緊急狀態延長約一個月。截至4月29日，日本新增檢測人數3709人，累計檢測人數約16.4萬人。4月20日至26日日本共檢測約5.2萬份，日均不到8000份。日本內閣官房長官菅義偉4月28日表示，目前日本每天檢測能力達到1.5萬份，將進一步採取措施爭取提升到每天2萬份。日本緊急狀態將在5月6日到期，但日本首相安倍晉三認為目前疫情形勢依然嚴峻，難以全面解除緊急狀態。NHK電視台等報道稱，日本政府有意將全國緊急狀態延長一個月左右。由47個都道府縣知事組成的日本知事會4月29日舉行視頻會議，東京都知事小池百合子等呼籲延長國家緊急狀態。韓本土病例首現零增長韓國疾病管理本部4月30日發布的新冠疫情最新統計數據顯示，當地時間29日零時至30日零時，韓國新增4例確診病例，全部為海外輸入病例。這是自2月18日大邱市出現第31名確診患者以來韓國本土首次實現感染病例零增長，也是自2月18日以來單日新增病例數最少的一天。韓國中央事故處理本部防疫部門負責人尹泰皓30日在記者會上介紹說，新增病例下降趨勢明顯，截至目前，未出現國會選舉期間的感染病例。但他稱，仍有集體感染爆發風險，將持續補充防疫物資等。韓國自30日起迎來佛誕節、勞動節小長假。尹泰皓提示，旅行要遵守防疫政策，勿前往人流密集的室內場所。俄羅斯累計確診106498例俄總理新冠病毒檢測呈陽性普京任命代理總理據俄羅斯《莫斯科時報》4月30日報道，俄羅斯總理米舒斯京當天在和總統普京的視頻連線中表示，他接受了新冠病毒核酸檢測，結果為陽性。報道稱，米舒斯京今年54歲，從今年1月起擔任俄羅斯總理，是俄羅斯抗疫工作的主要負責人。他目前正在進行自我隔離，暫時不履行總理職務。普京已經簽署了一項法令，任命第一副總理別洛索夫暫時接替米舒斯京。另據俄羅斯新冠病毒防疫官網30日最新數據顯示，俄羅斯過去24小時內新增7099例新冠肺炎確診病例，累計確診逾10萬例，達106498例;新增死亡病例101例，累計達1073例。至此，俄羅斯成為全球第八個確診病例數超10萬的國家，其他7個國家為美國、西班牙、意大利、法國、德國、英國和土耳其。荷蘭累計確診39316例首相呼籲民眾保持警惕當地時間4月30日下午，荷蘭衛生部門最新通報，在過去24小時內，荷蘭境內新增確診新冠肺炎病例514例，累計確診病例39316例;新增死亡病例84例，累計報告死亡病例4795例;自疫情開始以來，共有10769名患者住院接受治療。針對荷蘭民眾近日涌上街頭的現象，荷蘭首相呂特29日表示：“盡管醫院報告的數據朝着好的方向发展，但是我們需要意識到這些數據是滯後的，它代表的是前三周疫情发展態勢。”他呼籲民眾不要掉以輕心，毀掉現已取得的成果，應當繼續待在家中，盡可能居家辦公，避免不必要的出行。其他國家確診病例情況除意大利、西班牙、法國、德國、英國之外，歐洲國家中比利時確診48519例;瑞士及列支敦士登確診29668例;葡萄牙確診25045例;瑞典確診21092例;挪威確診7738例……亞洲國家中，除日韓以外，印度確診34862例;沙特確診22753例;巴基斯坦確診16473例;新加坡確診16169例;以色列確診15946例;馬來西亞確診6002例;科威特確診4024例;泰國確診2954例;伊拉克確診2085例;越南確診270例……大洋洲國家中，澳大利亞確診6754例;新西蘭確診1476例……美洲國家中，除美國之外，巴西85380例，秘魯36976例，委內瑞拉331例……#全球疫情##全球新冠死亡病例#,,,,"全球疫情,全球新冠死亡病例",0,0,0,2020-05-01 22:59,微博 weibo.com,"['http://ww2.sinaimg.cn/large/b658f16fgy1gedceft0xwj209b06mdll.jpg', 'http://ww3.sinaimg.cn/large/b658f16fgy1gedcen6g5xj20g7096qag.jpg']",,
4499908227442946,IFV4ivefw,6549170136,马德里警察特别行动处,#美国史上最差国务卿到底有多差#我看倒不一定是最差只是另辟蹊径地争取选票罢了特朗普这方法倒是有点别出心裁两人双簧唱得挺溜,,,,美国史上最差国务卿到底有多差,0,0,2,2020-05-01 22:59,华为手机 畅享玩不停,,,
4499893199157920,IFUG3Cqoo,1265998927,环球杂志,【记者：没有疫苗疫情怎会消失特朗普：嘭我们就把它灭了】4月29日，特朗普接受媒体访问时被记者问道，现在还没有疫苗的情况下，他为什么会认为病毒会消失。特朗普答道，它就是会消失，就是会被灭。嘭的一下，它就被灭了。@央视网视频http://t.cn/A6AbjW51,,,央视网视频http,,13,28,27,2020-05-01 22:00,政务直通车,,"http://miaopai.video.weibocdn.com/EXXdet2Plx07CTVfubMk01041200225K0E013.mp4?label=mp4_ld&template=360x640.25.0&trans_finger=40a32e8439c5409a63ccf853562a60ef&Expires=1592209476&ssig=zZqjCpcs9r&KID=unistore,video",
4499908180856592,IFV4e3AQ0,1776899614,钟mang子,转发微博,,,,,0,0,0,2020-05-01 22:59,iPhone客户端,,,4499893199157920
4467919485937109,IsuTyoUvP,5872636712,水山水山水山,PBS前线美国大分裂:从奥巴马到特朗普1/2(2020)#水山汉化#1这是PBS前线2020年开年史诗大片，通盘讲述2008年到2020年间美国两党政斗，如果走到今天这个地步。2上集从奥巴马竞选开始一直讲到2016年离任，从开始的雄心壮志到最后的灰心丧气3本以为黑人总统当选是美国团结新象征，没想到导致右翼最大反弹，造成最大分裂4反弹不仅针对民主党，连共和党建制派的几批人也整的狼狈不堪，使茶党和特朗普得势L水山水山水山的微博视频,,,,水山汉化,7284,648,4883,2020-02-03 16:27,微博视频,,"http://f.video.weibocdn.com/000W6rzElx07AFhdAm8U0104120fJa7C0E060.mp4?label=mp4_ld&template=640x360.25.0&trans_finger=bdef57f06ae52835a2c783ca389e8517&Expires=1592209476&ssig=sWESf9Ftdd&KID=unistore,video",
4499908151400759,IFV4b5SoT,1680632004,奥伊曼美业Mary,转发微博,,,,,0,0,0,2020-05-01 22:59,iPhone客户端,,,4467919485937109
4499908112950056,IFV47cnry,5284912325,多喝些热水啊,转发微博,,,,,0,0,0,2020-05-01 22:59,iPhone客户端,,,4499809614824831
4499840246081619,IFTiEpw6D,2209929527,西安时评,#全球疫情#【被问出访是否会戴口罩特朗普突然改口：我不介意你觉得我该戴吗】当地时间4月30日，美国总统特朗普在记者会上被问到到访亚利桑那州，是否会戴口罩。特朗普回答道：“视情况而定，不介意戴口罩，我应该戴口罩讲话吗？这是政治正确吗？”#这辈子都不会买泡泡袖了#L西安时评的微博视频,,,,"全球疫情,这辈子都不会买泡泡袖了",4,0,4,2020-05-01 18:29,HUAWEI P30 Pro,,"http://f.video.weibocdn.com/zUM7E3OOlx07CVLXUBqw010412005D7G0E010.mp4?label=mp4_ld&template=640x360.25.0&trans_finger=40a32e8439c5409a63ccf853562a60ef&Expires=1592209476&ssig=rReB97vVzl&KID=unistore,video",
4499908092982721,IFV45cvWp,5632320922,VIN文鑫SON,转发微博,,,,,0,0,0,2020-05-01 22:59,Samsung Galaxy S8,,,4499840246081619
4499908071929190,IFV4385RY,2141181041,沙僧的表弟沙雕,美国亿万富豪正式宣布参选美国总统：只要能打败特朗普，花多少钱都行！L百姓话题的微博视频,,,,,3,4,23,2020-05-01 22:59,皮皮时光机,,"http://f.video.weibocdn.com/001Dbd6Qlx07z0GqtLyM0104120066hx0E010.mp4?label=mp4_ld&template=360x624.24.0&trans_finger=81b11b8c5ffb62d33ceb3244bdd17e7b&Expires=1592209476&ssig=BoLeAiYU5d&KID=unistore,video",
4499723874164006,IFQgXhtfo,3304413334,律师陆伟民,蓬佩奥：1963年12月，生于美国加州。1986年，以第一名成绩获得西点军校机械工程学学位。1994年获得哈佛大学法学院法学博士。1996年创办塞耶航空。2010年11月当选美国堪萨斯州国会议员。2017年1月24日宣誓就任中央情报局局长。2018年5月2日宣誓就任美国国务卿。2020年4月27日被宣布为人类公敌。,,,,,216,100,1011,2020-05-01 10:47,iPhone客户端,"['http://ww4.sinaimg.cn/large/c4f55896ly1gecr8ta19gj20v91vo4cv.jpg', 'http://ww1.sinaimg.cn/large/c4f55896ly1gecr8u2ksbj20v91vo4qr.jpg', 'http://ww2.sinaimg.cn/large/c4f55896ly1gecr8strpfj20v91vob2b.jpg', 'http://ww2.sinaimg.cn/large/c4f55896ly1gecr8uj2jyj20v91vodu8.jpg', 'http://ww4.sinaimg.cn/large/c4f55896ly1gecr8uvczlj20v91voqgg.jpg']",,
4499908063040177,IFV42cKT7,5415812188,你来有梦想190604,//@朱国斌:“公敌”，不出名都难//@邵宛誉:谁这么厉害，可以代表人类了？//@律师陆伟民:人类公敌以后特朗普就是宇宙公敌了//@神农本草原:“人类公敌“，又一个汉语词被玩坏了,,,"朱国斌,邵宛誉,律师陆伟民,神农本草原",,0,0,0,2020-05-01 22:59,Redmi Note 8四摄,,,4499723874164006
4499908058832144,IFV41B3DW,7062286275,清_啄,对特朗普说三不，不予作对，不予诟病，不予煽风~~~~~~~~~最后要说我有我立场，我是中国人~~~~~~~~~,,,,,0,0,0,2020-05-01 22:59,微博 weibo.com,,,
4499908054288769,IFV41hZHH,1527264510,打北面来了个喇嘛TOT,//@PS3保罗://@老蘇老了://@caozenghui:mk,,,"PS3保罗,老蘇老了,caozenghui",,0,0,1,2020-05-01 22:59,HUAWEI Mate30 Pro 5G,,,4499809614824831
4499805604688776,IFSoMjFLq,7209866866,焦点微记录,【特朗普才说美国病毒检测世界最好，比尔·盖茨：亚洲国家检测能力远高于美国】#盖茨称亚洲国家病毒检测能力远高于美国#中国L焦点微记录的微博视频,,,,盖茨称亚洲国家病毒检测能力远高于美国,2,2,5,2020-05-01 16:12,iPhone 8 Plus,,"http://f.video.weibocdn.com/cIEwjOlplx07CVCv9Oq4010412007ejy0E010.mp4?label=mp4_ld&template=640x360.25.0&trans_finger=40a32e8439c5409a63ccf853562a60ef&Expires=1592209476&ssig=pm51aU%2BSBg&KID=unistore,video",
4499907979600151,IFV3TEhr9,6323486557,竹笋的春节,转发微博,,,,,0,0,1,2020-05-01 22:58,iPhone客户端,,,4499805604688776
4499885645030046,IFUtSl6xM,1974561081,网易财经,【#特朗普回应对手拜登被指性骚扰#：指控可能是假的我经历得多了】作为民主党总统候选人的拜登，正面临前幕僚助理塔拉•里德的性骚扰指控。4月30日，特朗普被问及对此事的看法。特朗普表示：“这可能是个错误的指控，我很了解那些虚假指控，我无数次被虚假指控。”L世面的秒拍视频,,,,特朗普回应对手拜登被指性骚扰,7,10,12,2020-05-01 21:30,微博 weibo.com,,"http://miaopai.video.weibocdn.com/95aaDswllx07CVOz3K1y010412009hCx0E013.mp4?label=mp4_ld&template=640x360.25.0&trans_finger=40a32e8439c5409a63ccf853562a60ef&Expires=1592209476&ssig=zhUt9rtsNP&KID=unistore,video",
4499907949588822,IFV3QEeuq,1628412603,爱管闲事的鲨鱼,转发微博,,,,,0,0,0,2020-05-01 22:58,微博 weibo.com,,,4499885645030046
4499907946336128,IFV3QqAjC,6288400827,甘枸杞的前世今生,#美国史上最差国务卿到底有多差#这得多能作，才能得到国内国外的一致评论特朗普和蓬佩奥，这组合拳，靠“甩锅”和“无耻”………能让美国再次“伟大”嘛？,,,,美国史上最差国务卿到底有多差,0,11,12,2020-05-01 22:58,HUAWEI P30,,,
4499907911714416,IFV3N7bZS,6221348170,等落一场雪,转发微博,,,,,0,0,0,2020-05-01 22:58,iPhone客户端,,,4499809614824831
4499907753111066,IFV3xd3ku,5516035424,此时__非彼时,美英枪口突然调转，我国地位或将发生剧变自从特朗普上台之后，中美关系急剧下降，两国之间建交好像不复存在。这都是特朗普一手造就的结果，是...[米尔军事]O美英枪口突然调转，我国地位或将发生剧变,,,,,0,0,1,2020-05-01 22:57,米尔军事网站,['http://ww2.sinaimg.cn/large/0061iINily1gedcdig2dbj3046046744.jpg'],,
4499907690435955,IFV3r1Ppx,2831883870,exxs12,Paul真是最不可能理解ntxl的那类人的代表。他是男人、直人、白人、基督徒、头脑空空四肢发达、橄榄球替补、家里一大家子是做香肠的。如果没有遇到chuchu，也许过个几十年就会变成会投票给特朗普的那种典型红脖。和“女人、弯人、黄种人、异教徒、书呆子、会打乒乓、单亲家庭只有一个英语烂/理科土博士的爸爸”的chuchu完全相反类型的人。连这样的人都能理解chuchu了，chuchu你今后还怕什么呢？大概是最后追火车这么好哭的原因吧。,,,,,0,0,0,2020-05-01 22:57,iPhone客户端,,,
4499893164716407,IFUG0jMX5,1287143683,稳健获利,美股开盘了低开低走线跌2%都在说今天A50大跌真是一顿分析猛如虎涨跌全看特朗普有些人难免很担心唉没有必要无法控制的事情担心也没用A股开盘还要好几天先嗨起来再说,,,,,0,0,2,2020-05-01 21:59,微博 weibo.com,"['http://ww3.sinaimg.cn/large/4cb84103ly1gedaotyfy4j20fa09u0t0.jpg', 'http://ww2.sinaimg.cn/large/4cb84103ly1gedapaw0k9j20fb0f6ab5.jpg']",,
4499893130982050,IFUFX47tw,7207535756,远离gongzhi,转发微博,,,,,0,0,0,2020-05-01 21:59,荣耀20i,,,4467919485937109
4499893119459148,IFUFVDGKU,3961040969,十三月十三日_,《逼急了，美国终于有人把这极度冷血的意思说出来了！》可在疫情还没有防住的美国，特朗普当局却也想急切推动复工，生怕疫情损害了“经济”这个特朗普及其共和党拥趸希望能用来赢得今年总统大选的重要领域。O网页链接疫情时期，美国出现了表象文化。就说老年人，养老院。怎样的人才能住进养老院？以此类推，美国的表象文化，它的宗旨是什么？穿过重重迷雾的纷扰，在信息碎片化中整合，就会看到疫情的真正目的性。比如，医院——那是人类的什么？认知了特朗普对哈佛的追讨，就清楚了特朗普为什么夙愿，全球的医生和护士救赎美国。一种不可能，为什么还要为什么？唐纳德.特朗普，是创世纪以来，真正的创世纪。唐纳德.特朗普，是人类伟大词汇诞生以来，真正把伟大再次伟大的伟大性。,,,,,0,0,0,2020-05-01 21:59,百度App,['http://ww3.sinaimg.cn/large/ec18b049ly1gedagkptn2j208o05st94.jpg'],,
4499893093920234,IFUFTgrPA,2722072405,姚非言crystal,#肖战##向全世界安利肖战##肖战##肖战平安喜乐#肖战你很好，我们很喜欢。你知道喜欢你从什么时候开始吗？就是那个帅的儒雅走路带风的王爷让我觉得你就是古代王爷的模样，那么好看那么优雅那么疼女主。结合现代所有男人的优点啦。陈情令播的时候同事在看天天的，我觉得好奇就后来去看了，结果一看就刷了n多遍。演的特别好，还去看了动漫版的魏无羡，觉得演的好像都。符合原著特别。你每次出席活动特别帅，你的样子长在我的审美上。你走路走的不是路，走的是我的心电图你知道吗？特别是你的三观那么正，感觉和外交官耿爽一样正的不要不要的。越来越了解你的过去你的现在，知道你是价值观三观外貌都特别正的靓仔。你的外貌在你所有优点里比是最不起眼的。你难道没有缺点吗？当然有，太瘦了，但瘦了好看娱乐圈女星都瘦，男星也减肥，这个是规律也不能怪你。你太干净了，娱乐圈复杂是个大染缸，你这么干净你会吃亏你知道吗？捐款不留名，有人向你泼脏水你不发声，其实你以为人都善良，其实不是的，天下人皆为利来，皆为利往。由于你的洁白无瑕，让娱乐圈脏乱差受不了了，因此有了幕后黑手出钱搞你这一幕，黑子拿钱办事，自编自导自演，像传销组织一样自说自话一天，然后通过造谣说假话诋毁来陷害你和你的粉丝，还有写作文写大纲每天不同内容多个平台狙击你和你的粉丝。你放心，无论发生何事爱你的人会一直支持你，不离不弃的支持下去，人家说，你心里承受能力怎么样，三观怎样，我说我们追肖战啊，你是我们的光点，你是银河系的脉冲星那么珍贵。娱乐圈吸毒，出轨，家暴，多人运动，偷税，各种的污点艺人多的是，黑子打着抵制劣质艺人口号狙击你，那么多劣质的放着不管？说白了。就是嫉妒你太好，而幕后黑手又是个扶不上墙的烂泥，所以想拿钱抹黑你，造谣，各种假话，自编自导，反正黑子说啥我们都不信，我们知道他们是一个传销式的邪恶组织。里面因为疫情有很多搞传销的人。所有洗脑对公众他们觉得有用。可是他们错了，他们以为你的粉丝都很小，哪里知道我们基本是成年人，我们有钱可以支持你，我们有正确的三观支持你，他们黑文洗脑，也得看谁的文化高才行，洗的了么？我觉得除非换了脑袋，不然是办不到的，黑子造谣粉丝花钱买歌听，那请问黑子？你们拿钱一块钱几条放黑文章自编自导一天到处抹黑多少钱收了？你们编辑文案撰写题目写作文似的写假文章到出发，20万一次抹黑行动，你出来解释下谁给你的钱呢？你为什么拿钱抹黑肖战呢？别人拿钱做公益，你拿钱抹黑粉丝，自导自演泼脏水，你咋不抵制你自己了？你不是要抵制劣质品吗？那全国人民都比不过你们劣质啊？应该抵制你们自己啊？还有拿钱给你们办事的幕后黑手一起抵制了，难道他拿钱给你们造谣不够劣质吗？那就说明在你们三观里面劣质就是很好的意思，可以这样理解，你们和幕后黑手那么龌蹉影响网络环境到处诽谤别人做坏事，最龌蹉不过你们啦，谁比得过。所以你们的观点就不成立，肖战就是和你们对立的，他拿钱做公益，在全国人民和病毒斗争的时候。而黑子和幕后黑手在污染我们的眼睛毁坏我们的三观，你们是最劣质的了吧。还自己假装报纸发文，真是思路奇葩，所以黑子说的一切全是假的，没有任何真话，和特朗普一样，你们甩锅诬陷就是为了挣黑心钱而已。黑子说抵制肖战不花钱，是啊，黑子不紧不花钱还能赚黑心钱。还好意思腆着脸说，你那不是一张脸，估计是一块钢板吧，黑别人拿黑心钱还好意思说不花钱光挣钱了，做坏事还做出优越感了，不愧和大众有壁，还是绝壁，不能破的那种。不知黑子哪里来的脸说，昧着良心做伤天害理的事，活成了黑子，心思龌蹉，心理阴暗至极还不是报应吗？害人害多了，黑心钱赚多啦。我们喜欢肖战喜欢的光明正大，你们黑肖战躲在键盘后面因为不能见光，可见多黑暗了那还有什么好说呢？你们发的我们不看，一看到就脑袋蹦出来假的，挣黑心钱的传销组织来了，跑的远远的，别污染我们的眼睛，转身就走立刻马上，我们不怕黑子，越有挑战才越好，把他放大了说也当做和日本鬼子进行斗争吧，连日本鬼子都打跑了，还怕几个拿黑心钱办脏事的黑子吗？把自己锻炼更厉害了不是更好吗？心理素质各方面，所以肖战你的后面有千千万万的中国人给你撑腰，连日本鬼子我们都打跑了，难道还怕几个跳梁小丑躲在电脑后面一天自导自演自嗨的白痴呢么？不，我们是正义的，为了我们的三观我们不容许他们嘚瑟，看谁笑到最后。我们爱你肖战谢谢你这么好，原来安脏的娱乐圈还有你，很幸运遇到你喜欢你。肖战你特别特别好，你带给我很多很多正能量，做公益自己都没怎么开始娱乐圈才进来，和别人比你也不是有很多钱，却愿意拿出来帮助别人的，这种品质难能可贵，更别说把利益看的很重的娱乐圈了，我们能回报的就是买你的代言给你打榜给你发正面文覆盖掉黑文，我们人多，几个黑子不睡觉黑文也比不过我们，我们一人一篇正面文章就够他们喝一壶的，新冠全国人民都战胜了，别说几个黑子了，完全没把他们放眼里。👎👎早点把他们弄趴下了，哥哥好早点出来营业，如果真的把哥哥怎样了，我们没有牵制了，那些下场骂过哥哥粉丝的正主一个不放过，还有黑子还击他们百倍千倍。不就是狙代言，丢饼画饼，谩骂，不就是胡编乱造造谣谁还不会呢？憋了这么久谁也别想好过，敢伤害哥哥敢毁我们三观。到时候别怪我们不做人。#正能量偶像肖战#,,,,"肖战,向全世界安利肖战,肖战平安喜乐,正能量偶像肖战",0,0,0,2020-05-01 21:59,OPPO智能手机,"['http://ww4.sinaimg.cn/large/a23f8755ly1gedaowpod4j20u0192q6t.jpg', 'http://ww4.sinaimg.cn/large/a23f8755ly1gedaoxd63zj20u019279d.jpg', 'http://ww2.sinaimg.cn/large/a23f8755ly1gedaoxuddwj20u0191tde.jpg', 'http://ww4.sinaimg.cn/large/a23f8755ly1gedaoy78idj20u01927e0.jpg', 'http://ww2.sinaimg.cn/large/a23f8755ly1gedaoym0naj20u0191gq2.jpg', 'http://ww1.sinaimg.cn/large/a23f8755ly1gedaoz3nqzj20u0192ah0.jpg', 'http://ww3.sinaimg.cn/large/a23f8755ly1gedaozkh1qj20u0192wjo.jpg', 'http://ww3.sinaimg.cn/large/a23f8755ly1gedap09f6ej20k0183409.jpg', 'http://ww4.sinaimg.cn/large/a23f8755ly1gedap0n5ihj20ku0j6wfb.jpg']",,
4499893030573235,IFUFN2p7J,2673385191,医药导报,【#怕联邦政府“打劫”美国一州长竟出动了武装部队#】为避免试剂盒被联邦政府征用，美国马里兰州不得不采取“特殊措施”。近日，美国马里兰州州长拉里·霍根在接受采访时表示，为了保护近50万个新冠病毒检测试剂盒不被联邦政府征用，他不得不采取一些“特殊措施”。综合美国赫芬顿邮报和华盛顿邮报报道，4月份，马里兰州从韩国购买了近50万个试剂盒。目前，该州的国民警卫队将这些试剂盒守卫在了一个秘密地点，以防止它们被特朗普政府征用。当地时间周四（4月30日），霍根在接受告诉华盛顿邮报采访时表示，为确保这些试剂盒留马里兰州，他采取了一系列的“特殊措施”。例如，一开始，他就让从韩国起飞的飞机直接降落在巴尔的摩/华盛顿瑟古德·马歇尔国际机场，而不是华盛顿杜勒斯国际机场，此外，迎接飞机的是一支由马里兰州国民警卫队和州警察组成的庞大队伍，这样就可以大大减少联邦调查局扣押这批试剂盒的机会。谈到如此谨慎的原因，霍根表示，这将挽救马里兰州成千上万名公民的生命。美媒称，霍根对这些物资的担忧并非没有道理，自美国新冠疫情暴发以来，便经常有美国联邦紧急事务管理署和各州争夺物资，“劫持”防护设备的消息被曝出。霍根称，“我们要确保那架飞机从韩国安全起飞，在美国安全降落，对于那些会干扰我们把物资运送到需要的人那里的行为，更要时刻保持防备。”截至目前，白宫尚未就霍根这番言论作出回应。,,,,怕联邦政府“打劫” 美国一州长竟出动了武装部队,1,0,1,2020-05-01 21:59,iPhone 7,['http://ww3.sinaimg.cn/large/9f589ee7ly1gedaodxervj20hq081dkm.jpg'],,
4499893026365488,IFUFMqHXa,2970723184,老师傅的爸爸,我在看：【特朗普下令要求肉类加工厂疫情期营业后美媒爆料：一家工厂7天内近900人新冠检测阳性】#跟新浪看热点#O特朗普下令要求肉类加工厂疫情期营业后美媒爆料：一家工厂7天内近900人新冠检测阳性,,,,跟新浪看热点,0,0,0,2020-05-01 21:59,新浪新闻客户端,,,
4499893022374879,IFUFM9XOv,5555868221,xm96782,特朗普对华态度为何突然转变？揭秘白宫幕后推手，曾在中国担任7年记者。但就在今天，美国国家情报总监罕见的发表了一份声明：“整个情报界一直在为美国决策者和应对新冠病毒的官员提供关键支持。美国情报界认同广泛的科学共识，即新冠病毒不是人为制造或者经过基因改造。”O特朗普对华态度为何突然转变？揭秘白宫幕后推手，曾在中国担任7年记者,,,,,0,0,0,2020-05-01 21:59,分享按钮,,,
4499890673706025,IFUBZfy6B,1847123567,香港商報網,【奥巴马是特朗普的另一口锅：他们做的很差，奥巴马政府就是灾难】当地时间30日，记者会上特朗普再度“甩锅”奥巴马。有记者提问新冠肺炎是一种新型病毒，为何特朗普却说奥巴马政府中断了检测。特朗普表示奥巴马政府在很多地方做得很差，比如猪流感、H1N1流感，奥巴马政府就是灾难。L海客新闻的微博视频L海客新闻的微博视频,,,,,152,101,423,2020-05-01 21:50,微博 weibo.com,,"http://f.video.weibocdn.com/WnCJXCOolx07CVAt5Dwc010412007pmp0E010.mp4?label=mp4_ld&template=640x360.25.0&trans_finger=40a32e8439c5409a63ccf853562a60ef&Expires=1592209488&ssig=tqxPjrr37z&KID=unistore,video",
4499892979981991,IFUFHFSLR,5120782014,莫言一一一西西,這世上不該有這個國家、有這種貨,,,,,2,0,1,2020-05-01 21:59,iPhone客户端,,,4499890673706025
4499892964292458,IFUFGi0Fc,6316344897,独行骑士·Lwf,我在看【又拿“武汉实验室”造谣特朗普遭美国情报机构打脸】#跟新浪看热点#O拿武汉实验室造谣特朗普遭情报机构打脸,,,,跟新浪看热点,0,0,0,2020-05-01 21:59,新浪新闻客户端,,,
4499892922479867,IFUFCap7R,2722072405,姚非言crystal,#肖战##肖战最好的你#肖战你很好，我们很喜欢。你知道喜欢你从什么时候开始吗？就是那个帅的儒雅走路带风的王爷让我觉得你就是古代王爷的模样，那么好看那么优雅那么疼女主。结合现代所有男人的优点啦。陈情令播的时候同事在看天天的，我觉得好奇就后来去看了，结果一看就刷了n多遍。演的特别好，还去看了动漫版的魏无羡，觉得演的好像都。符合原著特别。你每次出席活动特别帅，你的样子长在我的审美上。你走路走的不是路，走的是我的心电图你知道吗？特别是你的三观那么正，感觉和外交官耿爽一样正的不要不要的。越来越了解你的过去你的现在，知道你是价值观三观外貌都特别正的靓仔。你的外貌在你所有优点里比是最不起眼的。你难道没有缺点吗？当然有，太瘦了，但瘦了好看娱乐圈女星都瘦，男星也减肥，这个是规律也不能怪你。你太干净了，娱乐圈复杂是个大染缸，你这么干净你会吃亏你知道吗？捐款不留名，有人向你泼脏水你不发声，其实你以为人都善良，其实不是的，天下人皆为利来，皆为利往。由于你的洁白无瑕，让娱乐圈脏乱差受不了了，因此有了幕后黑手出钱搞你这一幕，黑子拿钱办事，自编自导自演，像传销组织一样自说自话一天，然后通过造谣说假话诋毁来陷害你和你的粉丝，还有写作文写大纲每天不同内容多个平台狙击你和你的粉丝。你放心，无论发生何事爱你的人会一直支持你，不离不弃的支持下去，人家说，你心里承受能力怎么样，三观怎样，我说我们追肖战啊，你是我们的光点，你是银河系的脉冲星那么珍贵。娱乐圈吸毒，出轨，家暴，多人运动，偷税，各种的污点艺人多的是，黑子打着抵制劣质艺人口号狙击你，那么多劣质的放着不管？说白了。就是嫉妒你太好，而幕后黑手又是个扶不上墙的烂泥，所以想拿钱抹黑你，造谣，各种假话，自编自导，反正黑子说啥我们都不信，我们知道他们是一个传销式的邪恶组织。里面因为疫情有很多搞传销的人。所有洗脑对公众他们觉得有用。可是他们错了，他们以为你的粉丝都很小，哪里知道我们基本是成年人，我们有钱可以支持你，我们有正确的三观支持你，他们黑文洗脑，也得看谁的文化高才行，洗的了么？我觉得除非换了脑袋，不然是办不到的，黑子造谣粉丝花钱买歌听，那请问黑子？你们拿钱一块钱几条放黑文章自编自导一天到处抹黑多少钱收了？你们编辑文案撰写题目写作文似的写假文章到出发，20万一次抹黑行动，你出来解释下谁给你的钱呢？你为什么拿钱抹黑肖战呢？别人拿钱做公益，你拿钱抹黑粉丝，自导自演泼脏水，你咋不抵制你自己了？你不是要抵制劣质品吗？那全国人民都比不过你们劣质啊？应该抵制你们自己啊？还有拿钱给你们办事的幕后黑手一起抵制了，难道他拿钱给你们造谣不够劣质吗？那就说明在你们三观里面劣质就是很好的意思，可以这样理解，你们和幕后黑手那么龌蹉影响网络环境到处诽谤别人做坏事，最龌蹉不过你们啦，谁比得过。所以你们的观点就不成立，肖战就是和你们对立的，他拿钱做公益，在全国人民和病毒斗争的时候。而黑子和幕后黑手在污染我们的眼睛毁坏我们的三观，你们是最劣质的了吧。还自己假装报纸发文，真是思路奇葩，所以黑子说的一切全是假的，没有任何真话，和特朗普一样，你们甩锅诬陷就是为了挣黑心钱而已。黑子说抵制肖战不花钱，是啊，黑子不紧不花钱还能赚黑心钱。还好意思腆着脸说，你那不是一张脸，估计是一块钢板吧，黑别人拿黑心钱还好意思说不花钱光挣钱了，做坏事还做出优越感了，不愧和大众有壁，还是绝壁，不能破的那种。不知黑子哪里来的脸说，昧着良心做伤天害理的事，活成了黑子，心思龌蹉，心理阴暗至极还不是报应吗？害人害多了，黑心钱赚多啦。我们喜欢肖战喜欢的光明正大，你们黑肖战躲在键盘后面因为不能见光，可见多黑暗了那还有什么好说呢？你们发的我们不看，一看到就脑袋蹦出来假的，挣黑心钱的传销组织来了，跑的远远的，别污染我们的眼睛，转身就走立刻马上，我们不怕黑子，越有挑战才越好，把他放大了说也当做和日本鬼子进行斗争吧，连日本鬼子都打跑了，还怕几个拿黑心钱办脏事的黑子吗？把自己锻炼更厉害了不是更好吗？心理素质各方面，所以肖战你的后面有千千万万的中国人给你撑腰，连日本鬼子我们都打跑了，难道还怕几个跳梁小丑躲在电脑后面一天自导自演自嗨的白痴呢么？不，我们是正义的，为了我们的三观我们不容许他们嘚瑟，看谁笑到最后。我们爱你肖战谢谢你这么好，原来安脏的娱乐圈还有你，很幸运遇到你喜欢你。肖战你特别特别好，你带给我很多很多正能量，做公益自己都没怎么开始娱乐圈才进来，和别人比你也不是有很多钱，却愿意拿出来帮助别人的，这种品质难能可贵，更别说把利益看的很重的娱乐圈了，我们能回报的就是买你的代言给你打榜给你发正面文覆盖掉黑文，我们人多，几个黑子不睡觉黑文也比不过我们，我们一人一篇正面文章就够他们喝一壶的，新冠全国人民都战胜了，别说几个黑子了，完全没把他们放眼里。👎👎早点把他们弄趴下了，哥哥好早点出来营业，如果真的把哥哥怎样了，我们没有牵制了，那些下场骂过哥哥粉丝的正主一个不放过，还有黑子还击他们百倍千倍。不就是狙代言，丢饼画饼，谩骂，不就是胡编乱造造谣谁还不会呢？憋了这么久谁也别想好过，敢伤害哥哥敢毁我们三观。到时候别怪我们不做人。#正能量偶像肖战#,,,,"肖战,肖战最好的你,正能量偶像肖战",0,0,0,2020-05-01 21:58,OPPO智能手机,"['http://ww1.sinaimg.cn/large/a23f8755ly1gedao625rdj20ku0j6wfb.jpg', 'http://ww3.sinaimg.cn/large/a23f8755ly1gedao6bimuj20k0183409.jpg', 'http://ww4.sinaimg.cn/large/a23f8755ly1gedao6slbrj20u0190q7g.jpg', 'http://ww4.sinaimg.cn/large/a23f8755ly1gedao79tynj20k00qotaf.jpg', 'http://ww3.sinaimg.cn/large/a23f8755ly1gedao7twp7j20k00u176n.jpg', 'http://ww2.sinaimg.cn/large/a23f8755ly1gedao88a2ij20k00tzjtw.jpg', 'http://ww2.sinaimg.cn/large/a23f8755ly1gedao9yblgj20k011r41g.jpg', 'http://ww2.sinaimg.cn/large/a23f8755ly1gedaoah2haj20u018z42l.jpg', 'http://ww3.sinaimg.cn/large/a23f8755ly1gedaoawl5dj20k00nqgmq.jpg']",,
4499757432845954,IFR95bWmu,1690898540,周振华价值投资,2018-2019年毛衣战，老美可以占上风，伤我们一千它自损八百。今年嘛，老美必败，它损失一千也伤不我们八百。就它防疫的能力，疫情超严重，经济一塌糊涂。我们中国复工复产一个月了，经济在复苏。相信祖国未来越来越好，满仓陪伴。,,,,,44,40,153,2020-05-01 13:00,,,,
4499892875615615,IFUFxnySr,2959045493,小魔女的大沙包,//@扬韬:赞成！今天的老美已经不是原来的老美了。家底快被特朗普折腾光了。看看美军在新冠面前干了什么？死了上百士兵的美军，哪有世界第一大国的样子！,,,扬韬,,0,0,0,2020-05-01 21:58,荣耀V9 我想要的快,,,4499757432845954
4499892862630574,IFUFwb2kC,3516423797,卡丁bus,转发微博,,,,,0,0,0,2020-05-01 21:58,iPhone客户端,,,4499890673706025
4499324128283122,IFFScyKOK,1907166177,一个有点理想的记者,德国媒体放声要索赔1490亿欧元，意大利也有人放话要赔偿，英国随声附和，特朗普说“我们讨论的数字比德国多得多”。我之前就说过，国外为了甩锅正在带节奏让中国为新冠疫情负责，还有很多人不信，使劲儿杠我，现在信了吧。L007kp的微博视频,,,,,728,557,2060,2020-04-30 08:18,iPhone 11 Pro Max(深空灰),,"http://f.video.weibocdn.com/000wbC3Lgx07CRPEEwiz010412004Rvy0E010.mp4?label=mp4_ld&template=640x360.25.0&trans_finger=40a32e8439c5409a63ccf853562a60ef&Expires=1592209488&ssig=LfXmJ3tpfh&KID=unistore,video",
4499892850640424,IFUFv2GBq,7444159964,红头三03,要吗屁股真有屎，要吗就是讹诈。。。//@武志红:以前的传染病流行，有过向国家索赔吗？现在这种声音越来越多，这是对中国的集体讹诈，甚至是集体霸凌。这事最终会如何走向？——多说一句：有人认为是中国有关方面发言不对，才导致这种局面，这是天真和愚蠢。,,,武志红,,0,0,0,2020-05-01 21:58,荣耀8X,,,4499324128283122
4499879077184606,IFUjhu92K,1301014507,吕厂衣,这个笑死了，特朗普在自吹测试做的好，还在怪奧巴马留给他一个broken测试。结果记者直接抓到他痛处，问他，奥巴马的时候都没新冠，何来留给他一个坏掉的新冠测试。O网页链接,,上海,,,5,8,38,2020-05-01 21:03,荣耀30 Pro+ 5G,,,
4499892838778846,IFUFtAPMi,1031250660,旺财1031250660,唉，这个蠢货现在就是光屁股拉磨。,,,,,0,0,0,2020-05-01 21:58,微博 weibo.com,,,4499879077184606
4499892770946730,IFUFn3YhQ,2854991941,快活林杂谈,《特朗普频频污蔑后，谭德塞开始反击，世卫组织专家联手打脸美国》特朗普频频污蔑后，谭德塞开始反击，世卫组织专家联手打脸美国O网页链接,,,,,1,1,1,2020-05-01 21:58,百度App,['http://ww4.sinaimg.cn/large/aa2bb845ly1gedanoz9xdj20ib0aa758.jpg'],,
4499892728860580,IFUFiBb2A,3845866513,用户3845866513,4月最后一天，16个州一致决定！特朗普先别太得意！4月30日报道，美国已成为全球首个新冠肺炎确诊超百万的国家。但对此特朗普却表示，该国确诊病例如...[米尔军事]O4月最后一天，16个州一致决定！特朗普先别太得意！,,,,,0,0,0,2020-05-01 21:58,米尔军事网站,['http://ww1.sinaimg.cn/large/e53b4411ly1gedangw2nsj2046046dfr.jpg'],,
4499892725252573,IFUFim2qV,3133618423,崇山雪莲CHONG,#腾讯新闻#军人风采:———天哪！美国新冠病毒暴发那么严重，还有人上街游待反对隔离，还有示威者持枪进入州议会，看来美国国内要打起来了。真的要给特朗普增添麻烦了。O腾讯新闻·热推来自@腾讯新闻,,,腾讯新闻,腾讯新闻,0,0,0,2020-05-01 21:58,腾讯新闻客户端,['http://ww3.sinaimg.cn/large/bac738f7gy1gedanhfhlij202s02sglg.jpg'],,
