﻿id,bid,user_id,用户昵称,微博正文,头条文章url,发布位置,艾特用户,话题,转发数,评论数,点赞数,发布时间,发布工具,微博图片url,微博视频url,retweet_id
4500195163878650,J054Mgh0S,5717850047,用户5717850047,转//#看点快报#《美媒称特朗普女婿库...-看点快报》O网页链接,,,,看点快报,0,0,0,2020-05-02 17:59,天天快报,['http://ww2.sinaimg.cn/large/006eXvZRly1gee9dwc80dj30hs0b40t4.jpg'],,
4500151144699999,J03VMjIGr,1887344341,观察者网,30日，新华社在推特发布一段视频，犀利概括了中美对疫情的态度，引发热议，目前已获超过1.5万次转发。中国：我们发现一种新病毒美国：所以呢？中国：这种病毒很危险美国：流感而已中国：你们的人民正在死去美国：你们没警告我们，你们说谎了！……L微丢的微博视频,,,,,8271,1555,24110,2020-05-02 15:05,,,"http://f.video.weibocdn.com/MbkUJkQOlx07CX4GEWDK010412007Ttj0E010.mp4?label=mp4_ld&template=640x360.25.0&trans_finger=40a32e8439c5409a63ccf853562a60ef&Expires=1592209543&ssig=KUlOhy4rSv&KID=unistore,video",
4500195155360336,J054Lmut2,5207319775,套娃广场站门口,//@蝶or胡闹://@緋血://@温水凭本事的手红://@画小眉://@顾惜之://@无心简影:这种简单明了的视频，效果还是不错的，有几家美媒还报道并转发了这个视频，虽然评论区一大堆在骂美媒帮中国宣传，但还是有很多人表示愿意相信里面的内容，特别是那些讨厌特朗普的人在说该视频“让全世界看到特朗普是个白痴,,,"蝶or胡闹,緋血,温水凭本事的手红,画小眉,顾惜之,无心简影",,0,0,0,2020-05-02 17:59,iPhone客户端,,,4500151144699999
4500182740629528,J04KK2DLG,1284139322,凯恩斯,【砸自己的脚？特朗普刚放狠话要提关税报复中国股市猛然大幅下跌】据环球网报道，当地时间1日，特朗普威胁要提高关税报复中国。然而，就在特朗普总统威胁或通过加征关税等措施对中国展开报复后，美国股市大幅下跌。美国三大股指当地时间星期五（5月1日）集体收跌，跌幅均超过2%。对于特朗普的此种言论，4月30日，外交部发言人耿爽曾回应。#网络名人同心战疫#L燃新闻的秒拍视频,,,,网络名人同心战疫,23,45,155,2020-05-02 17:10,微博 weibo.com,,"http://miaopai.video.weibocdn.com/r7Xg9Inolx07CX15LjsY0104120071ff0E013.mp4?label=mp4_ld&template=640x360.25.0&trans_finger=40a32e8439c5409a63ccf853562a60ef&Expires=1592209543&ssig=PjRLKGTCte&KID=unistore,video",
4500195088674714,J054EAoGK,5260477085,永明先森ZM,美国也是一个很神奇的国家,,,,,0,0,0,2020-05-02 17:59,iPhone客户端,,,4500182740629528
4500195066320204,J054CqwaM,5972530915,立令1349,"5月1日21时，美国工作人员说“漏嘴""，新冠肺炎或许是一场骗局！如今美国疫情前两天突破了100万以后，又以赛跑的速度增长着，如今已涨到109万。最近两位白宫的工作人员曝出猛料，在疫情发布会之前，两名工作人员提前到现场，可能他们以为自己的麦克风关住了，所以肆无忌惮的说了一番话，他们表示如今来开会的人虽然都没有采取戴口罩等防护措施，但是大家之前都注射过新冠肺炎的疫苗。两个人万万没想到自己的一番话被记者录到了。特朗普多次和新冠肺炎人接触过，为何没被感染？这不禁让我们怀疑起这两名工作人员言语是否真假？如果是真的，那么新冠肺炎病毒或许真是场骗局，大家怎么认为？L立令1986的微博视频",,肇庆,,,0,0,1,2020-05-02 17:59,iPhone客户端,,"http://f.video.weibocdn.com/001P56MCgx07CXkMTOpa010412001vdD0E010.mp4?label=mp4_ld&template=360x632.24.0&trans_finger=81b11b8c5ffb62d33ceb3244bdd17e7b&Expires=1592209543&ssig=ZHjFFV%2FdD6&KID=unistore,video",
4500195024783106,J054yk4iS,5871908009,武侠新杰作,那川普说没人比我更了解新冠这个若不是自大的真心话的话那可就真细思极恐了呀。如此看来，特朗普这次并没有撒谎，美国政府真的很有可能会知道新冠病毒的真实来源呢！！！新冠病毒来源于美国？此说法是阴谋论还是合理怀疑？#哔哩哔哩动画#O新冠病毒来源于美国？此说法是阴谋论还是合理怀疑？,,,,哔哩哔哩动画,0,0,0,2020-05-02 17:59,哔哩哔哩,,,
4500194937325709,J054puJKB,1821140260,康宁大药房,特朗普:你看哈，你是不是这么想的？我觉得很对。05nRJpn02。克:哦，原来我是这么想的？是吗？嗯嗯，应该是！（现阶段互联网公司职场写照）,,,,,0,0,0,2020-05-02 17:59,Android客户端,,,
4500173353812338,J04vBfZLk,1662214194,北京人不知道的北京事儿,30日，新华社在推特发布一段视频，犀利概括了中美对疫情的态度，引发热议，目前已获超过1.5万次转发。中国：我们发现一种新病毒美国：所以呢？中国：这种病毒很危险美国：流感而已中国：你们的人民正在死去美国：你们没警告我们，你们说谎了！……L微丢的微博视频,,,,,2037,649,5616,2020-05-02 16:33,iPhone客户端,,"http://f.video.weibocdn.com/MbkUJkQOlx07CX4GEWDK010412007Ttj0E010.mp4?label=mp4_ld&template=640x360.25.0&trans_finger=40a32e8439c5409a63ccf853562a60ef&Expires=1592209543&ssig=KUlOhy4rSv&KID=unistore,video",
4500194890452097,J054l1TBT,6577662723,FClown,//@阴阳与五行:做人不要太美国，说话不要特朗普。,,,阴阳与五行,,0,0,0,2020-05-02 17:58,,,,4500173353812338
4500194857058040,J054htC7m,1766564217,透小透-改变自己,//@温水凭本事的手红://@画小眉://@顾惜之://@无心简影:这种简单明了的视频，效果还是不错的，有几家美媒还报道并转发了这个视频，虽然评论区一大堆在骂美媒帮中国宣传，但还是有很多人表示愿意相信里面的内容，特别是那些讨厌特朗普的人在说该视频“让全世界看到特朗普是个白痴。”，以后加大力度吧,,,"温水凭本事的手红,画小眉,顾惜之,无心简影",,0,0,0,2020-05-02 17:58,拢龙活粉iPhone 6s(玫瑰金),,,4500151144699999
4497227516682155,IENkzs2kH,1618051664,头条新闻,【#美国网友改编歌曲嘲讽特朗普#：《有个骗子在发推》】近日，美国有人把反对特朗普的民众们召集起来，把狮子王的插曲《TheLionSleepsTonight》改编成了《TheLiarTweetsTonight》。L微丢的微博视频,,,,美国网友改编歌曲嘲讽特朗普,1992,2263,40114,2020-04-24 13:27,微博 weibo.com,,"http://f.video.weibocdn.com/W5NZwWc7lx07CK5A5ffG01041200mOBA0E010.mp4?label=mp4_ld&template=640x360.25.0&trans_finger=bdef57f06ae52835a2c783ca389e8517&Expires=1592209543&ssig=sWB9sRx2XO&KID=unistore,video",
4500194852857455,J054hbZlZ,1339077627,南国有嘉木,转发微博,,,,,0,0,0,2020-05-02 17:58,HUAWEI Mate 8,,,4497227516682155
4500118919173432,J035NCuqA,6587004809,星座师渡舟,梅拉尼娅与特朗普貌合心不合，多次在公开场合拒绝与其牵手，估计老小子下台之日就是二人分手之时！L事件排行榜的微博视频,,,,,10,3,39,2020-05-02 12:57,微博 weibo.com,,"http://f.video.weibocdn.com/tlol2qj3lx07CQadBF0A010412005ZKz0E010.mp4?label=mp4_ld&template=360x624.24.0&trans_finger=81b11b8c5ffb62d33ceb3244bdd17e7b&Expires=1592209543&ssig=DB32WUzeRq&KID=unistore,video",
4500194841070637,J054g4uwl,6697117120,楚天歌是我,转发微博,,,,,0,0,0,2020-05-02 17:58,vivo S1 Pro 升降自拍,,,4500118919173432
4500193368739005,J051SAFpH,1893801487,微天下,【#特朗普多次称病毒4月会奇迹般消失#结果5月来了......】5月1日，美国《每日秀》节目罗列了特朗普从2月份以来对新冠病毒的预测。他此前一直坚称“新冠病毒会奇迹般消失”。截至目前，据美国约翰斯·霍普金斯大学的统计数据，美国新冠确诊人数累计1104161例，死亡65068人。有网友讽刺：现在看到这个，你还会说是假新闻吗？@海客新闻L海客新闻的秒拍视频,,,海客新闻,特朗普多次称病毒4月会奇迹般消失,87,75,257,2020-05-02 17:52,微博 weibo.com,,"http://miaopai.video.weibocdn.com/uYOVug0Glx07CXcAkrvq01041200b2yM0E013.mp4?label=mp4_ld&template=640x360.25.0&trans_finger=40a32e8439c5409a63ccf853562a60ef&Expires=1592209543&ssig=lU19IcRWxd&KID=unistore,video",
4500194798861944,J054bBboA,1154832101,StevenHong6528,转发微博,,,,,0,0,0,2020-05-02 17:58,iPhone客户端,,,4500193368739005
4500194781590946,J054a6FSq,5980707363,闲闲财经,发布了头条文章：《美联储：还有1年苦日子；特朗普：继续搞摩擦》O美联储：还有1年苦日子；特朗普：继续搞摩擦,http://t.cn/A6AfVAK0,,,,0,0,0,2020-05-02 17:58,微博 weibo.com,,,
4500194751849456,J05477L7W,3604378011,中国新闻社,【#特朗普称“可能”会在本周末与金正恩交谈#】据彭博社5月2日报道，美国总统特朗普称，他“可能”会在本周末与朝鲜最高领导人金正恩交谈。特朗普表示，“我们将在合适的时机对此有所表示”。他拒绝进一步发表评论。特朗普还称，周末他将前往戴维营，与一些外国领导人举行会晤和电话会议。据报道，特朗普上次离开华盛顿是3月28日，当时他前往弗吉尼亚州，为向部署至纽约的医疗船“安慰号”送行。（图为资料图）,,,,特朗普称“可能”会在本周末与金正恩交谈,10,18,28,2020-05-02 17:58,微博 weibo.com,['http://ww3.sinaimg.cn/large/d6d6719bly1gee9mmri3fj20fa08lmxl.jpg'],,
4500194710778974,J05433gE6,5719247293,欧天宁宁-天欧天宁欧,明天就是我进高中的第一天：每天睡觉睡到自然醒。数钱数到手抽筋！#新番产粮计划##特朗普称注射消毒液的说法只是讽刺#,,,,"新番产粮计划,特朗普称注射消毒液的说法只是讽刺",0,0,0,2020-05-02 17:58,iPhone客户端,,,
4500194701934628,J054287hG,6552536601,山里梁醉霸,转发微博,,,,,0,0,0,2020-05-02 17:58,华为手机 畅享玩不停,,,4500193368739005
4500082039705731,J028jEIU3,5688313870,秦砖汉瓦无言,此前，德国媒体放声要索赔1490亿欧元，意大利也有人放话要赔偿，英国随声附和，特朗普又哔哔“我们讨论的数字比德国多得多”。之前就说过，国外为了甩锅正在带节奏让中国为新冠疫情负责赔偿。中国怎么办？对于新八国联军的讹诈逆风和后续的极限施压，只打嘴炮或于事无补。香港《东方日报》发表了陈文鸿的文章，对美国所谓索赔主张，提出应坚决反制！必须反制痛擊：美國開始瘋狂了，不是總統特朗普推介國民把消毒液注射入體內防疫，而是特氏公開要求中國對新冠肺炎疫症損失負責，包括賠償。或者特朗普仍然是信口開河，但更大可能是他按共和黨選舉文宣的「劇本」出場表演。正因為是共和黨選舉的文宣，不可能單由特朗普和國務卿蓬佩奧表演，於是在美國國內和國際的範圍網羅更多的人和組織，一起來合奏對中國索償的「鬧劇」。一如英國脫歐公投，往往會弄假成真，美國向中國索償，本來虛晃一招，為的是討好美國國內外的右派分子、種族主義者，要爭取輿論，爭取選票。但選民的水平低下，真的相信中國造成疫症，而民情洶湧，美國大有可能真的要向中國索償。美國一做，國際上便多倣效，以為可借美國之勢來分食中國這個唐僧肉。不出幾個月，疫情在歐洲及美國還未過，在一些新興國家仍方興未艾，國際上便湧出向中國索償的熱潮，真的假的混雜，聲勢巨大，讓美國主導的媒體再煽動，中國怎辦？理是不可能，中國毋須到美國或其他國家大打官司，因這樣做反承認這些國家的國內法律對中國有管轄權，這是最大的喪權辱國。不理，輿論壓力走不掉，且美國可以不停重複擴大宣傳，在國內國外詆毀誣衊中國。美、英等所謂先進國家的愚民，連消毒液也相信可注射體內防疫治療，相信疫症由5G電訊的基站傳播。主流媒體與美國總統等人不停地宣傳中國防疫治疫失策，導致美國等國家被疫症打垮，他們分辨不出中國防疫治疫的成功，不知美國新冠肺炎疫情始自歐洲，日本疫情源自美國等已是公認的事實，他們是一股腦兒不辨東西南北來歸咎中國，跟從向中國索償。這個情形便是秀才遇着兵，有理說不清。中國能做的，一是發動輿論戰，聯合國際友人，用理智與科學對抗愚民的文宣。二是若被判賠償，在保護國家資產下拒不受理。三是公開宣布，凡因此侵犯中國在外資產者，視同對中國開戰，中國將同等甚或加倍凍結涉及的外國資產。四是把索償的人士、企業、組織機構，包括受理的法律機構及人士列入黑名單，以中國不同的方法，在中國境內境外制裁，以儆效尤。如像美國總統特朗普和有關官員涉及索償，便把他們家族的企業、機構、人士同樣列入黑名單，一併制裁。對這些瘋狂無理的攻擊，既不能讓步，也不能坐視不理。而是要明確作出反制，要涉及者付出代價。莫以為中國還是老庚子年的中國，任人欺凌、任人魚肉。#世卫组织强调新冠病毒来自大自然##柳叶刀主编说全世界应感谢中国做的努力#L007kp的微博视频,,,,"世卫组织强调新冠病毒来自大自然,柳叶刀主编说全世界应感谢中国做的努力",493,742,2657,2020-05-02 10:30,,,"http://f.video.weibocdn.com/000wbC3Lgx07CRPEEwiz010412004Rvy0E010.mp4?label=mp4_ld&template=640x360.25.0&trans_finger=40a32e8439c5409a63ccf853562a60ef&Expires=1592209543&ssig=nuWj4pGRXJ&KID=unistore,video",
4500194681799879,J05407yej,2613425611,军歌2013,转发微博,,,,,0,0,0,2020-05-02 17:58,荣耀 9X,,,4500082039705731
4500194660136098,J053Y0zp8,6721788016,什么平x,啧//@鱼和虾兼得:嘻嘻//@theonlyoneformeisyou:特朗普也说过吧，没见他们去攻陷人家推特啊，何况明星本人什么都没做过，甚至女友说的也未必就是rh的意思，这些自称爱国人士的人又有几个是真的爱国？//@相原奶盖:滑稽//@Miuni蘸糖:可能是因为...泰星布莱特在哪个平行时空赚了她们的钱和播放量？,,,"鱼和虾兼得,theonlyoneformeisyou,相原奶盖,Miuni蘸糖",,1,0,0,2020-05-02 17:57,,,,
4500185805707045,J04PGnWF7,5490172454,尹克伦64,美国大选将近，这就是美国民众“支持”特朗普的呼声！你别说，歌唱的真好听！L尹克伦64的微博视频,,,,,6,3,6,2020-05-02 17:22,HUAWEI Mate 10 Pro,,"http://f.video.weibocdn.com/CFU9eDUWlx07CXifTTvW01041200kycA0E010.mp4?label=mp4_ld&template=640x360.25.0&trans_finger=40a32e8439c5409a63ccf853562a60ef&Expires=1592209543&ssig=4GS5iydjoT&KID=unistore,video",
4500194634897954,J053Vkybg,2255138540,振在起航,转发微博,,,,,0,0,0,2020-05-02 17:57,HUAWEI Mate 20,,,4500185805707045
4500194618517179,J053TzJHR,5598122225,西梦吹哨,我不被允许告诉你这个…，有可靠的情报表明…，据匿名人士的消息…，据BBC/CNN/…的报道…，西方的话术就这么简单。《国际观察｜特朗普为何骂美媒是“中国傀儡”？华盛顿邮报：他每天撒谎5.5次》当地时间5月1日，美国总统特朗普痛骂美媒NBC和CNN为中国说好话，称他们是“中国的傀儡”和“全民公敌”，并“利用美国点播来帮助中国”。O网页链接,,,,,0,0,0,2020-05-02 17:57,百度极速版,['http://ww3.sinaimg.cn/large/0066R9jXly1gee9bb6z6xj308o05sjrl.jpg'],,
4500180068904232,J04GqBmoE,2245235765,体育脱口秀微凉,#白宫拒绝福奇到国会作证#你能想象中国的相关类似的会议没有钟南山先生参加么？特朗普的种种反智反精英操作真的令人作呕美国在他的领导下正在变成一个巨大的笑话,,,,白宫拒绝福奇到国会作证,1,0,0,2020-05-02 17:00,iPhone客户端,['http://ww3.sinaimg.cn/large/85d39435ly1gee7nizuqij20ku0f2q4w.jpg'],,
4500180064213260,J04GqhG3O,7412825700,用户7412825700,你跪舔的久了，美国政府特朗普都不知道，你却造谣生事！//@GrislyBear大笨熊:美国失业人员一个月才发4000多美元补助，真是卖国政府，水深火烧的地狱。//【有了上顿愁下顿，美国低收入人群面临生存危机】O有了上顿愁下顿，美国低收入人群面临生存危机,,,GrislyBear大笨熊,,0,0,0,2020-05-02 16:59,手机新浪网,,,
4500029089722058,J00KUEN9o,6498373231,凤凰王又又,#美国大选#前美国参议院工作人员里德TaraRead，近日指责拜登在1990年代初，曾对她进行性侵。拜登1号接受MSNBC《早安，乔》节目的采访时，首次就针对这一指控进行公开回应。拜登表示，他将要求国家档案馆确定，是否存在同这一指控相关的记录。他也一再表示，不相信有这样的记录存在。MSNBC主持人：“您能向美国人民明确回答：您是否曾性侵过塔拉·瑞德？”拜登：“不，那不是真的。我明确地说，这从未发生过。事实并非如此。没发生。”MSNBC主持人：“您还记得她吗？您还记得她可能提出的、任何形式的投诉吗？”拜登：“我不记得任何她可能提出过的相关投诉。那是27年前。”MSNBC主持人：“她所说的话有真实的吗？你认为她为什么这样做呢？”拜登：“我不会质疑她的动机。我根本不会讲这个。我不知道她为什么这么说。我不知道为什么在27年之后，突然之间有人提出了这个问题。我不明白，但我不会去质疑她的动机，我不会去攻击她，她有权说她想说的话，但我有权说，看看事实。检查一下。找出她说的话是否属实。”美联社报道指出，共和党人正在利用这个性侵指控，将民主党人描绘成伪君子，指责民主党只为那些指控保守派不法行为的女性辩护。但相关讨论可能会引起人们重新关注针对特朗普的多个性侵指控。最新全美民调平均值显示，拜登目前以47.4%的支持率，领先特朗普5.3个百分点。L凤凰王又又的微博视频,,,,美国大选,72,103,377,2020-05-02 07:00,微博 weibo.com,,"http://f.video.weibocdn.com/dOaoP8BJlx07CWqvixF601041200dqFm0E010.mp4?label=mp4_ld&template=640x360.25.0&trans_finger=40a32e8439c5409a63ccf853562a60ef&Expires=1592209558&ssig=%2FN%2Fiou2yrb&KID=unistore,video",
4500180018276770,J04GlyJai,1299143975,舟横ing,最新全美民调平均值显示，拜登目前以47.4%的支持率，领先特朗普5.3个百分点。,,,,,0,0,0,2020-05-02 16:59,iPhone客户端,,,4500029089722058
4500179997260655,J04GjusPl,1573596931,漂儿海豚,/@鱼和虾兼得:嘻嘻//@theonlyoneformeisyou:特朗普也说过吧，没见他们去攻陷人家推特啊，何况明星本人什么都没做过，甚至女友说的也未必就是rh的意思，这些自称爱国人士的人又有几个是真的爱国？//@相原奶盖:滑稽//@Miuni蘸糖:可能是因为...泰星布莱特在哪个平行时空赚了她们的钱和播放量？,,,"鱼和虾兼得,theonlyoneformeisyou,相原奶盖,Miuni蘸糖",,0,0,0,2020-05-02 16:59,iPhone客户端,,,
4499772897474438,IFRy1vmrs,1743951792,美国驻华大使馆,副总统彭斯于4月28日访问了明尼苏达州。他在梅奥诊所会见了美国食品和药品管理局的哈恩博士、蒂姆·沃尔兹州长和哈格多恩代表。梅奥诊所实验室在检测和收集美国痊愈新冠病人捐赠的至关重要的血浆方面取得了很大进展。（APImages）,,,,,77,816,2221,2020-05-01 14:02,,['http://ww2.sinaimg.cn/large/67f297b0ly1gecww1rzegj21900u04qp.jpg'],,
4500179980007344,J04Gi01Us,1787377020,NIK-黑色月亮,烂仔三人组//@侯宁:WSJ报道说，美国俄亥俄州的一所监狱2700囚犯，2000名确诊新冠，感染率71%。//@菉葭苍苍:→_→//@老胡冲呀:特朗普是水脑大王，彭斯是谎话大王，蓬佩奥是邪恶大王，当这仨货当领袖，美国能有好吗？,,,"侯宁,菉葭苍苍,老胡冲呀",,0,0,0,2020-05-02 16:59,红米Redmi,,,4499772897474438
4500179959826686,J04GfFemW,6171811047,石艺韧,我在看：【小视频|特朗普大型翻车现场，打脸来的太快】#跟新浪看热点#L特朗普大型翻车现场，打脸来的太快,,,,跟新浪看热点,0,0,0,2020-05-02 16:59,新浪新闻客户端,,http://api.ivideo.sina.com.cn/public/video/play/url?appname=weibocard&appver=0.1&applt=web&tags=weibocard&direct=1&vid=33415059203,
4500179942152576,J04Ge91YY,2341377937,余音赠熏风,//@温水凭本事的手红://@画小眉://@顾惜之://@无心简影:这种简单明了的视频，效果还是不错的，有几家美媒还报道并转发了这个视频，虽然评论区一大堆在骂美媒帮中国宣传，但还是有很多人表示愿意相信里面的内容，特别是那些讨厌特朗普的人在说该视频“让全世界看到特朗普是个白痴。”，以后加大力度吧,,,"温水凭本事的手红,画小眉,顾惜之,无心简影",,2,0,0,2020-05-02 16:59,微博 weibo.com,,,4500151144699999
4500179871374809,J04G75LEl,1298017795,天白月见喵,//@画小眉://@顾惜之://@无心简影:这种简单明了的视频，效果还是不错的，有几家美媒还报道并转发了这个视频，虽然评论区一大堆在骂美媒帮中国宣传，但还是有很多人表示愿意相信里面的内容，特别是那些讨厌特朗普的人在说该视频“让全世界看到特朗普是个白痴。”，以后加大力度吧,,,"画小眉,顾惜之,无心简影",,0,0,0,2020-05-02 16:59,iPhone 11,,,4500151144699999
4500095406118791,J02tSpFMb,6574092910,周昭远医生,美国狂妄自大，根据自己的疫情乘以人口的比例再加一点系数来推测我们的发病率和死亡率，对我们公布的数据认为是假的，这真是应了，假做真时真亦假的古话了。,,广州·小东园,,,1,2,0,2020-05-02 11:23,iPhone客户端,,,
4500179870664860,J04G72MXy,6574092910,周昭远医生,回复@黄莺林中飞:以己度人，可惜他太麻痹大意了，疫情失控怪不了别人。//@黄莺林中飞:我国目前境外输入病例已经治愈一千多人，还没有一例死亡病例，特朗普肯定以为造假了。,,,黄莺林中飞,,0,0,0,2020-05-02 16:59,iPhone客户端,,,4500095406118791
4500179824929514,J04G2kGoi,2695103632,亦道亦匪,//@我爱丫丫悟:应公開宣布，凡因此侵犯中國在外資產者，中國將同等甚或加倍凍結涉及的外國資產；把索償人士、企業、組織機構，包括受理的法律機構及人士列入黑名單，以不同方法，在中國境內境外制裁，以儆效尤。如像美國總統特朗普涉及索償，便把他們家族的企業、機構、人士同樣列入黑名單，一併制裁,,,我爱丫丫悟,,0,0,0,2020-05-02 16:59,Android客户端,,,4500082039705731
4499809614824831,IFSvfkf9R,3553342022,王义桅,【PBS纪录片《美国大分裂：从奥巴马到特朗普》】2020开年史诗大片，通过追溯分析2008-2020这12年间，从奥巴马到特朗普时期的美国两党政斗，揭示出走到如今这一步的必然性。全片分上下两集，上集讲述奥巴马的8年任期及特朗普的崛起，下集讲述特朗普如何利用并加深国家的分歧。（译制:水山水山水山）上集：L水山水山水山的微博视频下集：L水山水山水山的微博视频,,北京,,,2461,118,1014,2020-05-01 16:27,HUAWEI Mate 10 Pro,,"http://f.video.weibocdn.com/000W6rzElx07AFhdAm8U0104120fJa7C0E060.mp4?label=mp4_ld&template=640x360.25.0&trans_finger=bdef57f06ae52835a2c783ca389e8517&Expires=1592209526&ssig=sgO8qsMwbF&KID=unistore,video",
4500179748656508,J04FUAjX6,1903521162,马德里夏日,//@_BIGBIGFaceCat_://@来去之间://@老蘇老了://@caozenghui:mk,,,"_BIGBIGFaceCat_,来去之间,老蘇老了,caozenghui",,0,0,0,2020-05-02 16:58,微博国际版,,,4499809614824831
4500179737059223,J04FTtCqr,5666441760,揪芭芭,//@无心简影:这种简单明了的视频，效果还是不错的，有几家美媒还报道并转发了这个视频，虽然评论区一大堆在骂美媒帮中国宣传，但还是有很多人表示愿意相信里面的内容，特别是那些讨厌特朗普的人在说该视频“让全世界看到特朗普是个白痴。”，以后加大力度吧,,,无心简影,,0,0,0,2020-05-02 16:58,iPhone客户端,,,4500151144699999
4500179737057938,J04FTtC5I,5064491201,自由自在aaaa,我围观了@光远看经济的回答，该问题价值299.00元，围观仅1元，快来一起围观~O微博问答,,,光远看经济,,0,0,0,2020-05-02 16:58,微博问答,,,
4498276990650781,IFeDh2Jit,7086871870,爆料中心,特朗普：中国死亡人数这么少，有人相信吗？中国人：我信！L爆料中心的微博视频,,,,,126,985,5501,2020-04-27 10:57,微博视频,,"http://f.video.weibocdn.com/001Vmhz4gx07COTn2ssU010412002vot0E010.mp4?label=mp4_ld&template=360x592.24.0&trans_finger=81b11b8c5ffb62d33ceb3244bdd17e7b&Expires=1592209558&ssig=59RZjTTD2L&KID=unistore,video",
4500179736385637,J04FTqNc9,6005783196,少年君子心,转发微博,,,,,0,0,0,2020-05-02 16:58,荣耀10 AI变色更潮美,,,4498276990650781
4500176851290266,J04Bf5pEK,1222425514,方方,转：徐世平：即使拿美国说事儿，也应该实事求是。有些人热衷胡编乱造，因为这样做可以抓眼球吸流量。O徐世平：即使拿美国说事儿，也应该实事求是,,,,,725,0,4675,2020-05-02 16:47,iPhone XS,,,
4500179690774078,J04FP3fn8,7387712905,oO梅茗子Oo,@方方自诩爱国公知的您，为何不与您的“委托人”合作，多语种质疑下特朗普、蓬佩奥的对华抹黑谣言言论？推特上以“日记作者”的身份质疑他们的不实，亮亮立场！真不信还有“极左”敢喊打喊杀。人民拭目以待！,,,方方,,4,2,4,2020-05-02 16:58,HUAWEI Mate 10,,,4500176851290266
4499937021112511,IFVOK4FpJ,5341943373,奶茶里不加珍珠,叮～你的假期余额只剩下两天啦[冰雪奇缘雪宝],,,,,22,9,1,2020-05-02 00:54,奶茶的珍珠滩超话,,,
4500179686192603,J04FOpYYH,5341943373,奶茶里不加珍珠,#白宫拒绝福奇到国会作证#特朗普：你们相信我的话就够了,,,,白宫拒绝福奇到国会作证,0,0,0,2020-05-02 16:58,李易峰的小蜜蜂,,,4499937021112511
4500104549575581,J02ICEb2R,1747150823,深圳县令,特朗普从影记。O绿洲L深圳县令的微博视频,,,,,297,21,226,2020-05-02 11:59,绿洲APP,,"http://oasis.video.weibocdn.com/MhIsjo7plx07CWW5tCfK01041200iF790E012.mp4?label=mp4_ld&template=624x360.25.0&trans_finger=a1a009da50b07f95dd75806c08ccb33f&Expires=1592209558&ssig=NECyeYWj4Y&KID=unistore,video",
4500179682668815,J04FObchp,2739680737,智铸永欣,//@李骁:我的最佳给他了//@但斌:但当总统可以“最佳”//@上官荣雲:特朗普是电影的“客串达人”，至少客串过四十多部电影，在今年一月评选的“金酸梅”奖，特朗普凭借两部纪录片入围最差男主角。,,,"李骁,但斌,上官荣雲",,1,0,0,2020-05-02 16:58,小米Note 3 拍人更美,,,4500104549575581
4500179682212342,J04FO9hwW,3901355911,wthzlt,转发微博,,,,,0,0,0,2020-05-02 16:58,360手机 N6,,,4500082039705731
4500164687675834,J04hCwcPM,5820188838,热门表哥,听说特朗普负责疫苗，美国民众彻底慌了！关注@热门表哥观看更多热门视频L热门表哥的微博视频,,,热门表哥,,7,4,23,2020-05-02 15:58,热门表哥的Android,,"http://f.video.weibocdn.com/003dvcBFgx07CXcuVias01041200202j0E010.mp4?label=mp4_ld&template=360x640.24.0&trans_finger=81b11b8c5ffb62d33ceb3244bdd17e7b&Expires=1592209558&ssig=LdTGj0Yqma&KID=unistore,video",
4500179674261426,J04FNhSAG,5533909004,半半今天为未来搬砖了吗,//@还事物的本来面目:美国🇺🇸人民满满的求生欲啊！美国人民把命交给特朗普真的不放心啊！,,,还事物的本来面目,,0,0,0,2020-05-02 16:58,,,,4500164687675834
4500164955537671,J04i3neBh,5614720583,名扬短线,【特朗普下行政令禁购对国家安全造成风险的海外电力设备】美国总统特朗普1日发布行政命令称，为确保大容量电力系统的安全，将禁止美国购买对国家安全造成风险的海外电力设备，并授权能源部长甄别相关实体和采取适当行动。特朗普在行政命令中称，大容量电力系统是那些寻求对美国政府和民众进行“恶意网络攻击”等活动的目标，电力系统设备“不受限制”的外国供应对美国“国家安全、外交政策和经济发展构成严重威胁”。根据这份行政命令，美能源部长有权设立和发布认定特定设备和供应商的标准，并识别已在使用中的禁用设备，对这些设备进行监控和替换。这项行政命令还要求能源部长牵头成立一个关于能源基础设施采购政策的特别工作组。工作组将与能源行业保持沟通，确保电力系统安全。,,,,,0,0,1,2020-05-02 15:59,,,,
4500164917880005,J04hZx3WR,2718221127,说一道三123,#张家界旅游集团原董事长坠亡#航母“趴窝”！特朗普耍横和选举的利器威力大减！老普的选举胜算正往负方向发展！#跟新浪看热点#O集体趴窝损失惨烈！失去最庞大、最凶狠的武器，美国还能横多久？#美国罗斯福号航母840人确诊##特朗普称不会推迟美国大选#,,,,"张家界旅游集团原董事长坠亡,跟新浪看热点,美国罗斯福号航母840人确诊,特朗普称不会推迟美国大选",1,0,4,2020-05-02 15:59,新浪新闻客户端,,,
4500148581687411,J03RE74Yj,5820188838,热门表哥,美国为了复工，简直是疯了,,,,,9,4,21,2020-05-02 14:54,热门表哥的Android,['http://ww4.sinaimg.cn/large/006lSUZwgy1gee411hmt7j30u00sen2q.jpg'],,
4500164910245366,J04hZ11Pw,1876149677,卍心潮澎湃卐,福西一直坚持检测隔离，这就侵犯了美国人的自由，所以特朗普很不喜欢他，当然特朗普支持者就恨他了//@珠山人:要复工，不要弗西。,,,珠山人,,0,0,0,2020-05-02 15:59,前置双摄vivo X9,,,4500148581687411
4500164900865078,J04hY3D2S,1216665287,sclslw123,感染人数破百万！众议院终对特朗普当局发难，三方面局势或将失控O网页链接,,,,,0,0,0,2020-05-02 15:59,分享按钮,,,
4500157469069544,J045YC3oY,5617030362,中国长安网,【#网评翻车第一名#】网友：别再甩锅了，抓紧给国民治病吧！L央视新闻的微博视频,,,,网评翻车第一名,103,113,479,2020-05-02 15:30,微博 weibo.com,,"http://f.video.weibocdn.com/E8I7d6dzlx07CSzfbojm01041200bYmz0E010.mp4?label=mp4_ld&template=360x640.24.0&trans_finger=81b11b8c5ffb62d33ceb3244bdd17e7b&Expires=1592209569&ssig=BML%2BGgTgwh&KID=unistore,video",
4500164867492176,J04hUvr3y,5401061209,爱小书包,转发微博,,,,,0,0,0,2020-05-02 15:59,前后2000万 OPPO R11s,,,4500157469069544
4500157435292217,J045VmcKl,1656316841,海疆在线,【#特朗普威胁提高对华关税报复中国#美股集体收跌】据路透社报道，美国总统特朗普1日表示，在他考虑如何就新冠病毒的传播对中国采取报复措施之际，提高对中国的关税“当然是选项之一”。在此前一日，特朗普也曾发出类似表态。1日，美国股市大幅下跌。　　“关于中国，有很多事情正在发生。我们显然对正在发生的事感到不高兴。这对于全世界183个国家来说是一个糟糕的情况。但是我们对此有很多话要说。这(提高对中国的关税)当然是一个选择。”他对记者说道。　　特朗普是在前往戴维营度周末前，就其前一天有关要对中国征收关税的言论回应记者提问时做出上述表态的。据路透社此前报道，特朗普在当地时间周四被问及是否会考虑让美国停止偿还债务，以作为惩罚北京的一种方式时说道：“我可以采取不同的做法，目的相同，但金额更大，只要提高(对中国的)关税就可以。所以，我不必这样做。”　　然而，就在特朗普总统威胁或通过加征关税等措施对中国展开报复后，美国股市大幅下跌。美国三大股指当地时间星期五(5月1日)集体收跌，跌幅均超过2%。纳斯达克综合指数跌284.60点，收于8604.95点，跌超3%，道指下跌622.03点，收于23723.69点，跌幅2.55%，标普500指数则下跌81.72点，收于2830.71点，跌幅2.81%。（环球网）,,,,特朗普威胁提高对华关税报复中国,3,5,0,2020-05-02 15:30,微博 weibo.com,['http://ww3.sinaimg.cn/large/62b963a9gy1gee2apm5qaj20j60cq3zg.jpg'],,
4500164855066307,J04hTlfYD,7090902446,逍遥3215532155,我不相信特朗普财团对特朗普引起股市动荡的讲话会没有运作动作。特朗普是个资本家，为了……,,,,,0,0,0,2020-05-02 15:59,华为畅享9S超广角三摄,,,4500157435292217
4500164817040164,J04hPtxt2,5703408325,黄波-作家-资深主编--图书出版,我在看：【特朗普犯下的三个致命错误！】#跟新浪看热点#O特朗普犯下的三个致命错误！,,,,跟新浪看热点,0,0,0,2020-05-02 15:59,新浪新闻客户端,,,
4500164805859842,J04hOoApA,6400941396,奔流激浪6921,我在看：【视频|美国科学家弄清美国病毒源头，特朗普这下尴尬了，中国沉冤得雪！】#跟新浪看热点#L美国科学家弄清美国病毒源头，特朗普这下尴尬了，中国沉冤得雪！,,,,跟新浪看热点,0,0,0,2020-05-02 15:59,新浪新闻客户端,,http://api.ivideo.sina.com.cn/public/video/play/url?appname=weibocard&appver=0.1&applt=web&tags=weibocard&direct=1&vid=33424138301,
4500164796741148,J04hNshGc,2770722975,每天开心的老孙,特朗普身边有两个鹰派人物，博尔顿和蓬佩奥，博尔顿已经被特朗普炒了鱿鱼，而蓬佩奥则彻底成了特朗普的狗腿子。蓬佩奥被誉为特朗普最忠实的人，其实蓬佩奥不过是一个马屁精而已。彭佩奥情报局长出身，骗人、说瞎话这类本事了得，因此，想讨特朗普的喜欢对蓬佩奥不是什么难事，溜须拍马屁的本事对彭佩奥来说属于小菜一碟，特朗普的性格好标榜自己，往脸上贴金，蓬佩奥就投其所好，凡事都顺着特朗普说。看看特朗普和彭佩奥在疫情中的甩锅行为配合得多默契，一唱一合的，两个做事风格都属于满嘴跑火车的人是容易相处的。,,,,,0,0,2,2020-05-02 15:59,iPhone客户端,['http://ww3.sinaimg.cn/large/a525e09fly1gee5wdvizjj20dw097gmt.jpg'],,
4500164792878626,J04hNc4Rs,7351527828,澄明淡淡,#朗普威胁报复中国后美股集体收跌#全世界都在看着特朗普搬石头砸自己的脚各国齐心协力抗击新冠不好吗？真看不懂他想干嘛,,,,朗普威胁报复中国后美股集体收跌,0,0,1,2020-05-02 15:59,nova5i 2400万AI四摄,['http://ww2.sinaimg.cn/large/0081wgduly1gee5u26la5j31ad0sc77e.jpg'],,
4500164787607651,J04hMvV63,6110088100,逗比三号号,特朗普被问及没有疫苗怎么消灭病毒？特朗普：砰，我们就给它消灭了，我们知道怎么消灭它，病毒会消失会离开的哈哈哈，砰砰砰，这是照着自己来一下子吗，就不用体验这种新冠的痛苦了？你是猴子请来的救兵吗？一顿操作猛如虎，生死全靠特特特L人民中的英雄的微博视频O网页链接,,,,,0,0,0,2020-05-02 15:59,即刻笔记,,"http://f.video.weibocdn.com/ij8UuStvlx07CW1SkyYw010412000QcA0E010.mp4?label=mp4_ld&template=360x640.24.0&trans_finger=81b11b8c5ffb62d33ceb3244bdd17e7b&Expires=1592209569&ssig=LkHv%2BsZFia&KID=unistore,video",
4497389240776021,IERxq3fSt,7010131150,帝吧官微,“在美国，没有人比我更懂抬棺”——他这么说道#黑人抬棺##特朗普建议注射消毒剂治疗新冠#（视频来源B站up超音速君/托比昂的护甲包）L帝吧官微的微博视频,,,,"黑人抬棺,特朗普建议注射消毒剂治疗新冠",144,130,1180,2020-04-25 00:10,帝吧超话,,"http://f.video.weibocdn.com/9iBUyoLqlx07CKZ6EEsU01041200mlPQ0E010.mp4?label=mp4_ld&template=640x360.25.0&trans_finger=40a32e8439c5409a63ccf853562a60ef&Expires=1592209569&ssig=xOXquU4kl0&KID=unistore,video",
4500164691882958,J04hD7TQi,1918802985,庄小康kz,快乐特朗普,,,,,0,0,0,2020-05-02 15:58,HUAWEI P20 Pro,,,4497389240776021
4500070610008358,J01PT02aO,1497087080,羊城晚报,【美国确诊接近110万特朗普还在自夸：我们挽救了成千上万人的生命】当地时间5月1日，特朗普却在白宫举行的一场表彰仪式上宣称“模型预测美国将有150万到220万人死亡，我们挽救了成千上万人的生命”。截至美国东部时间5月1日12时30分，美国新冠肺炎确诊病例已经超过108万，达到1082411例。死亡病例已超6.3万，达到63127例。（海客新闻）L海客新闻的秒拍视频,,,,,15,23,48,2020-05-02 09:45,微博 weibo.com,,"http://miaopai.video.weibocdn.com/fY5g8IpMlx07CWEJzKxa010412006zJg0E013.mp4?label=mp4_ld&template=640x360.25.0&trans_finger=40a32e8439c5409a63ccf853562a60ef&Expires=1592209569&ssig=syfk6EwcAa&KID=unistore,video",
4500164646195946,J04hypZQC,3986615868,又系我_54355,最经典的～美国🇺🇸总统，祝愿你连任完成伟大的美国梦!,,,,,0,0,0,2020-05-02 15:58,iPhone客户端,,,4500070610008358
4500164570852731,J04hr3zPJ,2287180157,台州黄龙,特朗普再重申或加关税报复中国特朗普多次声称新冠病毒源自中国武汉，他周五（1日）再称会考虑对中国采取报复手段，而加征关税无疑是一种选项。特朗普向记者表示，在考虑如何报复疫情爆发时，称提高对华的关税“当然是一种选择”。他说：“正在发生很多与中国有关的事情，我们很明显对发生的事不高兴，这对于全世界183个国家都是一个很恶劣的情况。”特朗普周四（4月30日）声称看过病毒来自武汉实验室的证据，同时扬言会增加对华征收的关税。美国的新冠肺炎疫情是全球最严重，确诊个案超过110万宗，接近6.5万人死亡。特朗普周五表示，希望将死亡数字控制在10万人以下，并形容10万人死亡是非常恐怖的数字。他早前曾预测美国最终约6万至7万人死于疫情。,,,,,0,0,0,2020-05-02 15:58,iPhone客户端,,,
4490098755828966,IBNSzosnA,7209866866,焦点微记录,#搞笑视频#特朗普在美国托儿所撒泼打滚被副总统彭斯强行拖走。焦点坊谈L焦点微记录的微博视频,,,,搞笑视频,286,61,1231,2020-04-04 21:20,iPhone 8 Plus,,"http://f.video.weibocdn.com/f9rrllCHlx07CeTDP8O401041200chiy0E010.mp4?label=mp4_ld&template=640x360.25.0&trans_finger=40a32e8439c5409a63ccf853562a60ef&Expires=1592209583&ssig=7i7zRtnt0L&KID=unistore,video",
4500149857415676,J03THv79G,6283220848,小钧小怪兽咔咔咔,转发微博,,,,,0,0,0,2020-05-02 14:59,HUAWEI nova 3,,,4490098755828966
4500149839862778,J03TFFnL4,2387440312,痴密的老王,特朗普有自己的铁盘，但也有坚定的反对者O2020开年大片！PBS纪录片《美国大分裂：从奥巴马到川普》,,,,,0,0,0,2020-05-02 14:59,HUAWEI Mate 10,,,
4500149814888181,J03TDkvDD,5227785229,wujin96备用,瑞德西韦获美国“紧急使用授权”治疗新冠重症患者中国新闻网|2020-05-0213:23:31相关专题全球战疫进行时>　　(抗击新冠肺炎)瑞德西韦获美国“紧急使用授权”治疗新冠重症患者　　中新社华盛顿5月1日电(记者陈孟统)美国政府5月1日发布一项紧急使用授权，允许一款尚处研究阶段的药物——瑞德西韦，用于治疗新冠肺炎重症患者。　　瑞德西韦是美国吉利德科技公司研发的一款抗病毒药物，原计划用于治疗埃博拉出血热和中东呼吸综合征等疾病，目前尚未在全球任何国家获批上市。资料图：美国总统特朗普。中新社记者陈孟统摄　　美国总统特朗普当天在白宫椭圆形办公室宣布了这一消息。他称，瑞德西韦是治疗新冠重症患者的重要手段。　　美国食品和药物管理局(FDA)随后发布声明称，虽然关于使用瑞德西韦治疗新冠患者的安全性和有效性的信息有限，但临床试验结果显示，该药物可缩短一些患者的康复时间。　　美国国家卫生研究院4月29日公布一项临床试验的初步结果称，接受瑞德西韦治疗的患者康复时间比使用安慰剂的对照组患者快31%。从康复时间中位数来看，前者为11天，后者为15天。接受瑞德西韦治疗的患者病亡率为8%，而对照组患者病亡率为11.6%。　　美国国家过敏症和传染病研究所主任福奇表示，这项临床试验数据显示瑞德西韦对于减少患者康复时间具有明显效果。　　FDA在声明中指出，紧急使用授权不同于获得“FDA批准上市”，而是基于紧急使用授权评估标准和可用的科学证据，有理由相信瑞德西韦可能具有抗新冠病毒疗效。该药物只被允许在美国境内用于治疗确诊或疑似的新冠肺炎重症患者。　　FDA提示，使用瑞德西韦的副作用包括肝酶水平升高，这可能是肝脏炎症或细胞损伤的征兆。在静脉注射过程中，患者可能出现低血压、恶心、呕吐、出汗和发抖等症状。　　吉利德公司当天发布的声明也强调，瑞德西韦仍是一款研究药物，其最佳的治疗时间还在临床试验中。该公司预计，如果以10天为一个疗程，到2020年底至少可生产供100万个疗程使用的瑞德西韦。(完)责任编辑：陈爽,,,,,0,0,0,2020-05-02 14:59,微博手机版,,,
4500149806734503,J03TCsfX1,6221932120,直新闻,【美国媒体：白宫施压情报机构】据《纽约时报》援引几位现任和前任美国官员的话表示，特朗普政府高级官员一直在施压美国情报机构寻找证据，以支持一个未经证实的荒谬“理论”，即“新冠病毒来自武汉实验室”。L直新闻的微博视频,,,,,1,2,4,2020-05-02 14:59,微博视频,,"http://f.video.weibocdn.com/000hyq2Mgx07CX8qZMKz01041200nOhA0E010.mp4?label=mp4_ld&template=640x360.25.0&trans_finger=bdef57f06ae52835a2c783ca389e8517&Expires=1592209583&ssig=pNO226qc2I&KID=unistore,video",
4500149785926944,J03TAoRRS,2202407551,王哥可塑,赔款麻烦用方方们的工资去交好吧。,,,,,0,0,0,2020-05-02 14:59,Android,,,4500082039705731
4500149709678380,J03TsEBMU,2606812875,历史课课代表,逞能不戴口罩遭外界抨击后，彭斯再次外出活动时戴上了口罩美国副总统迈克·彭斯本周早些时候在梅奥诊所因为逞能没有戴口罩而受到指责，周四他在参观一家呼吸机制造工厂时戴上了口罩。彭斯当天参观了位于印第安纳州的通用汽车和Ventec的一家工厂，白宫顾问彼得·纳瓦罗和交通部长赵小兰也戴上了口罩。此前，彭斯在访问明尼苏达州卫生中心时选择不戴口罩，引发了重大争议。彭斯最初解释说，他没有戴口罩是因为“我定期接受了冠状病毒检测”。但在周四上午，他的妻子凯伦·彭斯(KarenPence)告诉《福克斯和朋友们》节目，他不知道梅奥诊所有强制面部遮盖物的规定。不过，梅奥诊所此前发推称已经将此事告知彭斯，之后不知因为什么原因又删除了推文。今年2月，美国卫生官员曾表示，口罩对公众防范病毒无效。这一指导意见在本月发生了转变，联邦官员建议将口罩作为预防病毒传播的一种可选措施。一些美国官员坚持认为，戴口罩主要是为了防止受感染的人将病毒传染给其他人，同时他们还表示，医疗工作者应该优先戴口罩，因为口罩可以保护他们不感染病毒。特朗普曾表示，他个人不愿戴口罩，因为显得很蠢，白宫官员和记者在白宫西配楼互动时很少戴口罩。我想这也是美国新冠感染者飙升110多万人的原因，特朗普是在拿美国人的生命在开玩笑。,,,,,2,2,9,2020-05-02 14:59,360安全浏览器,"['http://ww1.sinaimg.cn/large/9b60cecbly1gee45u01zxj20hs0d2q3r.jpg', 'http://ww2.sinaimg.cn/large/9b60cecbly1gee45u0jlzj20hs0cl74y.jpg', 'http://ww2.sinaimg.cn/large/9b60cecbly1gee45u07hlj20hs0bvmxx.jpg']",,
4500032869474430,J00R0DKJo,6498373231,凤凰王又又,#美国疫情#时隔一年多，白宫发言人首次召开记者会。四月新上任的发言人KayleighMcEnany今天首秀：我不会对媒体撒谎。特朗普在上周四具有争议性记者会后，上周五举办了最后一次没有接受提问的记者会，本周没有再亲自举办记者会。但特朗普在白宫出席多个活动时回答了一些问题。L凤凰王又又的微博视频,,,,美国疫情,286,189,722,2020-05-02 07:15,微博 weibo.com,,"http://f.video.weibocdn.com/0n38C6hIlx07CWt6nm9W010412039N2K0E020.mp4?label=mp4_ld&template=640x360.25.0&trans_finger=40a32e8439c5409a63ccf853562a60ef&Expires=1592209583&ssig=Z3g%2FjVqR%2F0&KID=unistore,video",
4500149709188500,J03TsCylC,1737590347,月明松间照_dfh,转发微博,,,,,0,0,0,2020-05-02 14:59,微博 weibo.com,,,4500032869474430
4500149689274519,J03TqCUJ1,6793722135,云白bdj,#白宫拒绝福奇到国会作证#中美两国两位顶级防控专家，美国有福奇，中国有钟南山，虽然学识经验都造诣颇深，但得到的对待却大相径庭，特朗普政府处处为自己的连任私利着想，时时掣肘专家福奇，让他没放开手段的机会。而中国的钟南山，不仅得到政府的高度信任，还得到全国人民的一致拥护！,,,,白宫拒绝福奇到国会作证,1,1,7,2020-05-02 14:59,OPPO A11,,,
4499919862218760,IFVn49jcs,1656831930,环球资讯广播,【#特朗普成疫苗队长#信心满满】美国总统特朗普4月30日在白宫办公室对记者们表示，美国计划加快研发新冠病毒疫苗，而他会全权负责这个项目。“竭尽所能，不遗余力。”特朗普说，“我希望我们能研制出一种疫苗，我们将以你们从未见过速度研发。”在记者问到谁在负责时，特朗普回答说：“你知道是谁在负责它吗？老实说是我。”尽管特朗普对自己全权负责疫苗研发似乎信心满满，但是鉴于特朗普此前围绕新冠肺炎的一系列惊人言行，一些美国网友表示怀疑和担心。有网友表示：“特朗普是我最不希望来负责疫苗的人，特别是考虑到他上周关于注射（消毒剂）的言论。”L环球资讯广播的微博视频,,,,特朗普成疫苗队长,66,75,186,2020-05-01 23:46,搜狗高速浏览器,,"http://f.video.weibocdn.com/Woqpg5VJlx07CW7Gyj3q010412007r8O0E010.mp4?label=mp4_ld&template=640x360.25.0&trans_finger=40a32e8439c5409a63ccf853562a60ef&Expires=1592209583&ssig=SPVfdLGNlI&KID=unistore,video",
4500149680236637,J03Tq0ZyJ,5883856314,邢光祎,转发微博,,,,,0,0,0,2020-05-02 14:59,iPhone客户端,,,4499919862218760
4500147738893954,J03QhBjIS,2810373291,新华网,#全球疫情动态#【#美国长期护理机构逾1.6万人死于新冠疫情#】据《今日美国报》1日报道，全美养老院、退伍军人之家等长期护理机构中，目前已有超过1.6万名入住者和工作人员死于新冠疫情，约占全美新冠死亡病例的四分之一。　　《今日美国报》从美国各州收集的数据显示，在这些长期护理机构中，迄今已有近9.7万名入住者和工作人员新冠病毒检测呈阳性。全美50个州中，有46个州的5700多家长期护理机构承认至少有一名入住者或工作人员感染新冠病毒。目前，美国长期护理机构仍面临个人防护装备短缺和检测手段不足等问题；由于多州尚未公布完整数据，且病毒检测规模有限，这些数字可能被低估。　　报道说，美国总统特朗普4月30日宣布，联邦政府将向全国所有养老院提供防护用品；马里兰州等多个州表示将对长期护理机构的全部人员进行新冠病毒检测。　　美国疾病控制和预防中心数据显示，全美约有受联邦政府监管的1.56万所养老院和2.89万座辅助生活设施，200多万美国人生活在这类长期护理机构中。,,,,"全球疫情动态,美国长期护理机构逾1.6万人死于新冠疫情",35,16,52,2020-05-02 14:51,微博 weibo.com,['http://ww4.sinaimg.cn/large/a782e4ably1gee3tvl3ilj20p00p0tba.jpg'],,
4500149608567600,J03TizWP6,1342378237,黄埔一投,特朗普政府面对疫情，毫无建树，导致106万多人感染病毒，美长期护理机构竟然有1.6万人因新冠肺炎死亡，是不是美国政府也在甩养老包袱。,,,,,0,0,0,2020-05-02 14:58,奋斗者号Android,,,4500147738893954
4500086920540161,J02gc2gwh,1842706721,里神楽,xswl,,,,,632,363,15732,2020-05-02 10:49,微博 weibo.com,"['http://ww1.sinaimg.cn/large/6dd57921ly1gedwyc2wvwj209707ogmh.jpg', 'http://ww4.sinaimg.cn/large/6dd57921ly1gedwyc1xjmj20c80qg7c8.jpg']",,
4500149579560639,J03TfE79R,1944466531,沭川莞子,没有人比麦田更懂群体免疫//@镜殿主人:请问是特朗普的微博小号吗//@枕前冰_三朵月亮四片星:厉害//@眼儿媚滴春:牛逼//@迷惑行為大賞:？？？//@是阿坤的:@迷惑行為大賞,,,"镜殿主人,枕前冰_三朵月亮四片星,眼儿媚滴春,迷惑行為大賞,是阿坤的",,0,0,0,2020-05-02 14:58,北方农民之Android,,,4500086920540161
4500149571826760,J03Tf7FdS,6449533053,云鹤小生,#云鹤小生##军事#【特朗普下了一道战争命令，美国上下一片瞠目结舌，这次真要打仗了】尽管美国疫情局势仍然十分严峻，但还是有一股杀气扑面而来，原来是特朗普终于因为近期美国军舰在波斯湾上被11艘伊朗快艇包围一事而下达了一道战争命令L辰龙军事的微博视频,,,,"云鹤小生,军事",0,0,0,2020-05-02 14:58,军事 · 视频社区,,"http://f.video.weibocdn.com/rNA0EHQFlx07CWL5U78A01041200rfyl0E010.mp4?label=mp4_ld&template=640x360.25.0&trans_finger=bdef57f06ae52835a2c783ca389e8517&Expires=1592209583&ssig=nBLCRL99xx&KID=unistore,video",
4500142839857278,J03InFmkm,5617030362,中国长安网,【#加州千人抗议要求开放沙滩和街道#】5月1日，美国加州。数千名抗议者要求取消居家隔离的规定，并对加文·纽森州长关于减少新冠传播的指示表示不满，他们要求解除新冠限制，开放街道和沙滩。抗议民众表示，出门有益健康，晒太阳也有益健康。网友：别人在抗疫而他们却在抗议L热门资讯第一线的微博视频#美国一律师扮死神现身沙滩想吓跑游人#,,,,"加州千人抗议要求开放沙滩和街道,美国一律师扮死神现身沙滩想吓跑游人",88,171,469,2020-05-02 14:32,专业版微博,,"http://f.video.weibocdn.com/ql1DM0NLlx07CWYyD5rO010412001JVE0E010.mp4?label=mp4_ld&template=360x632.24.0&trans_finger=81b11b8c5ffb62d33ceb3244bdd17e7b&Expires=1592209583&ssig=dWvXd2UG9l&KID=unistore,video",
4500149550805707,J03Td3nBh,5081584404,快让开我要吐槽了,美国人民齐呼他们的神，齐呼他们神派了特朗普来搭救他们。,,,,,0,0,0,2020-05-02 14:58,iPhone客户端,,,4500142839857278
4500149545857707,J03TcozR9,3430545930,田野农夫_10178,为了病毒起源，美国情报界为何与特朗普互扇耳光？看看就知道了。O为了病毒起源，美国情报界为何与特朗普互扇耳光？,,,,,0,0,0,2020-05-02 14:58,HUAWEI P30,,,
4500149525482856,J03Tan0la,6449533053,云鹤小生,#军事##云鹤小生#【毫不示弱放出狠话，特朗普下达一道战争命令，伊朗敢再骚扰就开火】美国军舰跟伊朗舰艇在波斯湾形成了对峙局面，结果特朗普下达了一道战争命令，向伊朗毫不示弱地放出狠话，警告伊朗舰艇如果敢再骚扰就对其开火，有分析认为，这很可能是美国对伊朗动武的前兆，结果特朗普刚下达L辰龙军事的微博视频,,,,"军事,云鹤小生",0,0,0,2020-05-02 14:58,军事 · 视频社区,,"http://f.video.weibocdn.com/qQZ8wL2Qlx07CX0prI1a01041200mFTq0E010.mp4?label=mp4_ld&template=640x360.25.0&trans_finger=bdef57f06ae52835a2c783ca389e8517&Expires=1592209583&ssig=U4WG%2Fj3AVX&KID=unistore,video",
4500149488004142,J03T6xAf4,5669689892,一分为二的科学观点,"邀请您回答问题""是特朗普霸权优先，甩锅优先，连任优先，什么都要优先，才导致新冠疫情如愿以偿地遵循了美国优先原则？""@@中国政府网@新浪新闻@央视新闻@新浪军事@参考消息@CCTV4@人民日报@环球时报@凤凰网@洪琳@宋忠平@赵立坚个人微博@邱毅台湾@邱震海@胡锡进@酒巷诗行长@开心每一天5865@关山月x@非主食_@文汇报@解放军报@今日台湾@早报网@工人日报@中国日报@检察官张聪@乡村教师代言人-马云@俄罗斯驻华大使馆@伊朗驻华大使馆@法国驻华大使馆O是特朗普霸权优先，甩锅优先，连任优先，什么都要优先，才导致新冠疫情如愿以偿地遵循了美国优先原则？",,,"中国政府网,新浪新闻,央视新闻,新浪军事,参考消息,CCTV4,人民日报,环球时报,凤凰网,洪琳,宋忠平,赵立坚个人微博,邱毅台湾,邱震海,胡锡进,酒巷诗行长,开心每一天5865,关山月x,非主食_,文汇报,解放军报,今日台湾,早报网,工人日报,中国日报,检察官张聪,乡村教师代言人-马云,俄罗斯驻华大使馆,伊朗驻华大使馆,法国驻华大使馆",,1,0,1,2020-05-02 14:58,华为手机,,,
4500149445832978,J03T2otqi,6510236737,我是周楚丁6510236737,在“新八國聯軍”攜手向中國作出無理索償之前，建議先果斷而迅速地處理好香港事務，避免“火燒後欄”！有消息稱，五、一的亂港活動只是前菜，目標是配合“主子”在作出無理索償時才大舉行動！~有沒有可能出現新八國聯軍？當年的無理及強盜條款，也是在出乎意料之外下發生的；目前中國這塊肉太肥了！,,,,,0,0,0,2020-05-02 14:58,荣耀V20 4800万3D相机,,,4500082039705731
4490686361622605,IC3ak6O73,2596119483,微丢,【骁话一下：谁怼我我就怼华为，特朗普胸前的红领巾更鲜艳了】3月31日，华为公布了2019年年报，虽然增幅达到19.1%，但仍低于预期，原因不外乎是美国制裁。在财报发布前，美国又传出将制裁华为的全球芯片供应。特朗普宣扬美国第一，企图通过打压华为来维持美国在科技领域的霸权。但是在全球化时代，华为作为一家跨国企业，其发展本身就和美国高度连接，打击华为首先伤害的就是美国的企业、经济和科技霸权，这种杀敌八百，自伤一千的行为令人捧腹。本期《骁话一下》就聊聊，为什么美国打击华为是一种自残。L微丢的微博视频,,,,,373,453,2997,2020-04-06 12:15,深度报道 · 视频社区,,"http://f.video.weibocdn.com/004xQ4hqgx07ChtZzagw01041200UFe50E010.mp4?label=mp4_ld&template=640x360.25.0&trans_finger=bdef57f06ae52835a2c783ca389e8517&Expires=1592209597&ssig=9rdSK5%2FkrE&KID=unistore,video",
4500134682000907,J03ve8owH,5191179303,新新醉醉,转发微博,,,,,0,0,0,2020-05-02 13:59,iPhone客户端,,,4490686361622605
4496441751383521,IEsTd5NUR,7209866866,焦点微记录,特朗普胜选后，奥巴马发表看法的演讲完整版。中文字幕上一条视频有点搞笑，这一条才是正版#美国总统特朗普##奥巴马#焦点坊谈L焦点微记录的微博视频,,,,"美国总统特朗普,奥巴马",3,2,3,2020-04-22 09:25,焦点坊谈超话,,"http://f.video.weibocdn.com/wUxk9pJHlx07CGOyKNqU01041200pT1r0E010.mp4?label=mp4_ld&template=640x360.25.0&trans_finger=40a32e8439c5409a63ccf853562a60ef&Expires=1592209597&ssig=MXmV5uiS9r&KID=unistore,video",
4500134660263015,J03vc16qb,2237371570,北进2012,转发微博,,,,,0,0,1,2020-05-02 13:59,iPhone客户端,,,4496441751383521
4500134651855674,J03vb7MKe,1148570101,活跃的火炎焱,特朗普改口：希望美国新冠死亡人数不超过10万人O网页链接,,,,,0,0,0,2020-05-02 13:59,iPhone客户端,['http://ww4.sinaimg.cn/large/4475c9f5ly1gee2frhz8wj20jg0jggmz.jpg'],,
4500134631440458,J03v962Jc,1784683782,哈书客,爱尔兰专栏作家：特朗普是#新冠肺炎疫情中最糟糕的领导人L哈书客的微博视频,,,,,3,0,4,2020-05-02 13:59,荣耀V10Android,,"http://f.video.weibocdn.com/ObzJgRPilx07CX4ioMjK010412004dQD0E010.mp4?label=mp4_ld&template=360x640.24.0&trans_finger=81b11b8c5ffb62d33ceb3244bdd17e7b&Expires=1592209597&ssig=mer3Tb4zJg&KID=unistore,video",
4500134614615915,J03v7jmOf,6540440876,艺翌艺术教育学校宋小玉,"女发言人讲完刚准备下台,特朗普突然开始长篇大论,吓得女发言人不敢动,最后找机会溜下了台!O网页链接",,,,,0,0,0,2020-05-02 13:59,iPhone客户端,['http://ww3.sinaimg.cn/large/0078D1rSly1gee2flhmfzj30b4068q3e.jpg'],,
4500134560221683,J03v20VFx,7397002573,知行合一顺天意命里有时终须有,的确，没有特朗普，我们这个世界，会是多么无聊O特朗普犯下的三个致命错误！,,,,,0,0,0,2020-05-02 13:59,荣耀8X Max,['http://ww4.sinaimg.cn/large/0084B4h7gy1gee2ds8x0yj30kb0e2gtu.jpg'],,
4500134513383575,J03uXecdN,6473706516,剧小仙,发布了头条文章：《美国这下全乱了，奥巴马作出重要决定，特朗普一直担心的事终于发生了！》O美国这下全乱了，奥巴马作出重要决定，特朗普一直担心的事终于发生了,http://t.cn/A6AVErmq,,,,0,0,0,2020-05-02 13:58,微博 weibo.com,,,
4500134505333099,J03uWmnnJ,5137261048,中国侨网,#特朗普称希望美国死亡病例控制在10万#【#特朗普称希望美国新冠死亡人数不超10万#】据路透社报道，当地时间5月1日，美国总统特朗普似乎提高了他对美国新冠病毒死亡人数的估计。他在白宫的一次活动上说，“希望我们的死亡人数能低于10万人，尽管这是一个可怕的数字。”截至北京时间5月2日11时32分，美国新冠病毒感染病例累计超过110万例，死亡病例逾6.4万例。@中国新闻网,,,中国新闻网,"特朗普称希望美国死亡病例控制在10万,特朗普称希望美国新冠死亡人数不超10万",1,0,0,2020-05-02 13:58,微博国际版,['http://ww3.sinaimg.cn/large/005BFqhaly1gee2f5eokhj30pu0h5q4t.jpg'],,
4500134483860950,J03uUgcpo,6473337360,旧听-情话,发布了头条文章：《美国确诊人数已经突破109万！患者尸体被摆放在白宫门口，呼吁特朗普下台》O美国确诊人数已经突破109万！患者尸体被摆放在白宫门口，呼吁特朗普下,http://t.cn/A6AVEBEJ,,,,0,0,0,2020-05-02 13:58,微博 weibo.com,,,
4500134476797960,J03uTswsw,2695103632,亦道亦匪,以为还是大清呢，做梦吧,,,,,0,0,0,2020-05-02 13:58,Android客户端,,,4500082039705731
4500131481356157,J03q45GNv,2315105363,极情肆射,我咋想起来，当初世卫组织警告特朗普疫情严重性时，特朗普发话：没有谁能够比我更了解这个病毒了！放心吧小流感而已😄严厉谴责世卫组织和白宫吹哨人福奇散布恐慌，并且后期还把美国钟南山冷冻起来不让讲话～我手里的这份旧报纸，众多媒体还连篇累牍的猜测，福奇无端扩大疫情恐慌影响了经济，可能已经被特朗去普政府暗杀了……那么如果世卫组织在福奇失踪后，再无端指责美国防控措施不力（实际上也做了）必会造成疫情后期严重如同美国末日，尽职下散布恐慌（川普这么看的）道指是否跌破万点，特朗普丧心病狂杀光世卫组织成员呢😄有些事人家点到了，啰嗦多了确诊20万世卫组织就被灭了，你是诚心来祸害美股来了😁！……优质资讯精选，尽在QQ浏览器O网页链接,,,,,1,3,0,2020-05-02 13:46,荣耀畅玩5X 全网通,,,
4500134459546441,J03uRE3sR,2315105363,极情肆射,手里的旧报纸还显示，第一时间特朗普任命副总统负责疫情，单独汇报特朗普同意后的防疫措施，美国疾控中心甚至没有资格参加疫情防控措施一切会议！世界媒体一片哗然成了各国大笑话,,,,,0,1,1,2020-05-02 13:58,红米Redmi,,,4500131481356157
4500078703699649,J022WfwrL,5802446902,澄泓-研究君,按照美国媒体的说法，特朗普撒谎不是新闻。《华盛顿邮报》就统计过，特朗普宣誓就职后的298天里，他共撒谎1628次，平均每天5.5次……但有些大谎，却是国际笑话。最新的一个，就是在白宫记者会上，记者询问：你是否认为现有情报有很强可信度显示病毒来自“武汉实验室”……特朗普回答：是的，我认为是。从现场视频看，记者明显就感到不信，还特意提醒特朗普：就在几个小时前，美国国家情报总监办公室发表声明说，美国情报界认同广泛科学共识，新冠病毒非人造或经过基因修改……特朗普显得很惊讶，还再三询问：到底是谁发布的？但最后，他还是下结论：我有证据！证据在哪里呢？他回答：我不被允许告诉你这个。我刚开始还很担心，淳朴的美国人，别又相信总统说的吧！赶紧上美国社交网络看了看，好家伙，可以说99.99%的声音，都认为总统在撒谎。就在NBC的相关新闻下，排前列的两条留言是：不到七天前，他还建议注射消毒剂呢，我们真要关心他说什么吗？,,,,,260,40,81,2020-05-02 10:17,小米MIX2S 全面屏,,,
4500134333434239,J03uFepoX,5589453734,禾火_文武,//@宇辉战舰://@侯宁:特朗普宣誓就职后的298天里，他共撒谎1628次，平均每天5.5次……,,,"宇辉战舰,侯宁",,0,0,0,2020-05-02 13:58,小米8 SE,,,4500078703699649
4500134328962556,J03uEBBzm,6029405152,晨光躲渐进,你们还有很多爱你们；关心你们的人，会难过，不要难过了、会烦……#特朗普称注射消毒液的说法只是讽刺#,,,,特朗普称注射消毒液的说法只是讽刺,0,0,0,2020-05-02 13:58,iPhone客户端,,,
4500115861625189,J030S6OMJ,1974576991,环球时报,【特朗普宣布瑞德西韦获紧急使用授权，用于新冠治疗】1日，特朗普在美国白宫宣布，瑞德西韦获得了美国食药监局发放的紧急使用授权，用于治疗住院的新冠患者。而目前关于瑞德西韦的疗效和安全性仍有争议，上月29日，美国传染病学专家福奇称实验结果显示该药可缩短新冠患者康复时间。同一天，《柳叶刀》发表了在武汉进行的瑞德西韦临床试验结果，显示瑞德西韦对危重症住院患者既未加快恢复速度，也未降低病死率。L微丢的微博视频@微丢,,,微丢,,142,477,1301,2020-05-02 12:44,微博 weibo.com,,"http://f.video.weibocdn.com/IJaQbjevlx07CWMokWHm010412005r420E010.mp4?label=mp4_ld&template=640x360.25.0&trans_finger=40a32e8439c5409a63ccf853562a60ef&Expires=1592209597&ssig=7t8mHOt%2Bke&KID=unistore,video",
4500134288018852,J03uAxE4k,3323103004,eiiy12-1,这个神奇的“普世”的政治病毒，科学家得听总统的吧？,,,,,0,0,0,2020-05-02 13:58,iPhone,,,4500115861625189
4500134279343424,J03uzDcEo,1656831930,环球资讯广播,【#白宫拒绝福奇出席疫情应对调查听证会#】美国众议院拨款委员会下周将就政府对新冠肺炎疫情的应对召开听证会，拟传唤传染病专家福奇出席听证。该委员会发言人霍兰德1日表示，白宫官员当天通知，拒绝让福奇参加听证会。白宫副发言人贾德·迪尔当天表示，在特朗普政府继续应对疫情、推进疫苗开发之际，让相关个人出席国会听证会将适得其反。（央视记者王逢治）,,,,白宫拒绝福奇出席疫情应对调查听证会,8,4,11,2020-05-02 13:58,微博 weibo.com,['http://ww1.sinaimg.cn/large/62c13fbaly1gee145reu6j20fd09z4be.jpg'],,
4500134278767860,J03uzAMV6,1847123567,香港商報網,"【特朗普下行政令禁用部分外国电力设备】据新华社报道，美国总统特朗普1日发布行政命令称，为确保大容量电力系统的安全，将禁止美国购买对国家安全造成风险的海外电力设备，并授权能源部长甄别相关实体和采取适当行动。特朗普称，大容量电力系统是那些寻求对美国政府和民众进行""恶意网络攻击""等活动的目标，电力系统设备""不受限制""的外国供应对美国""国家安全、外交政策和经济发展构成严重威胁""。根据这份行政命令，美能源部长有权设立和发布认定特定设备和供应商的标准，并识别已在使用中的禁用设备，对这些设备进行监控和替换。这项行政命令还要求能源部长牵头成立一个关于能源基础设施采购政策的特别工作组。工作组将与能源行业保持沟通，确保电力系统安全。",,,,,22,33,66,2020-05-02 13:58,微博 weibo.com,['http://ww4.sinaimg.cn/large/6e18de6fgy1gee0lxosvij20du07rq39.jpg'],,
