﻿id,bid,user_id,用户昵称,微博正文,头条文章url,发布位置,艾特用户,话题,转发数,评论数,点赞数,发布时间,发布工具,微博图片url,微博视频url,retweet_id
4504438104990541,J1RsekWgB,7423247082,飞跃的神箭,今天不能大跌，否则......今天中国股市不能大跌，否则就坐实了特朗普所言：中国股票的指数基金“是有风险且不合理的”。“投资中国公司将面临信息披露不足等风险”。这样，中国股市谁还敢玩，谁还会来玩？中午主要是创业板三大权重瘟猪仔，东方财富，宁德时代齐心协力打压题材股指数。,,绵阳,,,0,0,1,2020-05-14 10:59,Redmi Note 8四摄,"['http://ww3.sinaimg.cn/large/0086nbFEgy1gersodogr9j30sf194wlx.jpg', 'http://ww3.sinaimg.cn/large/0086nbFEgy1gersojn5k1j30rt1a0n4a.jpg', 'http://ww4.sinaimg.cn/large/0086nbFEgy1gersok901gj30tm19g468.jpg']",,
4504058700416050,J1HAi1Keu,3053795833,全娱乐揭秘,#黄子韬吐槽特朗普#哈哈哈哈黄子韬是真的真情实感地玩微博！太刚了吧！来康康黄子韬可爱又有趣得一面吧！L全娱乐揭秘的微博视频,,,,黄子韬吐槽特朗普,154,161,789,2020-05-13 09:52,360安全浏览器,,"http://f.video.weibocdn.com/B0efQY8Dlx07Del7unug01041200weGg0E010.mp4?label=mp4_ld&template=632x360.25.0&trans_finger=40a32e8439c5409a63ccf853562a60ef&Expires=1592211583&ssig=ab4UhQ1pQD&KID=unistore,video",
4504438087855443,J1RscwXyH,6021130948,Lily小姐有点慌,韬韬太可爱了,,,,,0,0,0,2020-05-14 10:59,前置双摄vivo X9Plus,,,4504058700416050
4504407331123130,J1QEB4Ib0,1887344341,观察者网,【打算和彭斯分开多久？特朗普：我很想念他一直在通电话】5月13日，美国白宫，记者提问特朗普，打算和副总统迈克·彭斯分开多久？特朗普称，还没有和彭斯见过面，非常想念他，也一直在通电话。“我们分开办公，因为谁也不知道，和这个可怕又疯狂的疾病一起会发生什么”。上周，副总统彭斯的新闻秘书米勒新冠检测呈阳性，彭斯开始自我隔离，减少和特朗普接触。L微丢的微博视频,,,,,44,139,720,2020-05-14 08:57,专业版微博,,"http://f.video.weibocdn.com/4WGDaiIXlx07DfRyyVPy010412005HCl0E010.mp4?label=mp4_ld&template=640x360.25.0&trans_finger=40a32e8439c5409a63ccf853562a60ef&Expires=1592211583&ssig=XR0H2RI1OP&KID=unistore,video",
4504438050822850,J1Rs93s3M,6784911823,臻蛮,//@战略安全与军控在线:转发微博,,,战略安全与军控在线,,0,0,0,2020-05-14 10:59,微博 weibo.com,,,4504407331123130
4504438050003181,J1Rs900Pj,7391034526,深圳枫桥,#鲍毓明辞去中兴通讯职务#【特朗普宣布华为中兴供货禁令延长至明年5月】据外媒报道，当地时间周三，美国总统唐纳德·特朗普宣布延长针对华为和中兴等中国公司的供应链禁令至2021年5月。上述禁令是特朗普于2019年5月签署的，宣布美国进入国家紧急状态，并禁止美国公司使用构成国家安全风险的公司制造的电信设备。这项禁令以《国际紧急经济权力法案》为依据，该法案赋予总统监管商业的权力，以帮助应对威胁美国安全的国家紧急状态。美国议员表示，该禁令直接针对华为和中兴等中国公司。但据知情人士表示，预计美国商务部还将再次延长将于本周五到期的“临时许可证”，以允许美国公司继续与华为做生意。此前，美国商务部已经发布了数次临时许可证延期决议。今年3月，该机构曾就是否应该发布未来的延期征询公众意见，并询问“如果临时许可证不再延期，将对美国公司产生什么影响？”商务部还询问了与终止许可证相关的成本。,,,,鲍毓明辞去中兴通讯职务,0,0,0,2020-05-14 10:59,HUAWEI Mate 9,['http://ww1.sinaimg.cn/large/0084c1Iigy1gersnvjdrgj30fe0a9wfz.jpg'],,
4504438045962606,J1Rs8p194,1413782404,爱德华希尔,@时差视频【#特朗普反驳福奇仓促重启警告#：他想玩等式的两面，不可接受】美国国家过敏症和传染病研究所所长福奇此前称过早重启经济恐致严重后果，特朗普13日表示，这一警告是“不可接受的”，尤其是学校复课方面。他称病毒对年轻人影响很小，应该重开学校。L时差视频的微博视频,,,时差视频,特朗普反驳福奇仓促重启警告,0,1,1,2020-05-14 10:59,,,"http://f.video.weibocdn.com/2YKTMl5Ilx07DfZhGXNS01041200eKY70E010.mp4?label=mp4_ld&template=360x640.24.0&trans_finger=81b11b8c5ffb62d33ceb3244bdd17e7b&Expires=1592211583&ssig=e6KIC8GSK9&KID=unistore,video",
4504438032713152,J1Rs7bnOw,5750856274,让人民阳光幸福112233,《正副总统都感染就轮到死对头佩洛西上位特朗普慌了：要非常小心》正副总统都感染就轮到死对头佩洛西上位特朗普慌了：要非常小心O网页链接,,,,,1,1,0,2020-05-14 10:59,百度App,['http://ww4.sinaimg.cn/large/006hc0qmly1gersoa03cmj30q50eoabv.jpg'],,
4504389077124715,J1Qb9tTsL,6498373231,凤凰王又又,#美国疫情#众议院议长佩洛西13号接受美联社采访时表示，她有一个信息想传达给特朗普：“说实话。”佩洛西谈及特朗普近日就病毒和中国的言论：“我认为他们对中国的关注，是对我们必须在国内采取措施的一个转移。我认为当然必须进行事后审查，我们想知道如何这是开始的，如何在全球爆发，这是适当的。但是，这不应取代我们现在专注于在国内需要做的事情。是的，我们想知道这场疫情的根源，但现在让我们关注：我们为什么不进行测试，我们如何帮助人们，以及我们的州和地方如何失去资源和就业岗位。”佩洛西还就特朗普最近发表的一些言论表示，那些言论不是基于科学研究和证据：“注入Lysol(消毒剂)、病毒会神奇地消失、骗局，所有这些。我也相信奇迹，我也相信祈祷。但是，我们在祈祷的同时必须需求解决方案：我是祈祷的坚定信徒，我为所有家庭祈祷，我祈祷美国总统的心灵将充满结束这一切所需的爱和知识。”L凤凰王又又的微博视频,,,,美国疫情,460,327,2380,2020-05-14 07:45,微博 weibo.com,,"http://f.video.weibocdn.com/hTrFZiqxlx07DfL32lS001041200ctro0E010.mp4?label=mp4_ld&template=640x360.25.0&trans_finger=40a32e8439c5409a63ccf853562a60ef&Expires=1592211583&ssig=JqghG6Dtfa&KID=unistore,video",
4504438024754978,J1Rs6jWZc,7320828671,6月的海2月的风,美国党争第一，不能让懂王转移目标。现在发现的最早病例，在美国、法国等西方国家，应该先从他们开始调查，尤其是美国，那么多国内外的p4和p3实验室，非常不透明，干了很多反人类的事，必须马上公开接受世家各国专家组的调查。,,,,,0,0,0,2020-05-14 10:59,iPad air,,,4504389077124715
4504438021187128,J1Rs64YPe,5710586189,封面西洋镜,【#纽约时代广场惊现特朗普死亡时钟#设计者：60%新冠病人的死亡本可避免】当地时间5月8日，美国纽约时代广场出现一块名为“特朗普死亡时钟”的大型广告牌，巨大的红色数字实时更新美国新冠肺炎死亡人数，“死亡时钟”设计者，美国导演尤金·杰拉其表示，如果特朗普和他的政府早采取措施，60%病人的死亡本可以避免，如果他继续宣传注射消毒水，不顾疾控中心的防控指南，敦促大家像往常一样工作，这是在迫害生命。L封面新闻视频的秒拍视频#美国新冠肺炎确诊超138万##白宫使用的检测装置经常出现错诊#,,,,"纽约时代广场惊现特朗普死亡时钟,美国新冠肺炎确诊超138万,白宫使用的检测装置经常出现错诊",0,0,6,2020-05-14 10:59,360安全浏览器,,"http://miaopai.video.weibocdn.com/09bVCjEBlx07DfX7FEg0010412001W9Q0E013.mp4?label=mp4_ld&template=640x360.25.0&trans_finger=40a32e8439c5409a63ccf853562a60ef&Expires=1592211583&ssig=7O9cdzPAdt&KID=unistore,video",
4504437983346531,J1Rs2e2Aj,87166417,吕建凤,亿万富翁纷纷唱空，特朗普怒批：别听，他们在做空股市O亿万富翁纷纷唱空，特朗普怒批：别听，他们在做空股市,,,,,0,0,0,2020-05-14 10:59,分享按钮,,,
4504437932485280,J1RrXaqxa,6409213281,股海智淘,特朗普又摆攻击姿态O突发！特朗普刚签署命令，电信设备禁令延期一年！供应链再遭扰动，华为概念逆市走强，国产替代迎风口？,,,,,0,0,0,2020-05-14 10:59,OPPO智能手机,,,
4504437916523852,J1RrVrn9q,6619135760,用户6619135760,#腾讯新闻#记者有话说:蓬佩奥戴上了花口罩……，口罩亮了！如果一个特朗普的主要支持者，捍卫者和奉承者带着口罩，这意味着什么？病毒真实存在疫情没有变好。13日，蓬佩奥抵达以色列开展访问，下飞机时还戴着一只红蓝色印有星条旗图案的口罩。耶路撒冷邮报记者称，这是她第一见到蓬佩奥戴口罩。也有网友表达自己的不满：“蓬佩奥为了以色列人戴上了口罩，美国人民不值得吗？”白宫此前有多名工作人员确诊感染新冠病毒。O腾讯新闻·热推L蓬佩奥戴上了花口罩……来自@腾讯新闻,,,腾讯新闻,腾讯新闻,0,0,0,2020-05-14 10:59,腾讯新闻客户端,,http://type=feedvideo&objectid=2003338005:4504437914533908&keys=4504437920890927&cover_img=//puui.qpic.cn/qqvideo_ori/0/w09654ik1ew_496_280/0&card_height=280&card_width=496&play_count=0&short_url=http://t.cn/A6ABj7ea&encode_mode=&bitrate=277&biz_id=231268&current_mid=0&key=tblog_card&title=蓬佩奥戴上了花口罩……&full_url=//m.v.qq.com/play.html?vid=w09654ik1ew&ptag=887&object_id=2003338005:4504437914533908&video_src=https://multimedia.api.weibo.com/2/multimedia/redirect_tencent_video.json?vid=w09654ik1ew,
4504437886105135,J1RrSpCdV,1977889537,深圳网警,【#特朗普挑拨称美华裔对中国很愤怒#，华裔女议员：我们对你很愤怒！】在白宫记者会上与美国哥伦比亚广播公司（CBS）华裔女记者蒋维佳（音译）上演激烈交锋，然后拂袖而去的“大戏”后，美国总统特朗普又搞了一出“拿手戏”——一面继续熟练地“甩锅”中国，一面挑拨华裔与中国的感情，称“华裔美国人对中国很愤怒”。不料这一做法迅速“翻车”，引发许多华裔乃至亚裔美国人的强烈不满，华裔女议员孟昭文更是直怼特朗普：“我们对你很愤怒！”#美国新冠肺炎确诊超138万#（环球网）O特朗普挑拨说“美国华裔对中国很愤怒”，华裔女议员：我们对你很愤怒！,,,,"特朗普挑拨称美华裔对中国很愤怒,美国新冠肺炎确诊超138万",0,5,22,2020-05-14 10:59,微博 weibo.com,"['http://ww4.sinaimg.cn/large/75e43301gy1gerqu6zliej20fe0aamyc.jpg', 'http://ww4.sinaimg.cn/large/75e43301gy1gerqu6zm74j20sg16rwfh.jpg']",,
4504411117916103,J1QKHxdl5,1887344341,观察者网,【特朗普又不听福奇话了：病毒对年轻人影响小】13日，特朗普在白宫表示，福奇在听证会上对于提早重启的警告让他惊讶，“这对我来说不是一个可以接受的答案，尤其是在学校复课方面。我能接受上了年纪的人再休息几周，但对于小孩，年轻人来说...你去看看数据就知道了。”#特朗普不认同福奇警告称学校应复课#L微丢的微博视频,,,,特朗普不认同福奇警告称学校应复课,84,262,1669,2020-05-14 09:12,专业版微博,,"http://f.video.weibocdn.com/LPFCMijOlx07DfRJODwI0104120069di0E010.mp4?label=mp4_ld&template=640x360.25.0&trans_finger=bdef57f06ae52835a2c783ca389e8517&Expires=1592211583&ssig=%2FafV88cZtP&KID=unistore,video",
4504437848516232,J1RrOzJsA,2166287270,弃医从文的时代,转发微博,,,,,0,0,0,2020-05-14 10:58,iPhone客户端,,,4504411117916103
4503958775030424,J1EZ7l6DS,7412144236,小少女爱叔叔,特朗普客串过《小鬼当家2》#拯救不开心##精选片段##电影#L小少女爱叔叔的微博视频,,,,"拯救不开心,精选片段,电影",4,12,3,2020-05-13 03:15,电影超话,,"http://f.video.weibocdn.com/000Q4jU6gx07DdTQQtyE010412001ZUh0E010.mp4?label=mp4_ld&template=636x360.25.0&trans_finger=40a32e8439c5409a63ccf853562a60ef&Expires=1592211583&ssig=ptcHXedQgF&KID=unistore,video",
4504437841088369,J1RrO4z8l,7439972110,惊绿z03,转发微博,,,,,0,0,0,2020-05-14 10:58,小米手机4,,,4503958775030424
4504437761439505,J1RrG62tP,6283614369,年轮印迹,我在看：【黄子韬吐槽特朗普，你怎么看？】#跟新浪看热点#O黄子韬吐槽特朗普，你怎么看？,,,,跟新浪看热点,0,0,0,2020-05-14 10:58,新浪新闻客户端,,,
4504437752148146,J1RrF90Pw,2881177230,亚太日报APD,#如果时光可以倒流，世界防疫能否做得更好？#新冠病毒肺炎疫情的全球大流行限制了人们的外出，重创了各国的经济，导致数百万人失业。面对疫情，世界卫生组织早在1月的第一周就发出预警，并对此进行调查。几周后，世卫组织称此病毒会在人际间传播，并宣布该疫情构成国际关注的突发公共卫生事件，并警告所有国家加以防范。在3月的第二周，世卫组织正式将其定性上调为全球性大流行，并率先采取了一些行动，例如和其他国际组织一起创建2019冠状病毒病(COVID-19)团结应对基金，以及寻找有效的治疗方案。但是，许多国家，尤其是美国，都错失了防控的黄金窗口期。美国总统特朗普不止一次表示对这种新病毒的不屑。他在CNBC采访中表示：“疫情处于控制中。”“一切都会好起来的。”他错过了6周的窗口期，甚至在三月初也没采取什么措施。实际上，世卫组织在疫情爆发的最初几天就发出了预警。一天后，美国卫生和公共服务部秘书也宣布了该国进入公共卫生紧急状态，比特朗普宣布的提前数周。与此同时，中国在竭尽所能努力抗疫，采取包括封城等各种硬核措施控制疫情。实践证明确实有效。“中国模式”被不少国家复制，也取得了很好的效果。我们或许可以从100多年前的防疫斗争学习经验。在1910-1911年，中国东北地区爆发鼠疫大流行，疫情威胁京津，并有可能进一步蔓延。在这种情况下，清政府起用西医伍连德主持东三省防疫，通过一系列的隔离防疫手段，包括封锁、隔离，佩戴口罩，限制外出，有效地平息疫情。在疫情最终得到控制后，清政府在沈阳召开了万国鼠疫研究会议。来自美国、日本、俄罗斯、英国、法国等国家的病毒学家、细菌学家、流行病学家和疾病专家出席会议，合力找出疫情爆发并快速传播的原因，讨论控制疫情最有效的方法和预防第二波疫情的措施。,,,,如果时光可以倒流，世界防疫能否做得更好？,1,0,1,2020-05-14 10:58,iPhone客户端,['http://ww1.sinaimg.cn/large/abbb468ely1gersmmnrnrj20fe09mq4e.jpg'],,
4504317913414699,J1OknekjN,1638782947,新浪财经,【美股大幅下挫、亿万富翁纷纷唱空特朗普坐不住了#特朗普怒批富人做空股市#】特朗普在社交媒体上写道，当那些所谓的“富人”说市场的坏话时，你必须永远记住，有些人是在做空市场，如果市场下跌，他们就会赚很多钱。然后他们转而看涨，积极地宣传，以促使市场上升。O亿万富翁纷纷唱空特朗普坐不住了怒批他们“大举做空”股市,,,,特朗普怒批富人做空股市,689,550,2081,2020-05-14 03:02,微博 weibo.com,['http://ww3.sinaimg.cn/large/61add7e3ly1gerevmca6wj20dr0750sy.jpg'],,
4504392818015473,J1QhbxDbP,3066076637,元宝--天空飘过五个字,//@头条新闻:#特朗普怒批富人做空股市#,,,头条新闻,特朗普怒批富人做空股市,0,0,0,2020-05-14 07:59,iPhone客户端,,,4504317913414699
4504392806597162,J1QharGdQ,6830179813,用户6830179813,没说清楚//【美国宾夕法尼亚州议员呼吁特朗普停止竞选访问活动】O美国宾夕法尼亚州议员呼吁特朗普停止竞选访问活动,,,,,0,0,0,2020-05-14 07:59,手机新浪网,,,
4503673114425490,J1xynizgS,2174585797,王冰汝,#美国疫情##特朗普与女记者僵持不下转身就走#今天特朗普记者会的尴尬一幕，然后记者会就戛然而止了。第一位记者是CBS的华裔记者，第二位是CNN的记者。L王冰汝的微博视频,,,,"美国疫情,特朗普与女记者僵持不下转身就走",5561,2310,32936,2020-05-12 08:20,,,"http://f.video.weibocdn.com/AzLNPILWlx07DcDTxzdC01041200aDl30E010.mp4?label=mp4_ld&template=640x360.25.0&trans_finger=40a32e8439c5409a63ccf853562a60ef&Expires=1592211618&ssig=CPdCSGOWPM&KID=unistore,video",
4504392802007597,J1Qha8qgB,6215681967,一次清优,转发微博,,,,,0,0,0,2020-05-14 07:59,iPhone客户端,,,4503673114425490
4504392764429377,J1Qh6iAhz,1659958915,流云130,《将中国制造赶出美国？特朗普铁了心靠反华拉选票，欲全面去中国化》一场新冠肺炎疫情可是让美国的政客们都颜面无存，而其中美国总统特朗普的支持率也是一落千丈。想要和中国脱钩，达到“去中国化”。O网页链接,,,,,0,0,0,2020-05-14 07:59,百度极速版,['http://ww1.sinaimg.cn/large/62f0f683ly1gernh03e7uj208o05sq34.jpg'],,
4504392763782534,J1Qh6fS0C,6008378082,猫街弥巷买办,【腾势电动汽车10月31日在京上市】10月31日！新车共有时尚版和尊贵版两种车型……由比亚迪和戴姆勒联合打造的纯电动汽车DENZA腾势将在北京上市；并已进入北京市新能源汽车目录、腾势电动汽车续航里程为300km……根据此前公布的价格分别为36.9万元和39.9万元#特朗普称注射消毒液的说法只是讽刺#,,,,特朗普称注射消毒液的说法只是讽刺,0,0,0,2020-05-14 07:59,iPhone客户端,,,
4504392760744852,J1Qh637LK,5366109412,HIWJNH,全球确诊超433万特朗普仍强推复工O一文读懂全球疫情:全球累计确诊病例逾433万日本拟解除紧急状态,,,,,0,0,0,2020-05-14 07:59,mcc_mi,,,
4504392718365452,J1Qh1z6eE,7453667991,试着坚强点_昁,//@新浪科技:#特朗普怒批富人做空股市#推特治国,,,新浪科技,特朗普怒批富人做空股市,0,0,0,2020-05-14 07:59,小米手机4,,,4504317913414699
4504190757390706,J1L1hv0EW,1743951792,美国驻华大使馆,美国的新冠病毒疫情已近高峰，从联邦到州到地方，都在议论解封的话题，有的还以示威的方式呼吁尽快解封，个别地方已经局部放宽了出行禁令。其实，美国各地实行的居家避疫，远远不像某些国家的“封城”，小区门口（如果有的话）没人拦截，高速入口也没有禁行，人们可以自由出入，只不过非必要的商业店铺，特别是容易聚众的场所例如酒吧影院游乐场等暂时停业，外出购物则建议每家最好一次一人。此外，居民随时可以上街走路跑步，除了与他人保持6英尺的“社交距离”之外，有的地方连戴口罩的要求都没有。O疫情中的美国人：居家避疫与亲近自然两不误,,,,,3299,5360,42169,2020-05-13 18:37,微博 weibo.com,,,
4504392701269424,J1Qh05keA,7124984593,还是无敌夹炉石,//@占豪:想想奥巴马任期，博主那都是歌颂民主精神米利坚的。如今特朗普时期，成了中国的爱国主义教育基地，你们难道不怀疑川总吗？！//@高程CASS:【疫情中的美国人：居家避疫与亲近自然两不误】——享受自由与搞死家人两不误，都死8万多了，搞笑博主让人深刻体会到：丧事喜办，你国至上。。。,,,"占豪,高程CASS",,0,0,0,2020-05-14 07:59,HUAWEI Mate 20 X,,,4504190757390706
4504392676609642,J1QgXrJt8,1009047765,过客9376,党争是基础,,,,,0,0,0,2020-05-14 07:59,HUAWEI Mate 20,,,4504389077124715
4504022906066350,J1GEyps8m,6498373231,凤凰王又又,#美国疫情#美国传染病专家福奇12号出席参议院听证会时警告说，美国新冠病毒死亡人数“几乎可以肯定”高于目前报道的数字。这部分内容来自于他和参议员桑德斯之间的对话。-美国新冠死亡人数桑德斯：官方统计数字是8万美国人死于新冠。有一些流行病学家认为这个数字可能比这个数字高50％。你怎么看？福奇：我不确定是否会高出50％，但我们大多数人认为死亡人数可能会高于该数字，因为考虑到集体情况，尤其是在纽约市，新冠给他们的医保系统带来了非常严峻的挑战，结果就是，可能有些人在家中死亡，他们患有新冠，但由于他们从未去过医院而未被视计入，因此直接回答您的问题，我认为这个数字可能会更高。但我不知道确切的百分比是多少，但几乎可以肯定会更高。”-新冠是否会在秋冬出现第二波疫情桑德斯：我们是否应担心，在秋天或冬天情况可能会变得更糟？福奇：我认为这种可能性确实存在。期待这种病毒消失，那是不会发生的，因为它是一种极易传播的病毒，即使我们在过去的几个月中进行了更好的控制，也很有可能，病毒在这个星球上的某个地方继续存在，最终再回到我们身上。因此，我对秋天反弹和第二波的可能性的看法是，A是完全可以想象的，并且有可能会发生。但是B，鉴于我们测试的能力、个人防护设备的储备、以及疾控中心能够识别、隔离和追踪联系人的能力上来了，我希望如果我们有第二波疫情中，我们将能够非常有效地应对它，以防止它爆发，不仅不能比现在更糟，而且要少得多。由于跟白宫确诊新冠肺炎的员工接触过，目前美国疾控中心主任RobertRedfield、食品药物管理局局长StephenHahn都进入自我隔离状态。福奇医生被评定为低风险接触，目前也主要在家工作，进入办公室时会戴上口罩并保持社交距离。L凤凰王又又的微博视频,,,,美国疫情,154,105,466,2020-05-13 07:30,微博 weibo.com,,"http://f.video.weibocdn.com/bGSOwvO4lx07De7jAHEs01041200blAj0E010.mp4?label=mp4_ld&template=640x360.25.0&trans_finger=40a32e8439c5409a63ccf853562a60ef&Expires=1592211618&ssig=HOVYJd5m8p&KID=unistore,video",
4504392654728875,J1QgVjQcb,7454333241,锾螬zhu从蓉,//@凤凰王又又:福奇昨天在国会听证会上警告称，过早重启州和学校可能会带来可怕的后果。特朗普：这不是一个可以接受的答案。,,,凤凰王又又,,0,0,0,2020-05-14 07:59,小米手机4,,,4504022906066350
4504392646317773,J1QgUqvxz,2591348295,卜式的牧羊歌,#晨早财经综合分析##政经风云#美国到底要不要负利率?昨夜今晨，欧美股市全面下跌。美联储主席鲍威尔对未来经济前景预测悲观，使得投资者以卖出为主，转投美国债，股市下跌。新冠疫情在美仍未受控，是非常大的隐患。作为全球经济的大龙头，美国经济迟迟不能回复正轨，对全世界经济活动，影响深远。而此时，特朗普打出“负利率”这张牌，对于美国经济，初看很美好，但真未必是好事，甚至是饮鸩止渴。如今美联储已经是无限QE，不断“灌水”。一旦实行负利率，就是鼓励资金需求端无限制借入资金，不仅没有借入成本，甚至美联储还倒贴利息。如此一来，美元泛滥，将演变成海啸，席卷各行业，乃至全世界。世界经济很可能严重失真，而且失控。通货膨胀将从美国，迅速推动到全球，泡沫风险空前高涨。负利率美元，将完全骑劫世界经济，驶向未知的航向。,,,,"晨早财经综合分析,政经风云",0,0,0,2020-05-14 07:59,HUAWEI Mate 10,,,
4504392646621061,J1QgUrMrj,3961298831,雨后晴空的世界,《说完“错在总统、不在中国”，美记者挨批》“我们像无头苍蝇一样。是的，这是总统的错，不是中国的错。”麦克尼尔呼吁美疾控中心主任辞职，还称特朗普的科学认知水平不到三年级。O网页链接,,,,,0,0,0,2020-05-14 07:59,百度App,['http://ww2.sinaimg.cn/large/ec1c9f8fly1gerngm67s2j208o05saa7.jpg'],,
4504129416125797,J1JqlpHBb,1775638471,21世纪英文报,"#特朗普与女记者僵持不下转身就走#【""别问我，去问中国！""特朗普粗暴结束华裔记者提问】当地时间5月11日，美国总统特朗普在白宫召开新冠肺炎疫情新闻发布会。来自美国哥伦比亚广播公司(CBS)的华裔记者蒋维佳（音）提出了一个尖锐的问题：“您多次提到，美国在检测（新冠病毒）方面比其他任何国家都做得好。为什么这件事如此重要？为什么这对您来说却是一场全球竞争？即使每天都有美国人民死去，我们每天仍能看到更多的新增病例。”特朗普回答称：“世界各地都有人在死去，这个问题或许你该去问问中国。”随后他拒绝让先前自己点到的CNN记者提问。双方僵持几回合后，特朗普突然提前结束了整场发布会，转身离开了……L21世纪英文报的微博视频",,,,特朗普与女记者僵持不下转身就走,13,22,24,2020-05-13 14:33,微博视频,,"http://f.video.weibocdn.com/YKzv1FRGlx07DeEpiseI01041200feNO0E010.mp4?label=mp4_ld&template=640x360.25.0&trans_finger=40a32e8439c5409a63ccf853562a60ef&Expires=1592211618&ssig=WvnHdI4A6%2F&KID=unistore,video",
4504392634599598,J1QgTjiz4,5295584421,开玩笑而已别当真,转发微博,,,,,0,0,9,2020-05-14 07:59,iPhone客户端,,,4504129416125797
4504377749083613,J1PSSC73T,1893801487,微天下,#特朗普称美国学校应尽快复课#【#特朗普不接受福奇博士开学警告#：病毒对年轻人影响很小】特朗普一直要求复工和开学，并表示白宫设定了在秋季之前接种1亿支疫苗的目标。周二的听证会上，美国传染病专家福奇博士表示反对，表明疫苗和治疗都不能及时开发和分发，以促进学校重新开学。周三，特朗普称自己不能接受福奇博士的警告：我对他的回答感到挺意外的，我不接受他的回答，特别是关于学校，我认为他们绝对应该重开学校。我认为他们应该，病毒对年轻人的影响很小，但是我认为绝对应该开放学校。如果学校关闭，我认为我们的国家不能重启。L微天下的微博视频,,,,"特朗普称美国学校应尽快复课,特朗普不接受福奇博士开学警告",244,538,3350,2020-05-14 07:00,微博视频,,"http://f.video.weibocdn.com/VBPlnZAElx07DfKbqN1K0104120076v20E010.mp4?label=mp4_ld&template=640x360.25.0&trans_finger=40a32e8439c5409a63ccf853562a60ef&Expires=1592211618&ssig=6ViAdLzyPc&KID=unistore,video",
4504392613933900,J1QgRgvo0,2702080302,了了Bayview,学校停课，在中国是个很好的缓冲，但在美国、加拿大，却是经济重启一道难题。人权、女权，老年人退休是享受、女性在乎平等，这些更先进的文明，这下都不好办。年龄越小，越是到处摸、到处往嘴放，美国、加拿大，怎么重启学校是个看点。,,,,,0,0,0,2020-05-14 07:59,HUAWEI P20 Pro,,,4504377749083613
4504392605183980,J1QgQlKAA,2135070804,zodiac_ag,//@凤凰王又又:福奇昨天在国会听证会上警告称，过早重启州和学校可能会带来可怕的后果。特朗普：这不是一个可以接受的答案。,,,凤凰王又又,,0,0,0,2020-05-14 07:59,iPhone客户端,,,4504022906066350
4504392554402318,J1QgLitf8,1818411592,鑫垚妈咪,//@新浪科技:#特朗普怒批富人做空股市#推特治国,,,新浪科技,特朗普怒批富人做空股市,0,0,0,2020-05-14 07:58,HUAWEI Mate 10,,,4504317913414699
4504392542497250,J1QgKatEe,6224522350,今年41,华为不会很快从美国的贸易禁令中获得缓刑。特朗普总统将禁止美国公司购买和使用代表“不可接受”国家安全风险的电信设备的行政命令延长至2021年5月。该订单是商务部将华为加入其实体名单并有效禁止这家科技巨头(以及中兴等竞争对手)在该国运营的关键。,,,,,0,0,0,2020-05-14 07:58,,,,
4504377689667420,J1PSMEyW8,2167005402,开心的唐世龙,我在看：【特朗普施压退出中国股市外媒：加剧中美紧张关系】#跟新浪看热点#O特朗普施压退出中国股市外媒：加剧中美紧张关系,,,,跟新浪看热点,0,0,0,2020-05-14 06:59,新浪新闻客户端,,,
4504042749671713,J1HayEA3n,2390776643,全球疫情播报,#全球疫情#【美著名学者：特朗普拼命寻找替罪羊利用疫情来改善自己的选举前景】据《卫报》11日报道，美国著名学者诺姆·乔姆斯基表示，特朗普利用疫情来改善自己的选举前景，他应该为美国人的死亡负责。乔姆斯基称特朗普拼命想找个替罪羊，他找到的一个替罪羊是世卫组织，取消资助并明确表示想消灭他们。L海客新闻的秒拍视频,,,,全球疫情,292,114,1470,2020-05-13 08:48,,,"http://miaopai.video.weibocdn.com/lx3OUTcFlx07Dd9hAAd2010412005aaX0E013.mp4?label=mp4_ld&template=640x360.25.0&trans_finger=40a32e8439c5409a63ccf853562a60ef&Expires=1592211629&ssig=INTyfTEKt%2B&KID=unistore,video",
4504377682232910,J1PSM9mSG,2039647995,空口不言,总有明事理的人,,,,,0,0,0,2020-05-14 06:59,HUAWEI nova 2s,,,4504042749671713
4504377661241503,J1PSK5cYf,2832806420,yunyun960620,《火力全开，奥巴马怒斥特朗普！还在抹黑中国？白宫先照镜子看自己》O网页链接,,,,,0,0,0,2020-05-14 06:59,iPhone客户端,['http://ww1.sinaimg.cn/large/a8d93214ly1gerlqnxkr6j20ic0aajs4.jpg'],,
4482828580298704,IyKKu1fHO,6528856314,李荣强59,潍坊晚报）设置是从何时开始的、为什么不早设置，发送多少天了是不是瞎了？潍坊十笏园博物馆就有伪造历史的劣迹，陈毅粟裕他们就是图财害命的畜牲？！罪恶多年、丧尽天良，罪行已经上到(解放军报）上了以正视听！,,西安·纺织城,,,1710,0,0,2020-03-15 19:51,vivo智能手机,['http://ww2.sinaimg.cn/large/0077QpM6ly1gcuuv1p0b3j30u0140115.jpg'],,
4504377651703503,J1PSJ799R,6528856314,李荣强59,一九年九月爆发的流感季、去年造成了美国三千四百万人确诊，特朗普予估新型肺炎冠状病毒造成二百二十万人死亡。美众议院听证会质问美疾控中心主任罗伯特雷德菲尔德：“他们表面上死于流感、实际上死于冠状病毒”“根据现在的报告确实如此。”美国现在确诊一百三十六万、死亡八万二，三月确诊几十例,,,,,99,0,0,2020-05-14 06:59,iPhone客户端,,,4482828580298704
4504046323725149,J1HgkfD53,5083838438,猫眼看视频,#特朗普崩溃了#特朗普最想删掉的视频，你绝对没见过的美国总统打架L猫眼看视频的微博视频,,,,特朗普崩溃了,462,211,1638,2020-05-13 09:03,,,"http://f.video.weibocdn.com/001pejzOgx07DehJYj0I01041201bg1s0E010.mp4?label=mp4_ld&template=640x360.25.0&trans_finger=40a32e8439c5409a63ccf853562a60ef&Expires=1592211629&ssig=LNbptgL50u&KID=unistore,video",
4504377576938239,J1PSBt6X5,3973234842,Mr绘刻先森,转发微博,,,,,0,0,1,2020-05-14 06:59,荣耀Note10 大屏旗舰,,,4504046323725149
4504377510077762,J1PSv0kee,7326107483,柳佳衣,看了美国最先区议员的选举民主党的坚定支持者竟然都转支持共和党了特朗普连任基本肯定确定。看来在美国反华已经成了政治正确真可怕,,,,,8,25,71,2020-05-14 06:59,,,,
4504377500374831,J1PSu1zvF,3172229314,快乐前行的人,这一两年来经过这些事真的是让国人更爱国更团结了。//@占豪:想想奥巴马任期，博主那都是歌颂民主精神米利坚的。如今特朗普时期，成了中国的爱国主义教育基地，你们难道不怀疑川总吗？！/,,,占豪,,0,0,0,2020-05-14 06:59,Android,,,4504190757390706
4504377496175556,J1PStpUxK,5615706731,兵鉴堂,发布了头条文章：《乖乖戴上口罩保持距离！美国副总统幡然醒悟，全球目光聚焦特朗普》#环球军情#O乖乖戴上口罩保持距离！美国副总统幡然醒悟，全球目光聚焦特朗普,http://t.cn/A6AB2Uon,,,环球军情,0,0,0,2020-05-14 06:59,微博 weibo.com,,,
4504377488144899,J1PSsyaRl,5292231618,索罗神,在特朗普施压之后，负责监督数十亿美元联邦退休金的独立委员会FRTIB（美国联邦退休储蓄投资委员会）宣布，将无限期推迟对某些中国公司的投资计划。,,,,,0,0,4,2020-05-14 06:59,HUAWEI nova 3,,,
4504377455757756,J1PSpo9R2,1813939793,吉林老桂,//@占豪:想想奥巴马任期，博主那都是歌颂民主精神米利坚的。如今特朗普时期，成了中国的爱国主义教育基地，你们难道不怀疑川总吗？！//@高程CASS:【疫情中的美国人：居家避疫与亲近自然两不误】——享受自由与搞死家人两不误，都死8万多了，搞笑博主让人深刻体会到：丧事喜办，你国至,,,"占豪,高程CASS",,0,0,0,2020-05-14 06:58,iPhone客户端,,,4504190757390706
4504377392141334,J1PSj8Z3E,6639611187,小何视频,发布了头条文章：《美国悄然发生两大变化，特朗普阵脚已乱！》O美国悄然发生两大变化，特朗普阵脚已乱！,http://t.cn/A6AB2LbP,,,,0,0,0,2020-05-14 06:58,微博 weibo.com,,,
4504377354676520,J1PSfjCzK,1323037312,皇姑小人雪糕,『索罗斯昔日军师超悲观：狠批特朗普、看衰美联储_手机新浪网』O索罗斯昔日军师超悲观：狠批特朗普、看衰美联储,,,,,0,0,0,2020-05-14 06:58,vivo 全新水滴屏手机,,,
4504377312188183,J1PSb9bfh,1680248154,Mriller,不得不说割割这个人做人实在太特朗普！,,,,,0,0,0,2020-05-14 06:58,iPhone X,,,
4504377261534517,J1PS66rch,1099524690,凡人头条,#凡人头条##凡人财经#【外盘头条：特朗普愿望泡汤美联储当前未考虑负利率】O外盘头条：特朗普愿望泡汤美联储当前未考虑负利率,,,,"凡人头条,凡人财经",0,0,1,2020-05-14 06:58,新浪财经Android版,,,
4504377219857172,J1PS1FmiE,7453167720,嘴硬心软_唟,转发微博,,,,,0,0,0,2020-05-14 06:57,三星android智能手机,,,4503673114425490
4504377156856608,J1PRVsLIs,2326075941,从护国军师到护球世皇,【UTV兵鉴】环球网本月11日消息，据委内瑞拉南方电视台报道，在阿拉瓜州科洛尼亚托瓦尔的一次行动中，委内特朗普保镖供出大量同伙！多名军方内鬼被揪出，白宫暗示直接灭口O网页链接,,,,,0,0,0,2020-05-14 06:57,UC浏览器Android,['http://ww2.sinaimg.cn/large/8aa51a25ly1gerlogrs83j20hr0a0wfe.jpg'],,
