﻿id,bid,user_id,用户昵称,微博正文,头条文章url,发布位置,艾特用户,话题,转发数,评论数,点赞数,发布时间,发布工具,微博图片url,微博视频url,retweet_id
4510175933483957,J4gINeCkR,6276807424,魂婊,#霉霉怒怼特朗普#没什么可说的了感觉霉这是要把总统位置给抢下来的气势,,,,霉霉怒怼特朗普,0,0,4,2020-05-30 07:00,女高中生的iPhone客户端,,,
4510166966475142,J4gukratM,1989660417,胡锡进,特朗普总统在北京时间星期六凌晨通过记者会宣称，中国制定涉港国安法已经把“一国两制”的承诺变成了“一国一制”，他表示美国“将采取行动，取消香港作为中国一个单独的海关和旅游地区所享有的优惠待遇”。他同时表示，将制裁“有损香港自治”的官员；暂停被认定为有损美国国家安全的中国学生入境；指示金融工作小组研究中国企业在美国资本市场的上市行为，等等。这是一个充满谎言的记者会。特朗普肆意捏造涉港国安法给香港社会带来的变化，妄言中国内地和香港从此“一国一制”，而无视两地从政治制度到治理体系和社会风貌的巨大差异。在同一个记者会上，特朗普还宣布与世卫组织切断关系，他声称中国“完全控制了”该组织。而全世界恐怕没有一个国家，包括美国的盟国相信这一指控。特朗普团队自己最清楚他们给世卫贴这个虚假标签是为了给自己抗疫不力甩锅、煽动美国公众对外仇恨的竞选策略。华盛顿正在开启更大的赌博，不过美国经济的脂肪已经没有过去厚了，它又因为新冠肺炎而咳嗽着。特朗普团队手中的筹码远没有他们对外咋呼的那样全面、充裕。我们注意到，特朗普宣布几项对华打击时，都是说将那么做、开始那样做。华盛顿到底往前走多远，恐怕要算计美方自己的损失。香港每年为美国贡献几百亿美元贸易顺差，那里牵动着许多美国大公司的利益。另外，如果取消香港居民赴美的签证便利，必遭报复，产生很多美国人跟着受损的连锁反应。用“脱钩”来惩罚中国，这是一些美国精英很刺激的想法，一刀两断的想象能够满足他们俯视中国的傲慢。然而实际情况是，美国只想在高科技等狭窄领域与中国脱钩，大路货的美国产品他们巴不得往中国卖更多。他们最理想的状态是，什么地方与中国脱钩和什么地方与中国摽得更紧都由他们说了算。中国做好了最坏的准备，美国想往前折腾多远，中方都将坦然奉陪。按照特朗普总统宣布的计划折腾下去，华盛顿将很快站到香港绝大多数人利益的对立面。他们把香港社会与内地社会等同对待，自会帮着两地公众进一步团结起来，同仇敌忾。美国将彻底失去在香港社会享有的信任和好感，后者对它的态度必将改写。中美关系变糟，加上新冠疫情的冲击，已在削弱中国家庭送孩子去美国留学的意愿。美国如果把有吸引力的学校和专业向中国学生关闭，将大大降低中国社会对赴美留学含金量的评估。那样下去，将有大量孩子放弃赴美留学计划。美国把“好专业”全捂起来，“差专业”敞开来多收中国学生，这样鱼和熊掌兼得的局面是白日做梦。至于制裁官员，加强对在美上市中国企业的监管，这些已经说了很久了。特朗普总统是拿它们来充数，以此增加美国社会对他的制裁措施“既有规模、又有力量”的印象。美国决打不蔫香港，更压不跨整个中国。说到底，华盛顿的大小王不就是对香港增加关税、让香港居民获得赴美签证更难些吗？它们都会带来问题，但往整个世界看，往香港的未来看，再从香港背靠祖国的大视角看，这些都是局部和临时的曲折，它们决定不了香港的命运。美国逆历史潮流而动，这里退出，那里制裁，只会把自己折腾得越来越瘦，也越来越虚弱。他们的这套极端玩法无异于一个超级大国的慢性自杀。,,,,,2704,5225,35153,2020-05-30 06:24,HUAWEI P30 Pro,,,
4510175808093018,J4gIAxXmy,2089892057,帆童鞋一定会成功W,臭不要脸//@环球网:#特朗普宣布对华制裁措施#,,,环球网,特朗普宣布对华制裁措施,0,0,0,2020-05-30 06:59,iPad mini,,,4510166966475142
4510175782172299,J4gIy9775,6473285528,户翾,//@环球网:#特朗普宣布对华制裁措施#,,,环球网,特朗普宣布对华制裁措施,0,0,0,2020-05-30 06:59,Samsung Galaxy S8+,,,4510166966475142
4509692891993791,J449H8mFV,7209866866,焦点微记录,焦点坊谈特朗普：没人比我更懂握手系列#拜登悼念美新冠死亡人数超10万#L焦点微记录的微博视频,,,,拜登悼念美新冠死亡人数超10万,5540,1066,25050,2020-05-28 23:00,焦点坊谈超话,,"http://f.video.weibocdn.com/e6FUrKoYlx07DD8C2HU401041200j9uQ0E010.mp4?label=mp4_ld&template=640x360.25.0&trans_finger=40a32e8439c5409a63ccf853562a60ef&Expires=1592213431&ssig=gVPerpQuBz&KID=unistore,video",
4510175761294741,J4gIw5qOV,7456589705,用户7456589705,转发微博,,,,,0,0,0,2020-05-30 06:59,小米手机4,,,4509692891993791
4510089183476707,J4esSeArV,2388502127,辽宁交通,辽宁新媒体联盟美国的“美丽的风景线”又来了！但这“风景线”不适合旅游，只适合网上观光！#有谱没谱特朗普#L辽宁交通的微博视频,,,,有谱没谱特朗普,13,7,53,2020-05-30 01:15,辽宁新媒体联盟超话,,"http://f.video.weibocdn.com/xz7JuXWTlx07DESKTyBW010412000RxL0E010.mp4?label=mp4_ld&template=640x360.25.0&trans_finger=40a32e8439c5409a63ccf853562a60ef&Expires=1592213431&ssig=jLJvMo1Ztu&KID=unistore,video",
4510175707278844,J4gIquxyI,2636356543,海阔天空范sky,//@辽宁交通:#有谱没谱特朗普#川建国先生没到过中国北方，没吃过特产“粘豆包”，但现在知道啥味了！噎得慌！堵心却说不出来！建国真可怜！,,,辽宁交通,有谱没谱特朗普,0,0,1,2020-05-30 06:59,荣耀手机 勇敢做自己,,,4510089183476707
4510175669158273,J4gImCqu5,6426851865,湖人图集,#特朗普宣布美国终止与世卫组织关系#呵呵，哈哈哈哈哈！,,,,特朗普宣布美国终止与世卫组织关系,0,0,5,2020-05-30 06:58,有图有真相iPhone客户端,['http://ww2.sinaimg.cn/large/6a97def9ly1g0oizzqdcpg20k00etq77.jpg'],,
4510175644093486,J4gIkhaTY,1897403791,赵秀池,我在看：【特朗普：“终止”美国与世卫组织的关系】#跟新浪看热点#O网页链接,,,,跟新浪看热点,0,0,1,2020-05-30 06:58,新浪新闻客户端,,,
4510175635132650,J4gIjlxeG,7411385417,万般皆下品惟有我最好,希望特朗普总统对中国多施仁政多得民心，在遇到重大事件的时候，你会发现，民心比战争好使，民心比核武器厉害。得民心者得天下。应该与中国政府比一比，看谁更受拥护。民心偏向哪一边。,,,,,0,0,0,2020-05-30 06:58,小米Max3 大屏大电量,,,
4510175631355370,J4gIj5GAO,5506906732,嗨牛财经,实时播报：据媒体报道：德国总理默克尔拒绝美国总统特朗普发出的“到美国白宫参加G7首脑会晤”的邀请。,,,,,0,0,4,2020-05-30 06:58,微博 weibo.com,,,
4510175631354238,J4gIj5Giy,3686087227,我是一朵小蘑菇呀嘿,JOJO式拍照....妹子也太强了，特朗普每一个都好像动漫拍照cr：t.cn/A62tZWz5,,,,,0,0,0,2020-05-30 06:58,红米Redmi,,,
4510169160179011,J4gxS0Kzh,2803301701,人民日报,【#特朗普宣布美国终止与世卫组织关系#】美国总统特朗普29日在白宫新闻发布会上宣布，美国将退出世界卫生组织，理由是世卫组织未能完成美国要求的改革。特朗普在白宫的新闻发布会上说：“我们今天将终止与世界卫生组织的关系，并将这些资金转移到全球其他地方，满足全球紧急公共卫生需求。”上周，特朗普在给世卫组织总干事谭德塞的信中表示，如果该组织未能在30天内做出实质性改进，美国将永久切断对世卫组织的资助，并重新考虑在该组织的成员资格。近几个月来，特朗普政府一直批评世卫组织对新冠病毒大流行的应对，指责该组织以中国为中心，未能及时向全球各国拉响预警。目前，美国是受新冠病毒影响最大的国家之一。《纽约时报》评论说，特朗普的这一声明是他将新冠病毒传播归咎于中国和世卫组织做法的一个重大升级，以转移人们对其应对危机不力、导致美国超过10万人死亡的指责。（张梦旭）,,,,特朗普宣布美国终止与世卫组织关系,19112,32151,1224531,2020-05-30 06:33,微博 weibo.com,['http://ww4.sinaimg.cn/large/a716fd45ly1gfa2vts940j20hs0bv4bo.jpg'],,
4510175627726509,J4gIiwq17,2058854382,市井哪云龙,刚刚中国一票否决了美国向联合国提出的提案，有理由相信，特朗普会在喷呸傲的怂恿下要求联合国进行改革，终止给予中国的一票否决权，不然就退出联合国。拭目以待。,,,,,0,0,2,2020-05-30 06:58,HUAWEI Mate 20,,,4510169160179011
4510175606876226,J4gIgsQOS,3195722932,水深鱼飞,你有什么办法？我就是任性！美国又宣布终止与世卫组织的关系，这样下去，美国最终与谁都没有关系了，如果特朗普继续连任，可能最后孤注一掷，因为不会损害他本人任何的利益，他自信在这个世界上，还没有谁能够打败他，所以我就是任性了！能够击垮美国的，只有外来力量，比如新冠病毒，比如外形人，或者那颗行星，彻底改变世界。不过这都是弱势国家的臆想。,,,,,0,0,1,2020-05-30 06:58,荣耀9i 千元潮美旗舰,['http://ww1.sinaimg.cn/large/be7adcb4ly1gfa3aw4ek3j20u01rcjxl.jpg'],,
4510175585156458,J4gIelDqG,2981714823,九江安居青春80,特朗普南京大学保洁阿姨:凭借个人绝技走红网路社会新闻t.cn/A62c0hr4,,,,,0,0,0,2020-05-30 06:58,华为P9手机摄影再突破,,,
4510175577740935,J4gIdwtLN,5084136996,华盛7x24,据媒体报道：德国总理默克尔拒绝美国总统特朗普发出的“到美国白宫参加G7首脑会晤”的邀请。,,,,,0,0,0,2020-05-30 06:58,华盛通,,,
4510175572135994,J4gId8XFw,1496842924,杜建君-深远顾问集团,露出獠牙，撕去伪善。／／《特朗普：将取消给予香港的特别待遇政策豁免》据微软全国广播公司节目报道，刚刚，美国总统特朗普在记者会上表示，将取消给予香港的特别待遇政策豁免。O网页链接,,,,,0,0,0,2020-05-30 06:58,iPhone客户端,['http://ww2.sinaimg.cn/large/593802acgy1gfa3kcd8ycj20h0059mxr.jpg'],,
4510175551814850,J4gIb7C7M,1721848454,韩小鹿-vitamin,不靠谱的特朗普哈哈哈！,,,,,0,0,0,2020-05-30 06:58,HUAWEI P20 Pro,,,4510169160179011
4510175547618598,J4gIavXWC,1897403791,赵秀池,我在看：【特朗普：将取消给予香港的特别待遇政策豁免】#跟新浪看热点#O特朗普：将取消给予香港的特别待遇政策豁免,,,,跟新浪看热点,0,0,1,2020-05-30 06:58,新浪新闻客户端,,,
4510175522049329,J4gI88B7H,5740621507,六脉神剑来了哦也,就事论事的说，世卫组织对疫情防控没有提出过有效的提前防范措施，确实没有起到应有的作用。//【特朗普：“终止”美国与世卫组织的关系】O特朗普：“终止”美国与世卫组织的关系,,,,,0,0,0,2020-05-30 06:58,手机新浪网,,,
4510063878154534,J4dO3ydmK,1934516225,TaylorSwift中文资讯,TaylorSwift【Twitter】#霉霉怒怼特朗普#霉霉TaylorSwift更新推特，就警察暴力执法致黑人GeorgeFloyd死亡事件公开抨击美国总统特朗普！“你整个总统任期内都在煽动白人至上和种族主义的火焰，还有脸在威胁使用暴力前假装道德优越？’抢劫就开枪’??我们会在11月将你投票下台的，特朗普。”,,,,霉霉怒怼特朗普,692,271,3708,2020-05-29 23:34,TaylorSwift超话,"['http://ww2.sinaimg.cn/large/734e6001gy1gfa5txkafcj20v910mdm7.jpg', 'http://ww2.sinaimg.cn/large/734e6001gy1gfa5tyh0ytj20m70m7tbj.jpg', 'http://ww1.sinaimg.cn/large/734e6001gy1gfa5txxuu8j20n016idi4.jpg']",,
4510175518947255,J4gI7BxAz,6618596505,How_Does_It_End,//@等着兔子妮:特朗普连任对于全世界都没有什么好处，看他任期内对于中国的种种政策就可以得出，他是一个种族歧视者和民族主义者，这对每一个国家都是毒害的。Taylor发声，这是最勇敢的一步。,,,等着兔子妮,,0,0,0,2020-05-30 06:58,小米6X 拍人更美,,,4510063878154534
4509245817690541,J3SwBwgEZ,6605420690,人民中的英雄,#抗疫行动##海外抗疫日记#希拉里竞选总统时狂喷特朗普半小时：特朗普的想法不只是另类，他的想法是危险的，语无伦次的，甚至那些都不算是真的想法，只是一系列离奇的咆哮，个人恩怨和赤裸裸的谎言句句直戳要害，估计特朗普听了会吐血：你这都是废话L人民中的英雄的微博视频,,,,"抗疫行动,海外抗疫日记",177,164,5776,2020-05-27 17:24,微博网页,,"http://f.video.weibocdn.com/6ZfBzHDBlx07DBawr3qo010412001qaT0E010.mp4?label=mp4_ld&template=360x640.24.0&trans_finger=81b11b8c5ffb62d33ceb3244bdd17e7b&Expires=1592213443&ssig=M4XA19TVKm&KID=unistore,video",
4510160766798437,J4gkkswAd,7314979738,虎牙妹ss,开森听懂不少~😂也有盲区,,,,,0,0,0,2020-05-30 05:59,vivo Y7s 屏幕指纹,,,4509245817690541
4510160754481673,J4gkjiNT3,1291673371,齐鲁一民,【特朗普宣布美国与世卫组织WHO断绝关系】特朗普29日在记者会上称，因为世界卫生组织没有进行“被要求的改革”，美国与该组织关系将终结。特朗普称，美国将把之前给予世卫的资金用到其他更紧迫的全球卫生需求上，此前，特朗普政府已经冻结了对世卫的资金支持并限时后者进行改革。,,,,,0,0,0,2020-05-30 05:59,nova4自拍极点全面屏,"['http://ww1.sinaimg.cn/large/4cfd5f1bly1gfa1x353qjj20s00fdwhq.jpg', 'http://ww4.sinaimg.cn/large/4cfd5f1bly1gfa1x3mdadj20yi0twtj6.jpg']",,
4510160750505350,J4gkj27sO,6496348420,-zlbks-,艹特朗普真的一次又一次刷新我三观,,,,,0,0,0,2020-05-30 05:59,iPhone 8 Plus,,,
4510113072732375,J4f5pbsOz,5393135816,寰亚SYHP,开始了#神吐槽#,,,,神吐槽,164,105,278,2020-05-30 02:50,小米9 Pro 5G,"['http://ww1.sinaimg.cn/large/005SZ2Zygy1gf9wfuybluj30qy0eu75x.jpg', 'http://ww3.sinaimg.cn/large/005SZ2Zygy1gf9wiapiz3j30qy0f476b.jpg', 'http://ww4.sinaimg.cn/large/005SZ2Zygy1gf9wibfaj5j31kw0w0n8h.jpg', 'http://ww3.sinaimg.cn/large/005SZ2Zygy1gf9wickb3uj31kw16o1by.jpg', 'http://ww2.sinaimg.cn/large/005SZ2Zygy1gf9widlfjhj31kw16o7hw.jpg', 'http://ww1.sinaimg.cn/large/005SZ2Zygy1gf9wiegxhvj31kw16owpz.jpg']",,
4510160725092907,J4gkglmTF,6024735252,渠江股份,//@寰亚SYHP:特朗普讲完了就跑，不回答问题，让记者很意外评论配图,,,寰亚SYHP,,0,0,0,2020-05-30 05:59,荣耀7 世界有点不同,,,4510113072732375
4510160712495588,J4gkfatdq,3987372650,亚麻再唱LoveSong前不改名,#特朗普#退出地球吧，真的,,,,,0,0,0,2020-05-30 05:59,微博国际版,,,
4510160670242905,J4gkb11bP,2255794120,吴吴吴小峰,太强了吧，特朗普少点真功夫和后期耐心，都做不到那么极致的模仿秀。三分钟看电影经典电影推荐t.cn/A62cPha4,,,,,0,0,0,2020-05-30 05:59,iPhone客户端,,,
4510160666897791,J4gkasWqH,2266167761,蝶恋涛_648,Ning退出游戏焦点坊谈[超话]特朗普：没人比我更懂握手系列拜登悼念美新冠死亡人数超10万t.cn/A62JrS52,,,,,0,0,0,2020-05-30 05:59,三星 GALAXY Note 5,,,
4510160645053183,J4gk8lcyX,2526256574,姚利文的,#特朗普#黑人的命不是命。根深蒂固的种族主义背后，是米国永远难以迈过去的一道坎。,,,,,0,1,5,2020-05-30 05:59,HUAWEI Mate 10,,,
4510160619798640,J4gk5F74A,2109079662,通山selina_788,焦点坊谈[超话]特朗普：没人比我更懂握手系列拜登悼念美新冠死亡人数超10万t.cn/A62JrS52永远的君主,,,,,0,0,0,2020-05-30 05:59,iPhone客户端,,,
4510160620125378,J4gk60wCe,2143410127,爱在冬日清晨_279,安全感不是行程报备而是自觉是下意识的惦记和关心特朗普,,,,,0,0,0,2020-05-30 05:59,荣耀3C,['http://ww3.sinaimg.cn/large/006f8QgQgy1gf3eav468ij30kj0f71b9.jpg'],,
4510032999234493,J4d0fCKjr,2174585797,王冰汝,特朗普这条推已经发了半个小时了，就一个字，没解释：CHINA！,,,,,2426,3118,59245,2020-05-29 21:32,,['http://ww4.sinaimg.cn/large/819d8bc5ly1gf9n6h1hmuj20mu0a6mz4.jpg'],,
4510160598808422,J4gk3AXtk,1868763670,我走更远,特朗普，肯定有动作。//@谈心君:明天他要召开针对对中国搞一些新的计政策了。//@司令本V:喝多了！//@他回精神病院了:喝啥了？//@孔二狗:老黄毛又喝了//@师永刚:转发微博,,,"谈心君,司令本V,他回精神病院了,孔二狗,师永刚",,0,0,0,2020-05-30 05:59,iPhone客户端,,,4510032999234493
4510160557744096,J4gjZwuAM,1693841461,敦敏555,#特朗普宣布退出世卫组织#美国会是孤家寡人退出吗？不知五眼联盟的另外四眼是否跟？否则美国大哥也太威风扫地了！病毒来源遮不住了？,,,,特朗普宣布退出世卫组织,0,0,0,2020-05-30 05:58,iPhone客户端,,,
4510160528352845,J4gjWz2Xj,5146950236,lc8930399,太强了吧，特朗普少点真功夫和后期耐心，都做不到那么极致的模仿秀。三分钟看电影经典电影推荐t.cn/A62cPha4,,,,,0,0,0,2020-05-30 05:58,三星 GALAXY S5,,,
4510160511461760,J4gjV68gM,1866319581,吴革律师,【特朗普可能神智不清了！】#特朗普:将取消给予香港的特别待遇政策豁免##守护香港##特朗普可能神智不清了#美国当地时间29日一早，特朗普睡醒之后，又莫名其妙发了一条推特，推文内容除了“CHINA！”，再无其他内容，引发外界各种猜测，许多网友也纷纷在其推特下方留言。一位网友可能是受够了特朗普经常发布莫名其妙的推文，直接了当地表示：嗨，各位，我认为总统可能神志不清了。,,,,"特朗普:将取消给予香港的特别待遇政策豁免,守护香港,特朗普可能神智不清了",1,9,18,2020-05-30 05:58,iPhone XS Max,"['http://ww2.sinaimg.cn/large/6f3dc6ddly1gfa1tjm15nj20gg05j0t2.jpg', 'http://ww1.sinaimg.cn/large/6f3dc6ddly1gfa1tjt0smj20gf03474k.jpg']",,
4510154207785531,J4g9KwFn5,3232808357,山大不了_扛木,特朗普：“终止”美国与世卫组织的关系。大家有没有这么一个感觉，特朗普zf的所作所为和chaoxianzf很像，就是在无力应对外界局面的时候，把自己封闭起来，断绝一切与外界的联系，看起来是自己很骄傲很自大，实际是自卑,,,,,3,4,5,2020-05-30 05:33,微博 weibo.com,,,
4510160510335589,J4gjV1piJ,3232808357,山大不了_扛木,好想知道，当有记者当面问特朗普内心是不是其实很自卑时，他的表现，会超越以往记者会时反怼记者的表现吗？是勃然大怒？是目瞪口呆？想想都好笑，哈哈哈哈哈~~,,,,,0,1,1,2020-05-30 05:58,微博 weibo.com,,,4510154207785531
4510160447363063,J4gjOuTt5,1819716954,天仇星星_572,特朗普熊猫的迷惑行为大赏果然当国宝只需要长得萌就可以了t.cn/A62qPTUt,,,,,0,0,0,2020-05-30 05:58,iPhone客户端,,,
4510160402669021,J4gjKbckJ,6352876244,环球新视界天行道义,5月29日，美国总统特朗普宣布：终止与世卫组织的关系,,,,,0,2,5,2020-05-30 05:58,荣耀V9 我想要的快,,,
4510054827197877,J4dzsucuN,5393135816,寰亚SYHP,这些年特朗普讲过的CHINA，教你正确的CHINA发音#神吐槽#L寰亚SYHP的微博视频,,,,神吐槽,1291,507,4901,2020-05-29 22:58,,,"http://f.video.weibocdn.com/00018fNhgx07DEJnvF5S01041200nuX60E010.mp4?label=mp4_ld&template=640x360.25.0&trans_finger=40a32e8439c5409a63ccf853562a60ef&Expires=1592213443&ssig=wUvRVZUOWk&KID=unistore,video",
4510160394269550,J4gjJhUHI,2724183967,在睡着,转发微博,,,,,0,0,0,2020-05-30 05:58,微博国际版,,,4510054827197877
4510160347986323,J4gjExvBF,5380501825,昌江发布,快讯:【#特朗普称将终结与世卫组织关系#】特朗普29日在记者会上称，因为世界卫生组织没有进行“被要求的改革”，美国与该组织关系将终结。特朗普称，美国将把之前给予世卫的资金用到其他更紧迫的全球卫生需求上，此前，特朗普政府已经冻结了对世卫的资金支持并限时后者进行改革。#特朗普宣布退出世卫组织#,,,,"特朗普称将终结与世卫组织关系,特朗普宣布退出世卫组织",1,0,1,2020-05-30 05:58,HUAWEI P30 Pro,['http://ww2.sinaimg.cn/large/005S82jvgy1gfa1vfe7j2j30u01fsk12.jpg'],,
4510145726287824,J4fW4qnKw,7459817312,nq张铁铁6,转发微博,,,,,0,0,0,2020-05-30 04:59,华为MateRS保时捷设计,,,4509692891993791
4510145688286635,J4fW0yLJp,6983673909,詹姆斯肉肉,特朗普这已经丧失理智破罐子破摔的尿性发动战争也是没准的事...,,,,,0,0,0,2020-05-30 04:59,iPhone客户端,,,
4510145645976623,J4fVWp4N9,1693279241,国足勇夺世界杯666,#特朗普宣布退出世卫组织#以后谁接特朗普的班都是个烫手的山芋，全世界树敌，除了那几个屁颠屁颠的小弟支持美国（还得被中国制裁），谁还搭理他们呢？美国已经快退出地球了吧,,,,特朗普宣布退出世卫组织,0,0,5,2020-05-30 04:59,前置双摄vivo X9s,,,
4510145625534442,J4fVUndLc,2150758415,孤烟暮蝉,【半夜起来，看到床总宣布退出世卫组织】当地时间29日下午，美国总统特朗普在白宫宣布，美国将终止与世界卫生组织的关系。,,,,,332,735,10743,2020-05-30 04:59,HUAWEI Mate 20 Pro,['http://ww3.sinaimg.cn/large/8031f80fgy1gfa05ziz7kj20u01494g0.jpg'],,
4510145474218348,J4fVFhHnS,5876284260,闲庭福州,特朗普29日在记者会上称，因为世界卫生组织没有进行“被要求的改革”，美国与该组织关系将终结。继续退群，给日后甩锅提供条件。,,,,,0,0,0,2020-05-30 04:58,iPhone SE,,,
4510129268082069,J4fvwxUvX,1622959722,张琪liv,完整视频。O网页链接,,,,,118,75,233,2020-05-30 03:54,微博 weibo.com,,,
4510145454143112,J4fVDhnOo,2298538121,iamdove618,Repost,,,,,0,0,0,2020-05-30 04:58,HUAWEI nova 3,,,4510129268082069
4510145419581412,J4fVzEcyU,2298502591,sazuzu,想画一些自己真实的故事给你们看。特朗普,,,,,0,0,0,2020-05-30 04:58,iPhone客户端,"['http://ww2.sinaimg.cn/large/be51ebe1ly1gf51v2ppe3j20i2bq3x6p.jpg', 'http://ww3.sinaimg.cn/large/be51ebe1ly1gf51v0bgfyj20i240qh8i.jpg']",,
4509913265788060,J49T8ohJO,2214257545,YouTube精选,崔娃小剧场又找到全新的角度吐槽特朗普了崔娃说人们一直没有对特朗普的站姿给予足够的关注度，但仔细看一看就会发现，他的独特姿势，就像是一只隆了臀部的企鹅。如果他的头在美国，那么屁股至少要撅到东京LYouTube精选的微博视频,,,,,1144,305,3406,2020-05-29 13:36,脱口秀 · 视频社区,,"http://f.video.weibocdn.com/004m9b75gx07DE6KV3hu01041200opIe0E010.mp4?label=mp4_ld&template=640x360.25.0&trans_finger=bdef57f06ae52835a2c783ca389e8517&Expires=1592213457&ssig=55hyVF%2FhlA&KID=unistore,video",
4510145201060574,J4fVe4rU2,1652680037,爱吃桃酥的文翎澜,哈哈哈哈哈,,,,,1,0,0,2020-05-30 04:57,微博国际版,,,4509913265788060
4510145193174890,J4fVddjVU,6321311912,张林1020,特朗普资料图（路透社）【海外网5月30日编译报道】综合路透社等外媒消息，当地时间29日，美国总统特朗普宣布，终止美国与世卫组织的关系。（海外网张振）本文系版权作品，未经授权严禁转载。海外视野，中国立场，浏览人民日报海外版官网——海外网www.haiwainet.cn或“海客”客户端，领先一步获取权威资讯。O网页链接,,北京·蓝旗营小区,,,0,5,1,2020-05-30 04:57,小米Play 自带流量,['http://ww2.sinaimg.cn/large/006TNzZKly1gfa04qqkdoj305c040q3x.jpg'],,
4510145168587674,J4fVaA22S,3790534431,小咩不吃羊_615,中国大爷做了几个儿童玩具，特朗普不用电池，用惯性也能走路。遇见艺术中华匠魂cr：t.cn/A622VuS9,,,,,0,0,0,2020-05-30 04:57,华为手机,,,
4510145142806669,J4fV8bM8R,2585892427,郭爱香666,"分享网易新闻《特朗普召开记者会宣布：""终止""美国与世卫组织关系》O特朗普：“终止”美国与世卫组织的关系来自@网易新闻客户端#网易新闻#",,,网易新闻客户端,网易新闻,0,0,0,2020-05-30 04:57,网易新闻客户端,['http://ww1.sinaimg.cn/large/9a21964bgy1gfa04gyxkvj20dc0am105.jpg'],,
4510145134879482,J4fV7ktnk,7264772135,用户7264772135,我在看：【特朗普：“终止”美国与世卫组织的关系】#跟新浪看热点#O网页链接,,,,跟新浪看热点,0,0,0,2020-05-30 04:57,新浪新闻客户端,,,
4509950833267584,J4aRJdI2Y,5314897361,质子研投,美国明尼苏达州已经成为暴乱之州，特朗普还有脸吹牛吗？L质子研投的微博视频,,,,,68,59,579,2020-05-29 16:05,质子iPhone客户端,,"http://f.video.weibocdn.com/cCjXbCN3lx07DEh0bx8c010412006nHJ0E010.mp4?label=mp4_ld&template=360x640.24.0&trans_finger=81b11b8c5ffb62d33ceb3244bdd17e7b&Expires=1592213457&ssig=1%2B9C2029QK&KID=unistore,video",
4510145105492304,J4fV4n2Ny,7383395364,内刻q花类几,转发微博,,,,,0,0,0,2020-05-30 04:57,Android客户端,,,4509950833267584
4510145059188939,J4fUZCysH,5458045418,骄奢淫逸二姐姐,特朗普才是真正的顶流，一晚上了都没掉热搜,,,,,0,0,0,2020-05-30 04:57,vivo智能手机,,,
4510145025022630,J4fUWl4Ca,6417418280,咕咕2020不咕咕,#霉霉怒怼特朗普#姐真的是Fearlessleader！！👍👍我的女王站在了历史正确的一方！她永远是那个最勇敢的女孩！！！希望姐姐注意安全啊@TaylorSwift,,,TaylorSwift,霉霉怒怼特朗普,0,0,3,2020-05-30 04:57,iPhone客户端,['http://ww3.sinaimg.cn/large/0070iPEsly1gfa02busrpj30oo0dv0y9.jpg'],,
4509987373786958,J4bOFfT9Y,2656274875,央视新闻,【#特朗普称制裁中国留学生中方回应#】有记者问，特朗普说，今天晚些时候将举行记者会宣布针对部分中国留学生的制裁措施。外交部发言人赵立坚对此回应：美国领导人多次表示，欢迎中国学生赴美留学。两国元首3月27日通话时，美国领导人再次表示，美国人民非常尊敬和喜爱中国人民，中国留学生对美国教育事业非常重要，美方将保护好在美中国公民，包括中国留学生。言犹在耳，美方是不是打算食言而肥？一段时间以来，美方在中美人文交流领域采取的一系列消极错误言行与美方自我标榜的开放自由等理念完全背道而驰，与两国民意背道而驰，与开展国际人才交流的时代潮流背道而驰。给中美正常人文交流与人员往来带来严重消极影响，严重损害了两国关系的社会基础，暴露出美国内一些人根深蒂固的冷战零和思维。人们不禁要问，是不是美国历史上臭名昭著的“麦卡锡主义”正在回潮，如果美国政府公然采取损害中国在美留学人员合法权益的措施，将是赤裸裸的政治迫害和种族歧视，严重侵犯中国留学人员人权。赵立坚强调，我们敦促美方恪守美国领导人有关承诺，立即停止利用各种借口对在美中国留学生的不断限制和打压，我们支持中国留学人员依法维护他们的正当合法权益。（总台央视记者申杨靳丹妮）L央视新闻的微博视频,,,,特朗普称制裁中国留学生中方回应,1095,1846,23988,2020-05-29 18:30,微博云剪,,"http://f.video.weibocdn.com/7nAJGoyGlx07DEqYqmly010412003Ync0E010.mp4?label=mp4_ld&template=640x360.25.0&trans_finger=40a32e8439c5409a63ccf853562a60ef&Expires=1592213457&ssig=XNrhlXC%2Ftj&KID=unistore,video",
4510145026122778,J4fUWpGOu,5641787532,CPCRZWW,转发微博,,,,,0,0,0,2020-05-30 04:57,荣耀7A 全屏 人脸识别,,,4509987373786958
4510144915887628,J4fULoHDK,1873756143,月亮女神20004,转发微博,,,,,0,0,0,2020-05-30 04:56,华为MateRS保时捷设计,,,4510129268082069
4510144907491846,J4fUKvqYe,5116583264,jqzhao2018,“推特是有偏见的‘假新闻’媒体，...”，这是说推特平台呢，还是说推特用户发布的信息呢？【澎湃新闻：特朗普“修理”社交平台恐违宪，支持者为其竭力辩护】O特朗普“修理”社交平台恐违宪，支持者为其竭力辩护(分享自@澎湃新闻，澎湃APP下载>>O澎湃新闻),,,澎湃新闻,,0,0,0,2020-05-30 04:56,澎湃新闻应用,['http://ww2.sinaimg.cn/large/005AgF2wly1gfa011vuyvj303c03ca9v.jpg'],,
4510144732119844,J4fUt8Tt2,6587004731,心情留声机,马云的这段视频在海外开始重新流传。美国人民大呼，这个视频是“对特朗普的绝佳回应”！难怪阿里巴巴的生意能做这么大，国家和国际局势都看的如此通透，口才也这么好，马云真是雄才大略，太厉害了！L生活摘录的微博视频#微博喜剧现场#,,,,微博喜剧现场,0,0,0,2020-05-30 04:56,微博 weibo.com,,"http://f.video.weibocdn.com/stn7MDcHlx07DxDjiKgU01041200iroi0E010.mp4?label=mp4_ld&template=640x360.25.0&trans_finger=40a32e8439c5409a63ccf853562a60ef&Expires=1592213457&ssig=2%2Fk9y%2FAddl&KID=unistore,video",
4510068390883765,J4dVl3HUh,6498373231,凤凰王又又,特朗普今早发推，就发了一个词：中国！到目前为止，白宫尚未通知特朗普今天有关中国的新闻发布会何时召开。,,,,,463,470,3186,2020-05-29 23:52,iPhone 11,['http://ww1.sinaimg.cn/large/0075MvJtly1gf9r9egclij30n009ljrw.jpg'],,
4510144651696247,J4fUl77gP,7209469227,斯巴鲁日本,//@凤凰王又又:特朗普将于美东时间下午2点/北京时间凌晨2点，召开就中国的新闻发布会。,,,凤凰王又又,,0,0,0,2020-05-30 04:55,Redmi K20 Pro 真旗舰,,,4510068390883765
