﻿id,bid,user_id,用户昵称,微博正文,头条文章url,发布位置,艾特用户,话题,转发数,评论数,点赞数,发布时间,发布工具,微博图片url,微博视频url,retweet_id
4500839274374165,J0lPFilV3,6250824982,时间视频,【#特朗普称年底会有新冠疫苗#：若别国赶超我将脱帽致敬】据美国Politico网报道，当地时间5月3日，特朗普在林肯纪念堂预测2020年底前将会有新冠病毒疫苗。特朗普表示，正在大力推广并建立供应线，有几家制药公司正在研发疫苗。特朗普说：“我不担心哪个国家先研发出疫苗，自己只想得到一种有效的疫苗。如果是别国，我会向它们脱帽致敬。”L时间视频的微博视频,,,,特朗普称年底会有新冠疫苗,19,35,86,2020-05-04 12:39,深度报道 · 视频社区,,"http://f.video.weibocdn.com/V2GBcgOwlx07D09ESgHe010412008ZNS0E010.mp4?label=mp4_ld&template=640x360.25.0&trans_finger=bdef57f06ae52835a2c783ca389e8517&Expires=1592210116&ssig=xh64ZrcVxu&KID=unistore,video",
4500874636801384,J0mKHsxlK,7444758716,凌寒ambd,转发微博,,,,,0,0,0,2020-05-04 14:59,华为手机 畅享玩不停,,,4500839274374165
4500874610757551,J0mKF3b4z,7031769111,黄靖博先生,说起印度这个国家你会想到什么呢？是贫富差距极大，还是那条孕育无数印度人的恒河水？印度曾经是英国的殖民地，经过了自己的独立战争，实现了民族独立。近年来印度无论是经济还是军事上，都有着不错的发展。因为廉价的劳动力，很多外企都愿意去印度开设工厂，一定程度上带动了印度的国民生产力。但是印度这个国家总是在一些地方暗暗的和中国较力，在军事上花费了大量的人力物力，前些日子特朗普访问印度，还带走了30亿美元的...O网页链接,,淮北,,,0,2,1,2020-05-04 14:59,红米Note7 4800万相机,['http://ww4.sinaimg.cn/large/007FSAmPly1gegff50jzgj305c0400ts.jpg'],,
4500836090699052,J0lKx2VR2,5926378285,是我历史君,#美国新冠肺炎确诊人数超115万#面对好几万的死亡人数，过几天，特朗普还得改口。在他眼里，美国人的生命就如烂稻草，不值一提，都成数字了么，随时可更改；这就是傲慢与偏见的代价，再不说新冠肺炎只传染黄种人了吧！L封面新闻视频的秒拍视频,,,,美国新冠肺炎确诊人数超115万,165,35,64,2020-05-04 12:26,微博 weibo.com,,"http://miaopai.video.weibocdn.com/quQ1tU8Llx07D061Hgk0010412002opL0E013.mp4?label=mp4_ld&template=640x360.25.0&trans_finger=40a32e8439c5409a63ccf853562a60ef&Expires=1592210116&ssig=DtGruBAmtn&KID=unistore,video",
4500874569518834,J0mKADWhA,7448057022,一米蔚蓝-Mqdj,转发微博,,,,,0,0,0,2020-05-04 14:59,小米手机4,,,4500836090699052
4500868777093070,J0mBftLem,5476386628,侠客岛,【又改口了#特朗普改口称美国死亡病例可能达8至9万#：还算成功】5月3日，特朗普接受福克斯采访。特朗普：如果认为失去8、9万人算是（抗疫）成功的话。主持人：总统你的数字变了，之前说的是6万。特朗普：我之前说的6.5万，现在我要说是8、9万。数字张啊涨，涨得飞快，它迟早要达到这个数字，但不管你怎么看，这个数字比计划的要低。L海客新闻的秒拍视频,,,,特朗普改口称美国死亡病例可能达8至9万,199,568,2341,2020-05-04 14:36,微博 weibo.com,,"http://miaopai.video.weibocdn.com/t4YN8g3Mlx07CZUJlNAs0104120049z10E013.mp4?label=mp4_ld&template=640x360.25.0&trans_finger=40a32e8439c5409a63ccf853562a60ef&Expires=1592210116&ssig=PLoPVKwthX&KID=unistore,video",
4500874552691130,J0mKzbi5k,2643830911,齐刘海的小鳄鱼,计划永远在事实之后，计划还能随时调整。反正死的大多是穷人和老人，川皇是米粒尖儿功臣,,,,,0,0,0,2020-05-04 14:59,360安全浏览器,,,4500868777093070
4500853777595853,J0md3vS1L,2785347507,滚滚是偶,#滚滚说事#特不靠普再现“神预测”：我非常有信心年底前就会有新冠疫苗当地时间3日晚，美国不靠谱在接受福克斯新闻频道采访时表示，自己非常有信心新冠疫苗将在年底诞生。L微天下的微博视频,,,,滚滚说事,5,2,4,2020-05-04 13:37,祝福祖国Android,,"http://f.video.weibocdn.com/0x3FgFIxlx07CZQKT2Bq0104120061Rz0E010.mp4?label=mp4_ld&template=640x360.25.0&trans_finger=40a32e8439c5409a63ccf853562a60ef&Expires=1592210116&ssig=EMq%2BmdFvZM&KID=unistore,video",
4500874506427604,J0mKuqY72,2243247644,深山红叶2015,量产不了疫苗，可以量产消毒液。//@赵宇辰微评:因为白宫雇员已经注射过疫苗了，他的“年底”说指的是量产。是么？@美国驻华大使馆,,,"赵宇辰微评,美国驻华大使馆",,0,0,1,2020-05-04 14:59,微博 weibo.com,,,4500853777595853
4500874464634169,J0mKqjryF,7407160789,Soulporter,自从特朗普提出调查病毒起源后，各国公知科学家纷纷表态说病毒起源于本国,,,,,0,0,1,2020-05-04 14:59,Android,,,
4496984171392696,IEH055QiQ,7209866866,焦点微记录,中国好莱坞抱团黑特朗普，赶紧来数人头#跟新浪看热点##美国总统特朗普#L焦点微记录的微博视频,,,,"跟新浪看热点,美国总统特朗普",267,60,1487,2020-04-23 21:20,中国超话,,"http://f.video.weibocdn.com/HAGNeJ3Wlx07CJcz4iQM0104120070iP0E010.mp4?label=mp4_ld&template=640x360.25.0&trans_finger=40a32e8439c5409a63ccf853562a60ef&Expires=1592210116&ssig=ONEPg%2B5XzR&KID=unistore,video",
4500874461101607,J0mKq4CzR,1775750165,请叫我肥嘟嘟姐姐,转发微博,,,,,0,0,0,2020-05-04 14:59,HUAWEI P30 Pro,,,4496984171392696
4477362995835908,Iwsz1ouby,3609302441,玄學大師李居明,抗疫大師外一篇：疫期輕鬆睇《粤劇特朗普》L玄學大師李居明的微博视频,,,,,1734,182,1012,2020-02-29 17:53,微博 weibo.com,,"http://f.video.weibocdn.com/WPVcpNZNlx07BkQdNx8Q01041200sGtt0E010.mp4?label=mp4_ld&template=640x360.25.0&trans_finger=40a32e8439c5409a63ccf853562a60ef&Expires=1592210116&ssig=CJ5NXWMfAu&KID=unistore,video",
4500874444283438,J0mKohYjI,5177782654,魔法道长王也,//@过起音桥:哈哈哈哈哈哈//@绪风_耽书问剑:不愧是粤剧……//@发条猫二号:要不是现在去hk喜提28天隔离大礼包就想看了//@文物首饰研究://@泉镜花://@白泽曈-白泽葳朋://@阿骀:可算看到视频了！//@SNH48_贾志国://@妇女之敌罗严塔://@燕王wf:,,,"过起音桥,绪风_耽书问剑,发条猫二号,文物首饰研究,泉镜花,白泽曈-白泽葳朋,阿骀,SNH48_贾志国,妇女之敌罗严塔,燕王wf",,0,0,0,2020-05-04 14:59,iPhone客户端,,,4477362995835908
4500874363361760,J0mKge6xW,3801955023,圈中赵快刀,正能量的娱乐搞笑特朗普被嘘，现场撂狠话，现场一片混乱!L圈中赵快刀的微博视频,,,,,0,0,2,2020-05-04 14:58,正能量的娱乐搞笑超话,,"http://f.video.weibocdn.com/004wK4SNgx07D0k9CJGv010412009TGx0E010.mp4?label=mp4_ld&template=640x360.25.0&trans_finger=40a32e8439c5409a63ccf853562a60ef&Expires=1592210116&ssig=B7nJZ5qvZd&KID=unistore,video",
4500874363361507,J0mKge6tR,5840300703,火锅加蔬菜,我正在看【当特朗普知道中国新冠死亡率比美国低的时候】，分享给你，一起看吧！当特朗普知道中国新冠死亡率比美国低的时候发疯的美国高层！可悲O网页链接,,,,,0,0,0,2020-05-04 14:58,UC浏览器Android,['http://ww2.sinaimg.cn/large/006nfj0rly1gegfdvofy4j30k00b8my1.jpg'],,
4500874354949087,J0mKfkLtZ,6332993406,A股好运自然来,#财经#博主利用微博这样的社交新媒体，快速积累粉丝和注意力，打造个人优质IP，博主在未来5-10年，作为KOL，无论是想卖假酒、卖v+会员连标点符号都要收费、卖东拼西凑的书，还是像特朗普一样透过Twitter积累退休躺赚的资源，都是可以实现的。LA股好运自然来的微博视频,,常熟市,,财经,0,1,2,2020-05-04 14:58,股票超话,,"http://f.video.weibocdn.com/SCWNcE1Jlx07D0k9y1UA01041200jpai0E010.mp4?label=mp4_ld&template=608x360.25.0&trans_finger=40a32e8439c5409a63ccf853562a60ef&Expires=1592210116&ssig=Ss9JK8XM2i&KID=unistore,video",
4500874352035621,J0mKf8xyB,6939999104,每日博闻,又拿“武汉实验室”造谣，特朗普遭美国情报机构打脸O又拿“武汉实验室”造谣，特朗普遭美国情报机构打脸,,,,,0,1,4,2020-05-04 14:58,微博 weibo.com,,,
4500874329983399,J0mKcFT8z,6668696781,寂寞地禄庆生,我觉得这样的设计肯定会博得年轻人的青睐,,,,,0,0,0,2020-05-04 14:58,iPhone客户端,,,4500836090699052
4500831879735736,J0lDJEQI0,1974576991,环球时报,【又改口了？特朗普：美国新冠肺炎“死亡人数”可能是8万或9万】当地时间5月3日，特朗普在接受福克斯新闻网采访时更新了他对美国新冠肺炎死亡人数的预期，他表示，美国新冠肺炎死亡人数可能是8万或9万。“我过去曾说是6.5万，现在我要说是8万或9万，它（死亡人数）上升了，而且上升得很快，”（海客新闻）L海客新闻的秒拍视频,,,,,239,463,1827,2020-05-04 12:10,微博 weibo.com,,"http://miaopai.video.weibocdn.com/t4YN8g3Mlx07CZUJlNAs0104120049z10E013.mp4?label=mp4_ld&template=640x360.25.0&trans_finger=40a32e8439c5409a63ccf853562a60ef&Expires=1592210116&ssig=PLoPVKwthX&KID=unistore,video",
4500874313760372,J0mKbfMfa,3147793470,雅哉非也,我看肯定会过10万……,,,,,0,0,0,2020-05-04 14:58,iPhone客户端,,,4500831879735736
4500874309992212,J0mKaFVqI,6596257116,用户6596257116,#凤凰新闻#【特朗普承认美国抗疫早期曾“轻视”病毒：连福奇都说不是什么大事】周日，特朗普接受福克斯新闻采访，当被问及美国政府为何没能及时应对疫情时，特朗普辩解称，一开始“所有人”都没有对新冠病毒足够重视，包括美国抗疫专家福奇都曾对他说过...O特朗普承认美国抗疫早期曾“轻视”病毒：连福奇都说不是什么大事来自@凤凰新闻客户端,,,凤凰新闻客户端,凤凰新闻,0,0,0,2020-05-04 14:58,凤凰新闻,['http://ww1.sinaimg.cn/large/007cpdNOly1gegfdtozo3j30je0awgm9.jpg'],,
4500874297190518,J0mK9uaA6,1098655757,摄影家岳立中,美国新冠肺炎确诊病例3日累计突破115万人、死亡人数超过6.7万人。美国总统特朗普当日再次表示，“必须尽快重启经济”。#美国新冠肺炎确诊人数超115万#,,,,美国新冠肺炎确诊人数超115万,0,0,0,2020-05-04 14:58,小米Max2 大屏大电量,['http://ww1.sinaimg.cn/large/417c280dly1gegfdubtf6j20jg0cwq3y.jpg'],,
4500874292989524,J0mK9cxI8,5699891881,空间站女王666,特朗普称马云捐赠美国1000台呼吸机属于好朋友诗人之间的捐赠🍭L空间站女王666的微博视频,,大庆,,,0,0,0,2020-05-04 14:58,荣耀7X 全面屏手机,,"http://f.video.weibocdn.com/PhVl1GXQlx07D0k8EKM8010412001z8i0E010.mp4?label=mp4_ld&template=360x640.24.0&trans_finger=81b11b8c5ffb62d33ceb3244bdd17e7b&Expires=1592210116&ssig=PndApCmCMw&KID=unistore,video",
4500874292721439,J0mK9bpYb,7449781132,我不认识那个他丶Atuh,转发微博,,,,,0,0,0,2020-05-04 14:58,Android客户端,,,4500836090699052
4500859545943434,J0mmmoW9Q,2638184121,烟台共青团,#巴西新冠确诊病例超过10万例#爱尔兰专栏作家：能做出这种行为的人，只有巴西的波索纳罗和美国的特朗普！L辽宁共青团的微博视频,,,,巴西新冠确诊病例超过10万例,0,0,1,2020-05-04 14:00,HUAWEI nova 3,,"http://f.video.weibocdn.com/9QMOh3Xilx07D07uqe0U010412004dQD0E010.mp4?label=mp4_ld&template=360x640.24.0&trans_finger=81b11b8c5ffb62d33ceb3244bdd17e7b&Expires=1592210128&ssig=CmkZYXmed6&KID=unistore,video",
4500857981381075,J0mjQ5Nhp,1717833412,华商报,【带预言家特朗普，预计死亡人数增至8、9万】5月3日，特朗普在林肯纪念堂接受福克斯采访。特朗普：如果认为失去8、9万人算是（抗疫）成功的话。主持人：总统你的数字变了，之前说的是6万。特朗普：我之前说的6.5万，现在我要说是8、9万。数字张啊涨，涨得飞快，但都不算多。……特朗普：我们有信心在2020年底研制出新冠疫苗。主持人：志愿者们接受疫苗人体试验，你会有道德和风险层面的担忧吗？特朗普：不会。他们都是志愿者，知道什么会发生在自己身上。他们都是大好人。L微丢的微博视频,,,,,8,15,17,2020-05-04 13:53,,,"http://f.video.weibocdn.com/NER5Gefrlx07D0fnLPYc010412007ucz0E010.mp4?label=mp4_ld&template=360x640.24.0&trans_finger=81b11b8c5ffb62d33ceb3244bdd17e7b&Expires=1592210128&ssig=xK4Y3XC7Z3&KID=unistore,video",
4500859406764805,J0mm8snPL,2595466127,冷治刚,转发微博,,,,,0,0,0,2020-05-04 13:59,荣耀8X Max,,,4500857981381075
4467919485937109,IsuTyoUvP,5872636712,水山水山水山,PBS前线美国大分裂:从奥巴马到特朗普1/2(2020)#水山汉化#1这是PBS前线2020年开年史诗大片，通盘讲述2008年到2020年间美国两党政斗，如果走到今天这个地步。2上集从奥巴马竞选开始一直讲到2016年离任，从开始的雄心壮志到最后的灰心丧气3本以为黑人总统当选是美国团结新象征，没想到导致右翼最大反弹，造成最大分裂4反弹不仅针对民主党，连共和党建制派的几批人也整的狼狈不堪，使茶党和特朗普得势L水山水山水山的微博视频,,,,水山汉化,7284,648,4883,2020-02-03 16:27,微博视频,,"http://f.video.weibocdn.com/000W6rzElx07AFhdAm8U0104120fJa7C0E060.mp4?label=mp4_ld&template=640x360.25.0&trans_finger=bdef57f06ae52835a2c783ca389e8517&Expires=1592210128&ssig=KYQ297%2BBDa&KID=unistore,video",
4500859394303568,J0mm7i3yo,5738054594,Rush达人P90,//@一玶海岸:特别详实的纪录片，强烈推荐，甚至可以说让我对美国政治的三观都更加清晰。以前很多没有注意到的人，事，因果关系都得以重新链接起来。强排,,,一玶海岸,,0,0,0,2020-05-04 13:59,Share微博客户端,,,4467919485937109
4500859385890724,J0mm6oIrG,2606618934,表面情况,转发微博,,,,,0,0,0,2020-05-04 13:59,三星S20 5G,,,4500857981381075
4500841871173521,J0lTR4VhL,1737588567,VOA英文口语,经典回顾：2016年美国总统大选第一场电视辩论：希拉里vs特朗普LVOA英文口语的微博视频,,,,,358,21,482,2020-05-04 12:49,微博视频,,"http://f.video.weibocdn.com/00019GwYgx07D0bhHD7201041200RHHH0E010.mp4?label=mp4_ld&template=640x360.25.0&trans_finger=40a32e8439c5409a63ccf853562a60ef&Expires=1592210128&ssig=XLKA6scqBj&KID=unistore,video",
4500859382650955,J0mm6b7Dl,3260107014,Suznancylu,转发微博,,,,,0,0,0,2020-05-04 13:59,iPhone客户端,,,4500841871173521
4500859360503643,J0mm4271h,1500709213,蜻蜓点水,现在特朗普身边总是美女云集，可谁知道他年轻时“艳福”就已不浅，在这张旧照中，特朗普穿着一袭蓝色西装搭配白色衬衫显得精神又绅士，这种清爽的配色与大海的背景也很般配。不过最惹眼的莫过于巨大的游艇上，他被一群美女簇拥的景象吧，真是有钱任性啊！特朗普旧照曝光，年轻时一看就是花花公子，被一群美女簇拥太惬意。,,,,,0,0,0,2020-05-04 13:59,HUAWEI Mate 10,['http://ww4.sinaimg.cn/large/5973015dly1gegdo3ccbvj20h609itck.jpg'],,
4500859352509235,J0mm3awLx,1836619525,仙女顿顿能吃大碗饭,#日语新闻不定期放送#什么时候我写作文能有文春小作文的一半就好了🙉哇叹为观止日本的uc标题党泽尻好可惜啊惋惜归惋惜你要来中国发展那可不行特朗普狼子野心众人皆知,,,,日语新闻不定期放送,0,0,2,2020-05-04 13:59,iPhone客户端,"['http://ww3.sinaimg.cn/large/6d789705ly1gegdkaqka1j216o1kwamf.jpg', 'http://ww4.sinaimg.cn/large/6d789705ly1gegdk9dl9hj216o1kwwwj.jpg', 'http://ww2.sinaimg.cn/large/6d789705ly1gegdkcg93qj216o1kwtmk.jpg']",,
4500859352502759,J0mm3av55,1506748531,企业数字化经营专家,#凤凰新闻#【米国政客在作死】特朗普扬言重启对华关税战，美股“吓”跌O特朗普扬言重启对华关税战，美股“吓”跌来自@凤凰新闻客户端,,,凤凰新闻客户端,凤凰新闻,0,0,1,2020-05-04 13:59,凤凰新闻,['http://ww1.sinaimg.cn/large/59cf2873ly1gegdnml82ej204u04uglo.jpg'],,
4500794269503075,J0kF4DSbp,2749360471,震长,之前，特朗普曾说，美国新冠肺炎最终死亡人数可能在6万多，这比预测的少，政府防疫工作是成功的。昨天，特朗普在接受采访时更新了他对美国新冠肺炎死亡人数的预期，他表示死亡人数可能是8万或9万。目前，美国新冠肺炎死亡人数近7万，估计用不了多久特朗普还得改口，因为增速很快。L海客新闻的秒拍视频,,,,,116,77,136,2020-05-04 09:40,OPPO Find X,,"http://miaopai.video.weibocdn.com/t4YN8g3Mlx07CZUJlNAs0104120049z10E013.mp4?label=mp4_ld&template=640x360.25.0&trans_finger=40a32e8439c5409a63ccf853562a60ef&Expires=1592210128&ssig=GVNeLcGyjG&KID=unistore,video",
4500859273253655,J0mlVdEqj,7449780808,凉薄之心-剝,转发微博,,,,,0,0,0,2020-05-04 13:58,Android客户端,,,4500794269503075
4500859272215418,J0mlV9iky,3084228423,信康大健康,特朗普政府的第4任新闻发言人，31岁的麦肯娜妮5月1号登台了，距离被特朗普解聘的上一个发言人已经400多天了。@美国驻华大使馆鉴于特朗普新闻发言人总是被公众质疑说谎，这位姑娘上台后就公开承诺不会向大众撒谎，但话音刚落，就撒了一个大谎。她称，去年12月31日台湾就警告世卫组织新冠病毒会星会人传人，实际上这是一个早已被多方辟谣的谣言。世卫组织公布了台湾方面发来的邮件，根本没有人传人的说法，甚至连暗示都没有，这是个被全球辟谣的谎言，连台湾绿营媒体都觉得尴尬而闭口不谈。而这位堂堂灯塔国的发言人，她哈佛大学毕业的，脑筋肯定够用，应该知道真相啊，但依旧堂而皇之的拿谣言作为武器。这让人说什么好呢？#哪一刻你感到中国在变强#,,上海·长宁区中心医院,美国驻华大使馆,哪一刻你感到中国在变强,0,0,3,2020-05-04 13:58,荣耀V20 4800万3D相机,"['http://ww1.sinaimg.cn/large/b7d59747ly1gegdmmuhtij20yc0kk40u.jpg', 'http://ww3.sinaimg.cn/large/b7d59747ly1gegdmn3rtkj21080kowgt.jpg', 'http://ww3.sinaimg.cn/large/b7d59747ly1gegdmndhqoj20yw0k0wgp.jpg', 'http://ww4.sinaimg.cn/large/b7d59747ly1gegdmnm2pzj20yc0k0taq.jpg']",,
4500859260923680,J0mlU3Si4,6883815714,莉莉楘,#美国新冠肺炎确诊人数超115万#特朗普开心吗？还要不要接着复工啊？看来六一奔着200万去不是没有可能。,,,,美国新冠肺炎确诊人数超115万,0,0,0,2020-05-04 13:58,Android,,,
4500859246980424,J0mlSthVu,7449860273,北城不夏丶犵,转发微博,,,,,0,0,0,2020-05-04 13:58,Android客户端,,,4500831879735736
4500859243703470,J0mlSfxro,1963863007,FM963,#每经整点播#【每经午时丨#特朗普称年底美国将会有新冠病毒疫苗#】据海外网，美国总统特朗普3日表示，他认为到2020年底美国将会有一种针对新冠病毒的疫苗，并称已经与疫苗研发公司的高管进行了会面。有美媒指出，美国总统给出的这一时间表甚至比美政府公共卫生顾问们提出的乐观预期还要更快。综合美国消费者新闻与商业频道(CNBC)、《国会山报》等外媒报道，特朗普当天在一档节目中表示，他有信心在年底就可以拥有新冠病毒疫苗。“我认为我们（美国）将在今年年底拥有这种疫苗，并且正在非常努力地推动。”特朗普还提到，医学专家可能并不建议他发表这样的声明。“医生们会说‘你不应该这么说’，但我会说出我的想法”，他这样表示，并称已经与疫苗研发公司的高管会面。早前，公共卫生官员们曾表示，新冠病毒疫苗可能需要1年到18个月的时间，而疫苗通常需要多年的研发和分发上市。更多整点内容：O每经午时丨烟台教育局：将西部或者西南的重点大学作为重点引进对象；巴菲特旗下投资公司一季度巨亏；特朗普：年底美国将会有新冠病毒疫苗（TY）,,,,"每经整点播,特朗普称年底美国将会有新冠病毒疫苗",0,0,0,2020-05-04 13:58,HUAWEI P30 Pro,,,
4500859239600747,J0mlREhAL,1774741174,杨远工作室,Repost,,,,,0,0,0,2020-05-04 13:58,iPhone,,,4500841871173521
4500859238566590,J0mlRzWyO,1853103647,小李飞刀再出发,"我分享了【特朗普结束32天白宫“隔离”生活携美女助手女婿前往戴维营】,快來看吧！@小米瀏覽器|O网页链接",,,小米瀏覽器,,0,0,0,2020-05-04 13:58,小米浏览器,['http://ww1.sinaimg.cn/large/6e741e1fgy1gegdnli5dqj20u01hh0zj.jpg'],,
4500859218846748,J0mlPB7ru,7361376532,静默见证18411,特朗普预测年底美国将研制出疫苗美媒暗示其底气不足O特朗普预测年底美国将研制出疫苗美媒暗示其底气不足,,,,,0,0,0,2020-05-04 13:58,CNTV,,,
4500104549575581,J02ICEb2R,1747150823,深圳县令,特朗普从影记。O绿洲L深圳县令的微博视频,,,,,297,21,226,2020-05-02 11:59,绿洲APP,,"http://oasis.video.weibocdn.com/MhIsjo7plx07CWW5tCfK01041200iF790E012.mp4?label=mp4_ld&template=624x360.25.0&trans_finger=a1a009da50b07f95dd75806c08ccb33f&Expires=1592210128&ssig=A0FINSRy0E&KID=unistore,video",
4500859192557479,J0mlNaJjF,5667061345,韭菜达Da,//@猫鲡://@上官荣雲:特朗普是电影的“客串达人”，至少客串过四十多部电影，在今年一月评选的“金酸梅”奖，特朗普凭借两部纪录片入围最差男主角。,,,"猫鲡,上官荣雲",,0,0,1,2020-05-04 13:58,HUAWEI nova 2s,,,4500104549575581
4499704732661335,IFPM5bakL,5570584212,roseRogers,#美国新冠肺炎确诊超106万例#在特朗普的领导下，美国新冠肺炎突破106万例LroseRogers的微博视频,,,,美国新冠肺炎确诊超106万例,28,35,131,2020-05-01 09:31,iPhone 11 Pro Max,,"http://f.video.weibocdn.com/0PZXqsKZlx07CVaYXCp201041200bEWm0E010.mp4?label=mp4_ld&template=360x624.24.0&trans_finger=81b11b8c5ffb62d33ceb3244bdd17e7b&Expires=1592210128&ssig=v6zDzsx%2Bj0&KID=unistore,video",
4500859175960271,J0mlLp0xp,5604622472,三亚房产信息,特朗普，真是不知道怎么形容这位网红总统，明明就是犯了很严重的错误，而且仍在继续，可怎么都觉得他是在搞笑。不停的搞笑,,,,,0,0,0,2020-05-04 13:58,荣耀9i 千元潮美旗舰,,,4499704732661335
4500832206745910,J0lEgsiV0,6362632222,小央视频,【特朗普又发飙了！骂CNN和NBC是“中国傀儡”，咋回事？】特朗普又对美国媒体发飙了，这次是美国全国广播电视台（NBC）和美国有线电视新闻网（CNN），指责这两家媒体是“中国傀儡”“人民公敌”。这两家媒体到底报道了什么让特朗普大发雷霆？L小央视频的秒拍视频,,,,,56,101,523,2020-05-04 12:11,微博 weibo.com,,"http://miaopai.video.weibocdn.com/OuDA19MKlx07D08IGGtG01041200gRjY0E013.mp4?label=mp4_ld&template=640x360.25.0&trans_finger=40a32e8439c5409a63ccf853562a60ef&Expires=1592210142&ssig=Ipe%2FmYSE5B&KID=unistore,video",
4500844399285709,J0lXVCXDv,5347246109,临渭检察,转发微博,,,,,0,1,0,2020-05-04 12:59,HUAWEI nova 3,,,4500832206745910
4500844345618884,J0lXQnzJa,7220155786,媒体人赵东森,阴谋破产，全球讨贼：特朗普的阴谋已破产，世界讨贼行动已拉开帏幕。世界卫生组织给新冠病毒官宣了源于大自然的定论，给特朗普蓬佩奥甩锅中国的野心贴上了封条，给那些跟随特朗普起舞的脑残国家打了一支很有效果的镇静剂，断了他们无知的幻想荒谬之念想。默克尔牵头联合24国“问责”特朗普，俄伊也发出强硬声音，就连铁杆跟班小弟澳大利亚，以色列也已经变了风向，尽管“诚意”有待观察，但是，也算是觉醒的表现。特朗普蓬佩奥已黔驴技穷，甩锅无望，只要国际社会保持清醒，任何阴谋诡计终有戳穿之日。多行不义必自毙，特朗普蓬佩奥，等待世界人民的谴责和惩罚吧。,,,,,0,0,2,2020-05-04 12:59,iPhone XR,"['http://ww1.sinaimg.cn/large/007SD2lAgy1gegbxzf81xj30hs0a0ajh.jpg', 'http://ww3.sinaimg.cn/large/007SD2lAgy1gegby03xr1j30d306t79k.jpg', 'http://ww2.sinaimg.cn/large/007SD2lAgy1gegbxxyt52j30hs0bwq9k.jpg']",,
4500831108753127,J0lCuAJ5t,3939426052,地瓜熊老六,【#特朗普改口称死亡人数8万或9万#将在年底前研制出疫苗】最新统计数据显示，#美国新冠肺炎确诊人数超115万#。当地时间5月3日，特朗普接受采访时表示“我过去曾说是6.5万，现在我要说是8万或9万，它（死亡人数）上升了，而且上升得很快。”特朗普，真是个商人，这是在和美国肺炎讨价还价吗？特朗普：死6万行不行？美国肺炎：不，我最少要10万！！！特朗普：8万行不行？要不各让一步，9万吧！L封面新闻视频的秒拍视频,,,,"特朗普改口称死亡人数8万或9万,美国新冠肺炎确诊人数超115万",40,159,578,2020-05-04 12:06,vivo X30 Pro专业影像,,"http://miaopai.video.weibocdn.com/quQ1tU8Llx07D061Hgk0010412002opL0E013.mp4?label=mp4_ld&template=640x360.25.0&trans_finger=40a32e8439c5409a63ccf853562a60ef&Expires=1592210142&ssig=Z1F2u9zttN&KID=unistore,video",
4500844240338745,J0lXG1q7D,5670786328,一介草梗,☕//@比特风行者:美帝大多数下层民众在公办学校受多年的反智式教育后已经不能用正常人的思维去判断他们，死亡人数对他们来说只是个数字而已，川普都懒得去忽悠他们了，川普这次只需继续喊让美国再次伟大的口号就能妥妥的连任！,,,比特风行者,,0,0,0,2020-05-04 12:59,荣耀8 美得与众不同,,,4500831108753127
4500844231926389,J0lXF858N,2320711004,阳都丶小白,转发微博,,,,,0,0,0,2020-05-04 12:59,iPhone客户端,,,4500841871173521
4500811273980642,J0l6vgHxU,1149956613,张慧林,#美国新冠肺炎确诊人数超115万##美国疫情可能再度暴发#【美药管局前局长：美国防控未达预期效果，疫情可能再度暴发】美国食品和药物管理局（FDA）前局长斯科特·戈特利布（ScottGottlieb）周日警告说，如果各州允许学校、企业和其他公共场所放松警惕，那么美国的新冠肺炎疫情可能会再度迎来“新的流行”或“大规模的暴发”。戈特利布3日在接受哥伦比亚广播公司（CBS）的《面对国家》（FacetheNation）节目采访时说：“令人担忧的是，疫情大概会持续性地蔓延下去。”“虽然国内的防控措施不能说是失败，但我认为它没有达到预期效果。”戈特利布坦言，“我们当初预计，这个时候，全国的新增确诊病例和死亡人数本该开始出现更大幅度的下降，而我们现在并没有看到这种情况。”（海外网）,,,,"美国新冠肺炎确诊人数超115万,美国疫情可能再度暴发",13,10,17,2020-05-04 10:48,张慧林超话,['http://ww3.sinaimg.cn/large/448af205gy1geg83zh402j21900u0n1n.jpg'],,
4500844211330189,J0lXD5A2F,1984060847,江苏梁,//@---青涩柠檬:#美国新冠肺炎确诊人数超115万#美药管局前局长：美国防控未达预期效果，疫情可能再度暴发。美国疫情还没有减退的趋势，特朗普就急着要求各州解禁复工，疫情不扩散才怪...,,,---青涩柠檬,美国新冠肺炎确诊人数超115万,2,2,1,2020-05-04 12:59,荣耀10 AI变色更潮美,,,4500811273980642
4500836954734620,J0lLVjRGQ,1887344341,观察者网,【估少了？特朗普：美国新冠肺炎“死亡人数”可能是8万或9万】当地时间5月3日，特朗普在接受福克斯新闻网采访时更新了他对美国新冠肺炎死亡人数的预期，他表示，美国新冠肺炎死亡人数可能是8万或9万。“我过去曾说是6.5万，现在我要说是8万或9万，它（死亡人数）上升了，而且上升得很快，”（海客新闻）L海客新闻的秒拍视频,,,,,169,273,1264,2020-05-04 12:30,微博 weibo.com,,"http://miaopai.video.weibocdn.com/t4YN8g3Mlx07CZUJlNAs0104120049z10E013.mp4?label=mp4_ld&template=640x360.25.0&trans_finger=40a32e8439c5409a63ccf853562a60ef&Expires=1592210142&ssig=i6xY2NGzxe&KID=unistore,video",
4500844199207186,J0lXBCDd0,7449775728,半盏孤茶_河,转发微博,,,,,0,0,0,2020-05-04 12:59,Android客户端,,,4500836954734620
4500464715300551,J0c5xmeUL,3738295043,甲历史,10年前中国纪录片是这么介绍特朗普的，人的潜伏期原来可以这样长L甲历史的微博视频,,,,,283,55,453,2020-05-03 11:51,,,"http://f.video.weibocdn.com/NhFckACtlx07CYwmY2E801041201EAM50E010.mp4?label=mp4_ld&template=778x360.25.0&trans_finger=40a32e8439c5409a63ccf853562a60ef&Expires=1592210142&ssig=TBnkO1GcbE&KID=unistore,video",
4500844173457638,J0lXzevum,2455833400,Cuckoo_70,转发微博,,,,,0,0,0,2020-05-04 12:58,HUAWEI Mate 20 Pro,,,4500464715300551
4500844165545304,J0lXyngAo,3102302795,台湾井事,【美媒算账来了真真假假？特朗普“打脸”集锦】白宫疫情记者会天天开，但总统特朗普的说法哪句是真哪句是假，哪句又是他口中的所谓讽刺？美国多家主流媒体展开接力报道，盘点#特朗普的不靠谱言行#。L小央视频的秒拍视频,,,,特朗普的不靠谱言行,0,3,3,2020-05-04 12:58,,,"http://miaopai.video.weibocdn.com/j0rj1dXOlx07CYOVFbQ401041200hbF80E013.mp4?label=mp4_ld&template=640x360.25.0&trans_finger=40a32e8439c5409a63ccf853562a60ef&Expires=1592210142&ssig=qSG8E28s6u&KID=unistore,video",
4500844097958847,J0lXrxosv,2477050800,阿里-席学刚,转发微博,,,,,0,0,0,2020-05-04 12:58,搜狗高速浏览器,,,4500836090699052
4500789970603049,J0ky92wSB,1496814565,封面新闻,【#特朗普改口称死亡人数8万或9万#将在年底前研制出疫苗】最新统计数据显示，#美国新冠肺炎确诊人数超115万#。当地时间5月3日，特朗普在接受福克斯新闻网采访时更新了他对美国新冠肺炎死亡人数的预期，他表示，美国新冠肺炎死亡人数可能是8万或9万。“我过去曾说是6.5万，现在我要说是8万或9万，它（死亡人数）上升了，而且上升得很快。”他还表示，美国将在今年年底之前研制出新冠疫苗。L封面新闻视频的秒拍视频,,,,"特朗普改口称死亡人数8万或9万,美国新冠肺炎确诊人数超115万",279,710,5710,2020-05-04 09:23,微博 weibo.com,,"http://miaopai.video.weibocdn.com/quQ1tU8Llx07D061Hgk0010412002opL0E013.mp4?label=mp4_ld&template=640x360.25.0&trans_finger=40a32e8439c5409a63ccf853562a60ef&Expires=1592210142&ssig=Z1F2u9zttN&KID=unistore,video",
4500844051562176,J0lXn6yoo,5136521025,遨游宇宙David,转发微博,,,,,0,0,0,2020-05-04 12:58,小米MIX 2 全面屏手机,,,4500789970603049
4500844048245872,J0lXmyB7W,1767844982,改子刘,转发微博,,,,,0,0,0,2020-05-04 12:58,iPhone客户端,,,4500841871173521
4500844044040517,J0lXmgX7D,7336092793,遇见刀客,美国大统领：“谢谢你，瑞安。努力工作！”【转RyanFournier推文：我不知道谁需要听这个，但是特朗普总统是我们一生中最伟大的总统，而且我们很幸运能在我们眼前看到它。】,,,,,2,6,12,2020-05-04 12:58,,['http://ww2.sinaimg.cn/large/0080tuRjgy1gegbwrkutej30tt0mmgng.jpg'],,
4500844030062144,J0lXl0gak,1142530753,恰如弋江春水向东流,转发微博,,,,,0,0,0,2020-05-04 12:58,HUAWEI Mate 20 Pro,,,4500831879735736
4500839899019185,J0lQFBQiJ,7264589101,政委灿荣,针对特朗普周日做出的最多10万美国人死于新冠病毒的乐观预测，《华盛顿邮报》称白宫医疗专家组组长伯克斯对此明显持不同意见，她坚称美国新冠疫情死亡人数将介于先前预期的10~24万人之间，而且这一数字还是在充分执行各种减灾措施以及人们有效保持社交距离的前提下才能达到。#美国疫情##美国新冠肺炎确诊人数超115万#,,,,"美国疫情,美国新冠肺炎确诊人数超115万",162,546,3415,2020-05-04 12:41,,['http://ww3.sinaimg.cn/large/007VDttXly1gegbf6q00yj30u01dltcg.jpg'],,
4500844014067876,J0lXjh4eU,2792210953,我是平民博主,//@大漠三宝:组长伯克斯会不会被特朗普撤职,,,大漠三宝,,0,0,0,2020-05-04 12:58,iPhone客户端,,,4500839899019185
4500843993552818,J0lXheUfw,7445419406,张lu谷秸,转发微博,,,,,0,0,0,2020-05-04 12:58,HUAWEI Mate 20 Pro,,,4500836954734620
4500841874778411,J0lTRk359,5564927603,无心简影,【估少了？特朗普：美国新冠肺炎“死亡人数”可能是8万或9万】当地时间5月3日，特朗普在接受福克斯新闻网采访时更新了他对美国新冠肺炎死亡人数的预期，他表示，美国新冠肺炎死亡人数可能是8万或9万。“我过去曾说是6.5万，现在我要说是8万或9万，它（死亡人数）上升了，而且上升得很快，”（海客新闻）L海客新闻的秒拍视频,,,,,9,62,233,2020-05-04 12:49,OnePlus 7 Pro,,"http://miaopai.video.weibocdn.com/t4YN8g3Mlx07CZUJlNAs0104120049z10E013.mp4?label=mp4_ld&template=640x360.25.0&trans_finger=40a32e8439c5409a63ccf853562a60ef&Expires=1592210142&ssig=i6xY2NGzxe&KID=unistore,video",
4500843967700328,J0lXewjcQ,1381556003,赶海者峰竹,一个满嘴跑火车的总捅，美国人都怎么了，选这么个白痴当总桶？,,,,,0,0,0,2020-05-04 12:58,HUAWEI Mate 10,,,4500841874778411
4500761364538460,J0jO0j2EY,6367852368,热门资讯第一线,#美国新冠肺炎确诊人数超115万#都115万了，特朗普说他亲自负责疫苗研制，认真的吗？美国人民都慌了（视频来自：光明日报）#美国新增确诊超2.8万例##地球村抗疫全知道#L热门资讯第一线的微博视频,,,,"美国新冠肺炎确诊人数超115万,美国新增确诊超2.8万例,地球村抗疫全知道",209,517,5020,2020-05-04 07:29,微博 weibo.com,,"http://f.video.weibocdn.com/r02adm7Olx07CZPk4wis010412001ZMr0E010.mp4?label=mp4_ld&template=360x640.24.0&trans_finger=81b11b8c5ffb62d33ceb3244bdd17e7b&Expires=1592210153&ssig=IcsycWXEAG&KID=unistore,video",
4500829262465780,J0lzwalsE,5536073963,摩罗丹95912,转发微博,,,,,0,0,0,2020-05-04 11:59,前后2000万 OPPO R11,,,4500761364538460
4500829249513337,J0lzuDUQV,5669689892,一分为二的科学观点,"邀请您回答问题""特朗普要主导疫苗研发，网友表示：这下玩完了！美国人只有注射消毒剂的份了？""@@中国政府网@新浪新闻@央视新闻@新浪军事@参考消息@CCTV4@人民日报@环球时报@凤凰网@洪琳@宋忠平@赵立坚个人微博@邱毅台湾@邱震海@胡锡进@酒巷诗行长@开心每一天5865@关山月x@非主食_@文汇报@解放军报@今日台湾@早报网@工人日报@中国日报@检察官张聪@乡村教师代言人-马云@俄罗斯驻华大使馆@伊朗驻华大使馆@法国驻华大使馆O特朗普要主导疫苗研发，网友表示：这下玩完了！美国人只有注射消毒剂的份了？",,,"中国政府网,新浪新闻,央视新闻,新浪军事,参考消息,CCTV4,人民日报,环球时报,凤凰网,洪琳,宋忠平,赵立坚个人微博,邱毅台湾,邱震海,胡锡进,酒巷诗行长,开心每一天5865,关山月x,非主食_,文汇报,解放军报,今日台湾,早报网,工人日报,中国日报,检察官张聪,乡村教师代言人-马云,俄罗斯驻华大使馆,伊朗驻华大使馆,法国驻华大使馆",,0,0,0,2020-05-04 11:59,华为手机,,,
4500829208206786,J0lzqyqXw,2311541215,E可豆豆,#特朗普称死亡人数降到10万算不错了#你能当这么久的美国总统算不错了～05poPAD04。,,,,特朗普称死亡人数降到10万算不错了,0,0,0,2020-05-04 11:59,Android客户端,,,
4500829207695242,J0lzqwhSO,5092187341,王灵轩1,美为抗疫不力找“替罪羊”德媒：特朗普想让中国对疫情负责_凤凰网资讯_凤凰网@QQ浏览器O美为抗疫不力找“替罪羊”德媒：特朗普想让中国对疫情负责,,,QQ浏览器,,0,0,0,2020-05-04 11:59,vivo iQOO生而强悍,['http://ww4.sinaimg.cn/large/005yCixTly1gega7ffay9j308c08caam.jpg'],,
4500829195881498,J0lzpoG2S,6166717956,成贸甲凉慷,#特朗普称注射消毒液的说法只是讽刺#带口罩总比带呼吸机强吧，尽量少出门，出门带上口罩吧，05setlV04，要祸害别国了,,,,特朗普称注射消毒液的说法只是讽刺,0,0,0,2020-05-04 11:59,三星GALAXY Note 4,,,
4500827328862268,J0lwoBbtO,1774057271,生命时报,【死亡6万的承诺化为泡影？白宫专家为特朗普辩护：一直预测10万】4月20日，特朗普曾在媒体面前表示，将会把美国新冠肺炎死亡人数控制在6万人以内，然而截至5月4日的最新数据，美国新冠肺炎累计确诊超110万，死亡超66000人。对于特朗普此前死亡6万人的承诺5月3日，白宫冠状病毒应对协调员，医疗专家黛比·伯克斯替他辩护：我们一直预测的是10万到24万。#美国防控未达预期效果#L海客新闻的秒拍视频,,,,美国防控未达预期效果,6,17,45,2020-05-04 11:51,iPhone客户端,,"http://miaopai.video.weibocdn.com/lVORAOv7lx07CZXjPGKQ010412006S980E013.mp4?label=mp4_ld&template=640x360.25.0&trans_finger=40a32e8439c5409a63ccf853562a60ef&Expires=1592210153&ssig=aiS3yVU9ly&KID=unistore,video",
4500829178748152,J0lznAHNe,5434751367,高欣763,转发微博,,,,,0,0,0,2020-05-04 11:59,iPhone客户端,,,4500827328862268
4500829170869890,J0lzn3Eiu,1089331821,chenlang1988,转发微博,,,,,0,0,0,2020-05-04 11:59,荣耀V9 我想要的快,,,4500789970603049
4500829161754348,J0lzm7mnW,7336092793,遇见刀客,美国大统领：谢谢你！【转推文：特朗普总统最新盖洛普民调支持率新高！美国人民看到他和他的政府在努力打败新冠病毒。】#美国疫情#,,,,美国疫情,2,7,11,2020-05-04 11:59,,['http://ww3.sinaimg.cn/large/0080tuRjgy1gega73jei4j30u00jtgnn.jpg'],,
4500829149566086,J0lzkE8zI,5092187341,王灵轩1,美为抗疫不力找“替罪羊”德媒：特朗普想让中国对疫情负责_凤凰网资讯_凤凰网@QQ浏览器O美为抗疫不力找“替罪羊”德媒：特朗普想让中国对疫情负责,,,QQ浏览器,,0,0,0,2020-05-04 11:59,vivo iQOO生而强悍,['http://ww3.sinaimg.cn/large/005yCixTly1gega6regxdj308c08caam.jpg'],,
4500781783630380,J0kkWfeqw,1752549400,全景网,【又改口了？特朗普：美国新冠肺炎“死亡人数”可能是8万或9万】当地时间5月3日，特朗普在接受福克斯新闻网采访时更新了他对美国新冠肺炎死亡人数的预期，他表示，美国新冠肺炎死亡人数可能是8万或9万。“我过去曾说是6.5万，现在我要说是8万或9万，它（死亡人数）上升了，而且上升得很快，”L海客新闻的秒拍视频,,,,,62,67,207,2020-05-04 08:51,,,"http://miaopai.video.weibocdn.com/t4YN8g3Mlx07CZUJlNAs0104120049z10E013.mp4?label=mp4_ld&template=640x360.25.0&trans_finger=40a32e8439c5409a63ccf853562a60ef&Expires=1592210128&ssig=GVNeLcGyjG&KID=unistore,video",
4500829140720932,J0lzk31xW,5025651573,拉弗彼岸,地震几级报几级。,,,,,0,0,0,2020-05-04 11:59,iPhone客户端,,,4500781783630380
4500829106842361,J0lzgsI0F,5669689892,一分为二的科学观点,"邀请您回答问题""特朗普把天底下所有邪恶都用尽了，从今以后假如还有人看不清特朗普邪恶的话，那就说明他心里也存在着邪恶？""@@中国政府网@新浪新闻@央视新闻@新浪军事@参考消息@CCTV4@人民日报@环球时报@凤凰网@洪琳@宋忠平@赵立坚个人微博@邱毅台湾@邱震海@胡锡进@酒巷诗行长@开心每一天5865@关山月x@非主食_@文汇报@解放军报@今日台湾@早报网@工人日报@中国日报@检察官张聪@乡村教师代言人-马云@俄罗斯驻华大使馆@伊朗驻华大使馆@法国驻华大使馆O特朗普把天底下所有邪恶都用尽了，从今以后假如还有人看不清特朗普邪恶的话，那就说明他心里也存在着邪恶？",,,"中国政府网,新浪新闻,央视新闻,新浪军事,参考消息,CCTV4,人民日报,环球时报,凤凰网,洪琳,宋忠平,赵立坚个人微博,邱毅台湾,邱震海,胡锡进,酒巷诗行长,开心每一天5865,关山月x,非主食_,文汇报,解放军报,今日台湾,早报网,工人日报,中国日报,检察官张聪,乡村教师代言人-马云,俄罗斯驻华大使馆,伊朗驻华大使馆,法国驻华大使馆",,0,0,0,2020-05-04 11:59,华为手机,,,
4500829056849849,J0lzbsJXr,5669689892,一分为二的科学观点,"邀请您回答问题""特朗普总统的美国，让世界没有了礼义廉耻伦理道德人格尊严，没有了是非标准真理诚信，更没有了正确与错误？""@@中国政府网@新浪新闻@央视新闻@新浪军事@参考消息@CCTV4@人民日报@环球时报@凤凰网@洪琳@宋忠平@赵立坚个人微博@邱毅台湾@邱震海@胡锡进@酒巷诗行长@开心每一天5865@关山月x@非主食_@文汇报@解放军报@今日台湾@早报网@工人日报@中国日报@检察官张聪@乡村教师代言人-马云@俄罗斯驻华大使馆@伊朗驻华大使馆@法国驻华大使馆O特朗普总统的美国，让世界没有了礼义廉耻伦理道德人格尊严，没有了是非标准真理诚信，更没有了正确与错误？",,,"中国政府网,新浪新闻,央视新闻,新浪军事,参考消息,CCTV4,人民日报,环球时报,凤凰网,洪琳,宋忠平,赵立坚个人微博,邱毅台湾,邱震海,胡锡进,酒巷诗行长,开心每一天5865,关山月x,非主食_,文汇报,解放军报,今日台湾,早报网,工人日报,中国日报,检察官张聪,乡村教师代言人-马云,俄罗斯驻华大使馆,伊朗驻华大使馆,法国驻华大使馆",,0,0,0,2020-05-04 11:58,华为手机,,,
4500829032008151,J0lz98qpx,1407505172,沉静的追寻者,特朗普给CNN、NBC安了个新“罪名”：中国傀儡特朗普上台或下台，对中国的影响差不多，特朗普作为一个成事不足败事有余的种族主义者，继续做美国总统的话，会继续对中国带来诸多负面影响，但他的团队带给美国的负面影响并不会比带给中国的少！而如果特朗普在11月连任失败，则对全球贸易、国际关系和国际合作的修复会带来利好，同时中美间贸易合作、公共卫生及非传统安全等方面大概率会有所改善，但中美的战略竞争虽然不大可能是零和博弈，但某些方面的对抗不可避免，拜登上台，预期会类似奥巴马以及克林顿时代的接触+遏制的对华政策，同时，对中国的敌意肯定会强于以前，这种敌意不再只在选举期被加强，而是会在经济、政治、军事各方面深刻而平和地长期化O特朗普给CNN、NBC安了个新“罪名”：中国傀儡,,,,,0,0,0,2020-05-04 11:58,分享按钮,,,
4500828998349636,J0lz5z27y,5669689892,一分为二的科学观点,"邀请您回答问题""特朗普的美国在这世界上，政治霸权军事霸道舆论霸凌，一切都可以任性，却在新冠病毒面前，被打得一败涂地？""@@中国政府网@新浪新闻@央视新闻@新浪军事@参考消息@CCTV4@人民日报@环球时报@凤凰网@洪琳@宋忠平@赵立坚个人微博@邱毅台湾@邱震海@胡锡进@酒巷诗行长@开心每一天5865@关山月x@非主食_@文汇报@解放军报@今日台湾@早报网@工人日报@中国日报@检察官张聪@乡村教师代言人-马云@俄罗斯驻华大使馆@伊朗驻华大使馆@法国驻华大使馆O特朗普的美国在这世界上，政治霸权军事霸道舆论霸凌，一切都可以任性，却在新冠病毒面前，被打得一败涂地？",,,"中国政府网,新浪新闻,央视新闻,新浪军事,参考消息,CCTV4,人民日报,环球时报,凤凰网,洪琳,宋忠平,赵立坚个人微博,邱毅台湾,邱震海,胡锡进,酒巷诗行长,开心每一天5865,关山月x,非主食_,文汇报,解放军报,今日台湾,早报网,工人日报,中国日报,检察官张聪,乡村教师代言人-马云,俄罗斯驻华大使馆,伊朗驻华大使馆,法国驻华大使馆",,0,0,0,2020-05-04 11:58,华为手机,,,
4500828990231991,J0lz50YlN,5516652466,Naerzinu,美国疾控中心报告指出:导致美国疫情暴发的病毒主要来源于欧洲。美国在全球疫情出现后是第一个发布旅行限制令的国家，但是只针对亚洲国家，导致美国疫情暴发的正是被美国忽视的欧洲国家。据统计，仅在2月份，从意大利入境美国的游客就高达14万人，而申根国家共有174万名旅客抵达了美国，正是这近200万人导致美国各地疫情出现了广泛而迅速的传播。报告还提到，纽约都会区的新冠病毒毒株基因测序结果显示，病毒主要来自于欧洲。报告指出，美国在2月份进行了大规模人群聚会又起到了加速疫情蔓延的作用。据悉，在2月份最后一周，美国路易斯安那州举行了一场超过100万人参加的狂欢节，波士顿举行了有几百人参加的国际专业会议等等。实际上，美国在2月还进行过不少总统竞选初选聚会，看起来疾控中心不想把矛头指向特朗普。￼第三大原因是美国缺少防护措施和防护意识差。报告指出，在很长一段时间内，美国一些护理机构、医院都缺少防护措施，对病毒基本不设防。美国到4月3日才发布指导意见要求在公共场所佩戴口罩，同样也错过了防控病毒传播的机会。第四大原因是病毒检测难度高，检测不充分。疾控中心认为，美国新冠疫情与流感季重叠，前期有限的检测规模未能发现所有病例，无症状感染者比例较高都增加了疫情控制的难度。,,,,,0,0,2,2020-05-04 11:58,微博 weibo.com,"['http://ww1.sinaimg.cn/large/0061ljjAly1gega6cea1yj30we0u07gk.jpg', 'http://ww2.sinaimg.cn/large/0061ljjAly1gega6ci1pvj30u00uugte.jpg', 'http://ww1.sinaimg.cn/large/0061ljjAly1gega6cg1t8j316o0tbtgp.jpg', 'http://ww2.sinaimg.cn/large/0061ljjAly1gega6cfuccj30u00wlth8.jpg', 'http://ww3.sinaimg.cn/large/0061ljjAly1gega6cofn9j30u010tdpv.jpg', 'http://ww2.sinaimg.cn/large/0061ljjAly1gega6cqyxxj31400u044q.jpg', 'http://ww4.sinaimg.cn/large/0061ljjAly1gega6cqyt6j30u014010u.jpg', 'http://ww1.sinaimg.cn/large/0061ljjAly1gega6csvbij30u0140tgz.jpg', 'http://ww1.sinaimg.cn/large/0061ljjAly1gega6cx8sfj30k00qon0i.jpg']",,
4500828951949258,J0lz18b5E,5219267264,岁月年华1586,特朗普又被调查了，这次连彭佩奥也跑不了L岁月年华1586的微博视频,,,,,0,0,1,2020-05-04 11:58,iPhone客户端,,"http://f.video.weibocdn.com/Z784AM2wlx07D07Ln4De01041200JKNz0E010.mp4?label=mp4_ld&template=636x360.25.0&trans_finger=647b8232579b0b23561398fc756ef4ae&Expires=1592210153&ssig=brI1CHTEYc&KID=unistore,video",
4500786762166651,J0ksY95DZ,2165401830,侠骨柔情的杨华,@司马平邦，请看截图。3.19日，你预测美国最终确诊病例6—15万。回过头来看，预测得太离谱了吧？请谈谈感想,,,司马平邦,,37,27,105,2020-05-04 09:10,HUAWEI Mate 30,"['http://ww4.sinaimg.cn/large/811168e6gy1geg5b08hdpj20u01t0ani.jpg', 'http://ww1.sinaimg.cn/large/811168e6gy1geg5b0tmkrj20u01t0woh.jpg', 'http://ww1.sinaimg.cn/large/811168e6gy1geg5b1wru4j20u01t0ndj.jpg']",,
4500828881040736,J0lyU4mK4,3678022110,行路者818A,看来是低估了美国正面战场面临的严峻形势，却高估了美国政府控制疫情的能力！//@珠山人:中国人很难预测准美国的确诊人数。还是特朗普预测的比较准，如不控制死亡人数220万，他可以控制到10万。现在看来特朗普政府没控制好，死10万是打不住了。至于感染的人数，只有上帝知道。//@陆锡鑫:情有可原！,,,"珠山人,陆锡鑫",,0,0,1,2020-05-04 11:58,微博 weibo.com,,,4500786762166651
4500585501655798,J0fem6WKq,2492465520,_恶魔奶爸_,有一定分量的自媒体人上节目一定要注意：综艺类，比赛类，娱乐类，一律不可以去。你的咖位不够，做不了导师和嘉宾，只能当选手，而且还是免费去。你不给他钱，他也不给你钱，这种情况下只能说明一件事：你自己就是商品。也就是节目组会整你，让你出洋相，提高节目热度。剪辑手比黑粉断章取义强多了。不要说自媒体人，就有的名人上综艺，事后节目出来都要被狂黑，你说没有被精心刻意剪辑，不可能。你不要指望蹭他们热度，节目组精的很，只会蹭你热度，把你作为商品贩卖。丢人，丢份，败好感。还有一些商业类节目，比如一个求职或者创业者，被一群大佬挑刺儿点评的。这种也不要去，不论你是作为求职者，还是大佬。求职者就是商品，也被刻意剪辑丑化的，大佬要交钱，你得交赞助费才能去，交了这么多钱，对你的企业宣传也没屁用，不如好好运营你的自媒体有用。那可以上什么节目？严肃话题的访谈类节目。比如曾经的鲁豫有约，锵锵三人行，郎眼财经，现在的圆桌派等等。这类节目没有综艺氛围，没有勾心斗角和刻意剪辑，而且是单对单讲述你自己的故事，你说话小心点就没什么问题了。这些节目对你的背书加成，是好事。上这类节目，需要你有极高的分量和地位，暂时上不去怎么办？那就死了这条心，不要上节目，别想着蹭节目热点。真想红，自己开个频道，天天录视频，做节目，想说啥说啥，想发表啥观点发表啥观点。这个看似慢，却是最好最稳妥的方式，没有之一。,,,,,165,70,818,2020-05-03 19:51,微博 weibo.com,['http://ww1.sinaimg.cn/large/94900170gy1gef7tohykoj20jg0jg78g.jpg'],,
4500828834302472,J0lyPi3gI,2761384145,阿库拉级,//@_恶魔奶爸_:回复@盐不苦_57211:马云的《赢在中国》，年轻的马老师在里面说了不少干货，对创业和企业管理以及人才的配置，有不少独门的心法。//@盐不苦_57211:奶爸，国内有类似特朗普当年主持的《学徒》的节目吗？你提的过《学徒》好几次,,,"_恶魔奶爸_,盐不苦_57211",,0,0,0,2020-05-04 11:57,iPhone客户端,,,4500585501655798
4499002206842210,IFxuYsHYe,5288553158,张胜军,#意大利新冠肺炎确诊病例超20万#但现存病人仅有一半，说明已经朝好的方向在发展了，再看看美国，根本看不到拐点的边儿，而#特朗普回应美国确诊病例超百万#时还没当回事，他轻描淡写地说：“病例最终将降到零。”…因为“我们的检测数量比别国高得多所以确诊多”，似乎感染越多他的功劳就越大？#雍容大度我心飞扬#LY张小勇的微博视频,,定西,,"意大利新冠肺炎确诊病例超20万,特朗普回应美国确诊病例超百万,雍容大度我心飞扬",72,20,43,2020-04-29 10:59,牛博超话,,"http://f.video.weibocdn.com/VuvUoLgrlx07CS39DAPS010412004Bcq0E010.mp4?label=mp4_ld&template=640x360.25.0&trans_finger=40a32e8439c5409a63ccf853562a60ef&Expires=1592210159&ssig=EbmlJH3aWv&KID=unistore,video",
4500814229906968,J0lbgFzfO,2115414123,中国微博远征军,@调子-哥哥@海浪波涛789@牛野芳洲@开心蓝箭-曲靖:///@媚月之吻://@哲言心语灵湖水://@小狼似的小羊://@微博语录每日时报://@美丽心语美丽心://@删了啊:@中国微博远征军/@心安-心香-心语:再看看美国，根本看不到拐点的边儿，,,,"调子-哥哥,海浪波涛789,牛野芳洲,开心蓝箭-曲靖,媚月之吻,哲言心语灵湖水,小狼似的小羊,微博语录每日时报,美丽心语美丽心,删了啊,中国微博远征军,心安-心香-心语",,0,0,1,2020-05-04 10:59,微博 weibo.com,,,4499002206842210
4500814221592169,J0lbg6Gc9,1870283274,126传奇,a50暴跌，外围也是暴跌，有部份投资者轻仓或空仓过节的，都已经有在节后跃跃欲试的抄底，那么哪些板块的抄底会比较适合呢？哥认为投资者可以重点围绕三大主力板块寻找抄底目的：稀土股，农业股，疫情股。稀土股与农业股是因为特朗普威胁中国加关税所激发，考虑到最近中美关系因美国国务卿不断甩锅泼脏水而恶化，这两个久未启动的关税受益板块大机率会借机发飙。疫情股，据海关总署公布，四月份防疫物疫同比增长超过三倍，相关概念股的业绩可能会在二季度得到全面释放，可以积极关注这板块在追随指数大低开后的低吸机会。,,,,,0,0,1,2020-05-04 10:59,搜狗高速浏览器,,,
4500814213083577,J0lbfcWb7,1671252820,做梦想人民,特朗普信心预测：年底前我们就会有新冠病毒疫苗O快讯！特朗普信心预测：年底前我们就会有新冠病毒疫苗来自@凤凰新闻客户端,,,凤凰新闻客户端,,0,0,1,2020-05-04 10:59,凤凰新闻,['http://ww3.sinaimg.cn/large/639d4b54ly1geg8fvqnurj20je0awdgi.jpg'],,
4500814212652885,J0lbfb88t,7340248883,啥昵称才可以,转发微博,,,,,0,0,0,2020-05-04 10:59,HUAWEI P30 Pro,,,4500789970603049
4500814209756104,J0lbeEW0w,5628904499,巴达鸟佳容仙森,"《今日关注》20200503全球超340万美死亡逾6.6万美疾控中心承认失误,本期节目主要内容：近日，美国疾控中心承认疫情防控失误，但特朗普依旧不断与美国媒体发生矛盾，推卸自身防疫不力的责任。俄罗斯确诊人数持续增加，普京现处于最高级别的防L《今日关注》20200503全球超340万美死亡逾6.6万美疾控中心承认失误",,,,,0,0,0,2020-05-04 10:59,央视影音,,http://type=feedvideo&objectid=2021968021:27b7cdbbd8c92c50c8109589abc66867&keys=4500628343619831&cover_img=https://p4.img.cctvpic.com/photoworkspace/2020/05/04/2020050412012924003.jpg&card_height=&card_width=&play_count=0&short_url=http://t.cn/A6AxdfCX&encode_mode=&bitrate=277&biz_id=&current_mid=0&key=tblog_card&title=《今日关注》 20200503 全球超340万 美死亡逾6.6万 美疾控中心承认失误&full_url=https://tv.cctv.com/2020/05/03/VIDEBT6Ml7zqO9dPvfYMp8ZZ200503.shtml&object_id=2021968021:27b7cdbbd8c92c50c8109589abc66867&video_src=https://cntv.vod.cdn.myqcloud.com/flash/mp4video63/TMS/2020/05/03/52aeb61c317c43eb8984f9099d3ec755_h2641200000nero_aac16-1.mp4,
4500813517511082,J0la7vvYu,2149981442,DS北风,【#特朗普改口称死亡人数8万或9万#将在年底前研制出疫苗】最新统计数据显示，#美国新冠肺炎确诊人数超115万#。当地时间5月3日，特朗普在接受福克斯新闻网采访时更新了他对美国新冠肺炎死亡人数的预期，他表示，美国新冠肺炎死亡人数可能是8万或9万。“我过去曾说是6.5万，现在我要说是8万或9万，它（死亡人数）上升了，而且上升得很快。”对于特朗普此前死亡6万人的承诺，5月3日，白宫冠状病毒应对协调员，医疗专家黛比·伯克斯替他辩护：我们一直预测的是10万到24万。L燃新闻的秒拍视频,,,,"特朗普改口称死亡人数8万或9万,美国新冠肺炎确诊人数超115万",14,13,22,2020-05-04 10:57,微博云剪,,"http://miaopai.video.weibocdn.com/BSZgeO5hlx07CZVo7IuY010412005xGp0E013.mp4?label=mp4_ld&template=640x360.25.0&trans_finger=40a32e8439c5409a63ccf853562a60ef&KID=unistore,video&Expires=1592210159&ssig=lKvvet%2BZmy&KID=unistore,video",
4500814192631396,J0lbdb2xS,2338683750,轨道君德国隔离中,现在都已经6W+了，能在15W打住都运气好了,,,,,1,2,20,2020-05-04 10:59,微博 weibo.com,,,4500813517511082
4500814163190010,J0lbadnRM,2269066337,Forestood,//@病院坂佐鸟://@苏想周游世界://@一玶海岸:特别详实的纪录片，强烈推荐，甚至可以说让我对美国政治的三观都更加清晰。以前很多没有注意到的人，事，因果关系都得以重新链接起来。强排,,,"病院坂佐鸟,苏想周游世界,一玶海岸",,0,0,0,2020-05-04 10:59,荣耀8X,,,4467919485937109
4500812683211998,J0l8MdtAq,2459965151,第一播报,#天下万象#【#特朗普改口称死亡人数8万或9万#将在年底前研制出疫苗】最新统计数据显示，#美国新冠肺炎确诊人数超115万#。当地时间5月3日，特朗普在接受福克斯新闻网采访时更新了他对美国新冠肺炎死亡人数的预期，他表示，美国新冠肺炎死亡人数可能是8万或9万。“我过去曾说是6.5万，现在我要说是8万或9万，它（死亡人数）上升了，而且上升得很快。”他还表示，美国将在今年年底之前研制出新冠疫苗。L燃新闻的秒拍视频,,,,"天下万象,特朗普改口称死亡人数8万或9万,美国新冠肺炎确诊人数超115万",8,2,2,2020-05-04 10:53,HUAWEI Mate 30,,"http://miaopai.video.weibocdn.com/BSZgeO5hlx07CZVo7IuY010412005xGp0E013.mp4?label=mp4_ld&template=640x360.25.0&trans_finger=40a32e8439c5409a63ccf853562a60ef&Expires=1592210159&ssig=lKvvet%2BZmy&KID=unistore,video",
4500814162969752,J0lbacsze,7439381622,梁凉凉泪凉09,转发微博,,,,,0,0,0,2020-05-04 10:59,小米手机4,,,4500812683211998
4500805909381522,J0kXQDmyS,3170766712,如皋老猫,没人比我更懂这个了！nobody……L如皋老猫的微博视频,,,,,35,13,24,2020-05-04 10:26,HUAWEI Mate 20,,"http://f.video.weibocdn.com/DEWBe2Zwlx07D01tBMS4010412005Bzs0E010.mp4?label=mp4_ld&template=640x360.25.0&trans_finger=40a32e8439c5409a63ccf853562a60ef&Expires=1592210159&ssig=Ij9weiSrFR&KID=unistore,video",
4500814086997503,J0lb2tmmX,5871807389,棋局投资,砖家特朗普//@侯宁:又一个“没有人我更懂”！这次是“死亡和毁灭”//@郭洪钧:尼玛就不会别的词儿了！,,,"侯宁,郭洪钧",,0,0,0,2020-05-04 10:59,iPhone客户端,,,4500805909381522
4500811743620682,J0l7gfbU6,1974576991,环球时报,【#美国伊利诺伊州长谈抗疫#：白宫没啥用】#美国伊利诺伊州长称白宫没啥用#5月3日，美国伊利诺伊州州长普利茨克接受采访时表示，在抗击新冠疫情期间，白宫提供的指导大多毫无用处。他认为，是州长们在应对疫情的挑战，“我们需要白宫领导《国防生产法》来帮助我们获得检测拭子、病毒运输介质和试剂，但基本上没有”。他还透露，各州之间不得不互相竞争医疗物资，“我真希望白宫有早点采取行动”。（微丢）L微丢的微博视频,,,,"美国伊利诺伊州长谈抗疫,美国伊利诺伊州长称白宫没啥用",64,103,380,2020-05-04 10:50,微博 weibo.com,,"http://f.video.weibocdn.com/RmNjxUQ1lx07CZTkk0D6010412006Chk0E010.mp4?label=mp4_ld&template=360x640.24.0&trans_finger=81b11b8c5ffb62d33ceb3244bdd17e7b&Expires=1592210159&ssig=gPsJbgktYe&KID=unistore,video",
4500814058305459,J0laZyQD1,5733413903,明了41384,特朗普、蓬佩奧整天大嘴放炮，而什麼也沒有做實際,,,,,0,0,0,2020-05-04 10:59,华为手机 畅享玩不停,,,4500811743620682
4500522926982436,J0dBqtirW,1740979351,梁无咎,记者一边说中国2025科技要全面领先，一边说现在中国经济危机造假；一边要吹美国制度一流，一边要骂特朗普领导无方。O网页链接,,,,,13,17,104,2020-05-03 15:42,荣耀20,"['http://ww4.sinaimg.cn/large/67c53c97gy1gefb131ecpj20u01t0dv7.jpg', 'http://ww2.sinaimg.cn/large/67c53c97gy1gefb13bzo6j20qo0hsmys.jpg']",,
4500814057706912,J0laZwkV2,1487483997,沙漠迷驼,//@腾腾爸:其实只要骂特朗普领导无方，上述观点就能全部实现逻辑自洽了：因为特朗普领导无方，所以中国才能在经济危机中实现科技领先，因为特朗普领导无方，所以美国的制度优势没有发挥出来……所以骂特朗普，完美！,,,腾腾爸,,0,0,0,2020-05-04 10:59,iPhone客户端,,,4500522926982436
4500792054322780,J0kBvi8yg,1649173367,每日经济新闻,#特朗普改口称死亡人数可能是8万或9万#【又改口了？特朗普：美国新冠肺炎“死亡人数”可能是8万或9万】当地时间5月3日，特朗普在接受福克斯新闻网采访时更新了他对美国新冠肺炎死亡人数的预期，他表示，美国新冠肺炎死亡人数可能是8万或9万。“我过去曾说是6.5万，现在我要说是8万或9万，它（死亡人数）上升了，而且上升得很快。”（@海客新闻，TY）L海客新闻的秒拍视频,,,海客新闻,特朗普改口称死亡人数可能是8万或9万,132,154,335,2020-05-04 09:31,微博 weibo.com,,"http://miaopai.video.weibocdn.com/t4YN8g3Mlx07CZUJlNAs0104120049z10E013.mp4?label=mp4_ld&template=640x360.25.0&trans_finger=40a32e8439c5409a63ccf853562a60ef&Expires=1592210159&ssig=Pdysy3blFC&KID=unistore,video",
4500814033604187,J0laXf7C3,1300085767,Mint-Zebra,@半夏天葵总觉得他扒了人皮可能是个外星好战族群,,,半夏天葵,,0,1,0,2020-05-04 10:59,HUAWEI Mate 30,,,4500792054322780
4500813995250202,J0laTm1OG,5447539352,宅数码Kael,有些话一直想说。我知道，近两年很多人都是抱着“华为不如国际顶级品牌”的想法，但是认为应该支持一下国产，怀着朴素的认同感和情怀，所以才买了华为手机。这不说爱国不爱国的问题，而是一种市场上确实存在的情感事实。但是，我还是有些不同的看法。在我看来，华为并不应该是给大众这个弱势的印象，而是本来就有足够的实力靠着产品来征服消费者的体验。处理器，华为和高通本来就是各自领先半年的节奏。麒麟9905G在高通865出来前，就是最好的SoC，而且集成5G基带这一点到现在也比高通865的外挂更好。而到了今年下半年，下一代麒麟1020（可能不叫这个名字，意思到了就行）多半又会再反超回来。而在中端处理器市场，麒麟810/820/985三代全覆盖的产品线，哪一个性能差了？不是在追着一直挤牙膏的高通锤吗？5G，都说今年是5G元年，结果大家连网速都变得不重要了？举个例子，我这里就不点名说是哪款了，反正我用一个今年的5G旗舰机做5G网络测试时，在我不断换用同一张SIM卡测试的情况下，它多次出现跑5G下行网速只有个位数Mbps的情况，必须要重启之后才能正常。而作为对比机型的Mate30Pro非常稳定，无论是搜网还是测速，都不用反复重启。表现好得多。双扬声器，这个节奏我看的是莫名其妙。18年发布的Mate20X就是当时最好的双扬声器配置，DXO榜单上到现在还75分，只比今年才出的小米10Pro低一分。问题是，现在喷华为不用双扬声器的网民们，哪怕一人买一台Mate20X，也不至于让这个产品线直接在Mate30系列里被砍了啊。再说要是真看重这个，不还有荣耀30系列吗？马达，把这玩意单独列出来一项，我觉得简直是一种笑话。Mate30Pro的就挺好，喜欢就买呗。再说了，魅族用了这么多年的线性马达，怎么之前都被选择性忽略了吗？既然马达这么重要，你们哪怕一人买一台魅族，也不至于让珠海大厂在自家基地里开发布会啊。屏幕，几乎是公认的舆论节奏了。京东方的屏幕真的很差吗？之前Mate20Pro那会多少花粉用户不想要LG的，认准了要京东方的？据我的了解，华近几年里的Mate系列与P系列的屏幕采购价格并不低，成本绝对算不上抠门。在美国特朗普以举国之力制裁之前，华为难道也是靠“打动外国人支持”的方式把手机卖向海外吗？事到如今，德国英国等海外国家也依旧在采购华为5G基站，难道不是靠质量与服务来赢得市场吗？如果没有去年美国开始的制裁，华为的手机业务，本来就将在全球市场继续成长，继续超越。再重申一遍，我很不喜欢“高端旗舰选国外，中端低端买国产”的这个风气。最后，我理解并尊重那些怀着朴素感情支持华为的消费者，但是华为的技术和产品，真的不算弱势。,,,,,107,324,1162,2020-05-04 10:58,HUAWEI Mate Xs 5G,,,
4500813924771918,J0laMk1oq,2089134027,富格林投資,"【特朗普发出关税威胁，黄金大举反弹，油价或再次暴跌】上周五金价走高，较日低反弹35美元，因特朗普表示可能向中国加征关税，以惩罚中国在初期应对新冠肺炎疫情做法不当，导致市场风险情绪恶化，美股大跌，刺激了黄金的避险需求，但一些国家放松疫情封锁措施仍限制金价的涨势，基本面多空交织，日内黄金可能会维持宽幅震荡。压力1706/1710,支撑1690。因OPEC+开始创纪录的减产，以解决新冠病毒危机导致的供应过剩问题，油价周五上涨4.5%，一度升至20美元上方，但目前市场依然担心全球储油能力有限，而且随着中美关税问题再次出现，可能会拖累油价走低。压力19.00，支撑16.60。",,,,,0,0,2,2020-05-04 10:58,专业版微博,,,
4500813920127262,J0laM0x6C,6409464370,湖南女性,【#特朗普改口称死亡人数8万或9万#将在年底前研制出疫苗】最新统计数据显示，#美国新冠肺炎确诊人数超115万#。当地时间5月3日，特朗普在接受福克斯新闻网采访时更新了他对美国新冠肺炎死亡人数的预期，他表示，美国新冠肺炎死亡人数可能是8万或9万。“我过去曾说是6.5万，现在我要说是8万或9万，它（死亡人数）上升了，而且上升得很快。”他还表示，美国将在今年年底之前研制出新冠疫苗。L燃新闻的秒拍视频,,,,"特朗普改口称死亡人数8万或9万,美国新冠肺炎确诊人数超115万",0,1,0,2020-05-04 10:58,HUAWEI Mate30 Pro 5G,,"http://miaopai.video.weibocdn.com/BSZgeO5hlx07CZVo7IuY010412005xGp0E013.mp4?label=mp4_ld&template=640x360.25.0&trans_finger=40a32e8439c5409a63ccf853562a60ef&Expires=1592210159&ssig=lKvvet%2BZmy&KID=unistore,video",
4500774556744932,J0k9hsiFe,1893801487,微天下,【#特朗普向失业者喊话#：你们可以找到更好的工作】#特朗普称失业者可以找到更好的工作#当地时间5月3日，特朗普在接受福克斯新闻网采访时称，因新冠疫情失业的人可以找到更好的工作。他说：“老实讲，你们可以找到更好的工作，赚更多的钱，我认为这会发生的。”特朗普预测，美国经济将在第三季度迎来回升。美国劳工部4月30日公布的数据显示，在截至4月25日的一周中，美国初次申请失业救济人数达到383.9万。过去六周，累计已突破3000万。L微天下的微博视频,,,,"特朗普向失业者喊话,特朗普称失业者可以找到更好的工作",84,192,640,2020-05-04 08:22,专业版微博,,"http://f.video.weibocdn.com/T2sw9y4Wlx07CZSV7nPy010412004sOf0E010.mp4?label=mp4_ld&template=640x360.25.0&trans_finger=40a32e8439c5409a63ccf853562a60ef&Expires=1592210159&ssig=QtamcHZQxM&KID=unistore,video",
4500813895333885,J0laJmnAp,5043703453,毓米书院,认真学习特朗普的讲话，调整工作心态。我们关注他的总统身份，忘了他也是一位杰出的企业家，卓越的管理者和励志大师。@雾隠新峰,,,雾隠新峰,,0,1,0,2020-05-04 10:58,iPhone 7,,,4500774556744932
4500813881559592,J0laI6xII,1853103647,小李飞刀再出发,"我分享了【又拿“武汉实验室”造谣特朗普遭美国情报机构打脸】,快來看吧！@小米瀏覽器|O网页链接",,,小米瀏覽器,,0,0,0,2020-05-04 10:58,小米浏览器,['http://ww3.sinaimg.cn/large/6e741e1fgy1geg8f09lovj20u01hhwk5.jpg'],,
4500813853102852,J0laFd1c0,2779380280,微永善,美为抗疫不力找“替罪羊”德媒：特朗普想让中国对疫情负责O美为抗疫不力找“替罪羊”德媒：特朗普想让中国对疫情负责,,,,,0,0,1,2020-05-04 10:58,专业版微博,,,
