﻿id,bid,user_id,用户昵称,微博正文,头条文章url,发布位置,艾特用户,话题,转发数,评论数,点赞数,发布时间,发布工具,微博图片url,微博视频url,retweet_id
4503379332798118,J1pUxbJUW,5721376081,台湾傻事,特朗普转推了这条视频L台湾傻事的微博视频,,,,,1248,651,15476,2020-05-11 12:52,微博 weibo.com,,"http://f.video.weibocdn.com/nIKzTiqqlx07DblJnrlu010412002bV70E010.mp4?label=mp4_ld&template=600x360.25.0&trans_finger=40a32e8439c5409a63ccf853562a60ef&Expires=1592211225&ssig=52XPMkE0aY&KID=unistore,video",
4503426450873617,J1r8x3FgB,3082910854,原因奇遇记,//@哎呀哎呀小胖子:建国同志想起在祖国的日子,,,哎呀哎呀小胖子,,3,2,10,2020-05-11 15:59,vivo NEX AI智慧旗舰,,,4503379332798118
4503426396456956,J1r8rr5Ks,1657988424,sindy琴,他让两个男生站在女厕所门口站了一下午……什么时候再次相遇这条街；两个男生打架；进去一个喊一声“欢迎光临”最极品的是出来要喊“好吃再来、学校管不住的班级都让他来管。#特朗普称注射消毒液的说法只是讽刺#,,,,特朗普称注射消毒液的说法只是讽刺,0,0,0,2020-05-11 15:59,iPhone客户端,,,
4502989395765942,J1fLBobZ4,1942357207,铜陵公安在线,【录音曝光!奥巴马批特朗普带来“灾难”直截了当揭其“险恶用心”】#奥巴马批评特朗普疫情应对#据中国日报5月9日报道，美国前总统奥巴马8日批评特朗普政府的新冠肺炎疫情应对工作，将之称为是一场“彻底混乱的灾难”。奥巴马指责特朗普及其支持者加剧了全国范围内种族间的紧张局势，阻碍了为减少确诊病例总数所做出的努力。他表示，美国人现在所反抗的，是自私、种族主义、分裂主义以及视他人为敌的思想，这给民众生活带来了更强烈的冲击，在国际上也出现了这样的现象。L燃新闻的秒拍视频,,,,奥巴马批评特朗普疫情应对,15,17,17,2020-05-10 11:03,HUAWEI P20 Pro,,"http://miaopai.video.weibocdn.com/6HTF6qDvlx07Df0opkcE010412003ThR0E013.mp4?label=mp4_ld&template=640x360.25.0&trans_finger=40a32e8439c5409a63ccf853562a60ef&Expires=1592211225&ssig=XgF8Bsfv8k&KID=unistore,video",
4503426367724816,J1r8owpzO,1748912371,铜陵杨家山派出所,转发微博,,,,,0,0,0,2020-05-11 15:59,小米5X 拍人更美,,,4502989395765942
4503065300391755,J1hK21DUD,6105864408,长安皖韵,【美国新冠肺炎死亡人数迫近8万特朗普仍谈笑风生：我们的口号是向伟大过渡】8日，美国总统特朗普在和共和党代表的会议上轻松说笑并创造出新的口号，向伟大过渡。然而，美国新冠死亡死亡人数已经迫近8万。#奥巴马批评特朗普疫情应对#L小央视频的秒拍视频,,,,奥巴马批评特朗普疫情应对,84,47,45,2020-05-10 16:04,iPhone客户端,,"http://miaopai.video.weibocdn.com/WGAAzWMXlx07Df5zBrxe010412002wZy0E013.mp4?label=mp4_ld&template=640x360.25.0&trans_finger=40a32e8439c5409a63ccf853562a60ef&Expires=1592211225&ssig=hI5bksFMq9&KID=unistore,video",
4503426350127773,J1r8n0xeR,6452302583,长安怀宁,,,,,,0,0,0,2020-05-11 15:59,微博 weibo.com,,,4503065300391755
4503426325658211,J1r8knJXt,2949277040,海内网,【特朗普应对新冠疫情的措施对奥巴马来说是“彻底的灾难”】在美国媒体周六报道的一次电话讨论中，奥巴马没有对特朗普和他对美国冠状病毒引起的健康危机的处理发表意见。O网页链接,,,,,0,0,0,2020-05-11 15:59,亮点网新闻,['http://ww4.sinaimg.cn/large/afca6570ly1geokhbn9dej20m70chwep.jpg'],,
4503426308068454,J1r8ixQYm,2941803627,BFTK线向上,【美媒称多数美企“用脚投票”留在中国：中国仍是最好的地点之一】美国政客们试图让中国对#疫情#“负责”，这为美国制造商将离开中国的想法增添了吸引力。据路透社报道，特朗普政府正在考虑采取税收激励措施并恢复补贴，以吸引企业迁移。一位不愿透露姓名的官员说，这项倡议正受到“政府整体推动”。然而，似乎没有多少企业愿意“上钩”。根据上海美国商会上月的一项调查，超过70%的美国在华企业没有迁移生产和供应链的打算。事实上，只有4%的企业计划将制造活动迁出中国。（参考消息）,,,,疫情,1,0,23,2020-05-11 15:59,HUAWEI Mate 20 X 5G,,,
4502591360327826,J15pC1nhw,1686546714,环球网,【#特朗普称没有疫苗病毒也会消失#，美媒：不久前他还说美国需要疫苗】“没有疫苗，它（新冠病毒）也将消失。”8日在白宫谈及尚未被研发出的新冠病毒疫苗时，美国总统特朗普做出如此表态，引发美国媒体关注。美国《华盛顿邮报》就表示，特朗普此前一直看好一种新冠病毒疫苗，但8日在白宫他似乎改变了自己就这一话题的措辞。报道称，8日下午，特朗普在白宫针对仍在研发中的新冠疫苗发表了“新评论”。“我对疫苗的感觉就像我对检测的感觉一样：没有疫苗它（新冠病毒）也将消失。”特朗普说，“它会消失，希望一段时间后我们不会再看到它。”“一些病毒或流感来了，他们去找疫苗，但他们从来没有找到过……它们消失了。再也没有出现过。它们（新冠病毒）也会被杀死，就像其他那些（病毒）一样。”《华盛顿邮报》报道截图：特朗普称新冠病毒将在没有疫苗的情况下消失，福奇的说法正好相反虽然坚信病毒终将消失，但面对镜头，特朗普对其“消失”的时间做出保守预测。“他们（专家）说它会消失，但这并不意味着今年就会消失，坦白说，并不意味着今天秋天或秋天之后就会消失。”当天，特朗普还重申了自己的观点并传递出一种信号：有疫苗固然好，没疫苗也不碍事。“但它最终会消失。（记者的）问题是，我们需要疫苗吗?在某个时刻，它可能会自己消失。”接着他话锋一转：“（不过）如果我们有疫苗，那将非常有用。”就新冠病毒疫苗，美国“抗疫队长”、美国家过敏症和传染病研究所所长安东尼·福奇一直对外强调其重要性。《华盛顿邮报》说，几周前，福奇接受美媒采访时被问及如何看待“在我们研制出疫苗之前，这一切都不会结束”的说法，他回答称:“确实如此。直到我们有了从科学角度来看可靠、安全和有效的疫苗，我们才能够采取任何（防控疫情的）缓解措施。”《华盛顿邮报》注意到，特朗普的上述言论与他几天前在一场新闻发布会上的言论形成了对比。特朗普当时表示，美国“需要”一种疫苗。“我想要它——我需要疫苗”，特朗普说，我们需要——这个国家需要疫苗。你将在今年年底获得它。我坚信这一点。”据美国约翰斯·霍普金斯大学发布的最新实时数据，截止北京时间9日07时32分，美国仍是全球新冠肺炎确诊病例最多国家，累计确诊1283829例，累计死亡77178例。O特朗普称没有疫苗病毒也会消失，美媒：不久前他还说美国需要疫苗@环视频L环视频的微博视频,,,环视频,特朗普称没有疫苗病毒也会消失,260,620,2904,2020-05-09 08:41,微博 weibo.com,,"http://f.video.weibocdn.com/p8WL9mBilx07D7WF45u8010412003MEb0E010.mp4?label=mp4_ld&template=640x360.25.0&trans_finger=40a32e8439c5409a63ccf853562a60ef&Expires=1592211225&ssig=imy10xq9gv&KID=unistore,video",
4503426300417364,J1r8i1KzG,2149589134,忄兑文武,没办法啊大选在即,,,,,0,0,0,2020-05-11 15:59,iPhone客户端,,,4502591360327826
4503425599043980,J1r79BWKE,1647486362,上帝之鹰_5zn,#美科学家称无证据显示新冠病毒源于武汉实验室#L海客新闻的微博视频,,,,美科学家称无证据显示新冠病毒源于武汉实验室,26,31,290,2020-05-11 15:56,微博 weibo.com,,"http://f.video.weibocdn.com/St8BwfwDlx07DbxA1OUw010412005dEa0E010.mp4?label=mp4_ld&template=640x360.25.0&trans_finger=40a32e8439c5409a63ccf853562a60ef&Expires=1592211225&ssig=CkluBE%2BCp0&KID=unistore,video",
4503426288288520,J1r8gyMdO,1516140647,主持人郑环宇,美帝就是那么霸气呀，说谁是恐怖分子，谁就是恐怖分子，说病毒从哪来，就从哪来的，他外号就叫上帝？特朗普，美国神话终结者，真是特不靠谱！,,,,,0,0,1,2020-05-11 15:59,华为Mate10保时捷设计,,,4503425599043980
4503426220317163,J1r8a1kvx,5994003317,老板联播,【#美国抗疫三巨头均自我隔离#，#一周3人确诊白宫陷疫情危机#】美国过敏传染病研究所所长福奇、疾控中心主任雷德菲尔德以及食药监局局长哈恩近两日纷纷宣布自我隔离。三人目前均健康，将定期接受检测。上周白宫共3人确诊新冠肺炎，包括副总统彭斯的新闻秘书和特朗普的贴身侍卫。L时差视频的微博视频,,,,"美国抗疫三巨头均自我隔离,一周3人确诊白宫陷疫情危机",7,6,16,2020-05-11 15:59,微博 weibo.com,,"http://f.video.weibocdn.com/VxtQ60q8lx07DbfZ1P3O010412004BAV0E010.mp4?label=mp4_ld&template=360x640.24.0&trans_finger=81b11b8c5ffb62d33ceb3244bdd17e7b&Expires=1592211225&ssig=BE4PKizE83&KID=unistore,video",
4503426203890832,J1r88gkbm,2584551281,毛开云623,#凤凰新闻#【如果特朗普感染新冠病毒，美国会不会乱？】如果特朗普感染新冠病毒，美国会不会乱？答案是：不可能。第一，英国首相约翰逊不是确诊了吗？而且住进了医院，还在重症监护室住了几天，去“鬼门关”走了一遭，英国不是没...O如果特朗普感染新冠病毒，美国会不会乱？来自@凤凰新闻客户端,,,凤凰新闻客户端,凤凰新闻,0,0,0,2020-05-11 15:58,凤凰新闻,['http://ww1.sinaimg.cn/large/9a0d1f71gy1geokgta49bj20hs0aoq3k.jpg'],,
4503426186674111,J1r86s0eX,7418657207,兄弟從英国囬來的時候,川普同志没发现车牌上写着苏E么？,,,,,0,0,2,2020-05-11 15:58,360安全浏览器,,,4503379332798118
4503426119301160,J1r7ZD1EI,3032836862,無國可保,村主任對吹牛不打草稿講話不加標點符號做事虎頭蛇尾的二狗子傷透了腦筋。二狗子一年四季空懷出門滿懷進門你根本就搞不清楚他吊兒郎當花裡胡哨謀的是什麼營生。二狗子縱論中美貿易摩擦特朗普馬克龍中東地區烽火連天就連台灣地區鬧獨立也惹毛了二狗子罵聲咧咧讓經濟學家們算不過帳損失恐怕太慘重。可這二狗子說他既不偷又不搶搞傳銷電信詐騙等一竅不通只管狠下心來研究政策靈活運用經濟手段悶聲發大財是個遵紀守法崇尚道德有著老祖宗優良基因的好村民。村主任越發不明白二狗子聰明用在點子上好鋼用在刀刃上的機靈是那個老師教會的又是怎樣改邪歸正讓人「士別三日刮目相待」。,,,,,0,0,0,2020-05-11 15:58,iPhone客户端,['http://ww2.sinaimg.cn/large/b4c56afely1geokgf82p6j20rs15o13d.jpg'],,
4503426116106925,J1r7ZpCGN,2584551281,毛开云623,《如果特朗普感染新冠病毒，美国会不会乱？_手机搜狐网》第四，美国三个重要级人物——总统特朗普、副总统彭斯、特朗普女儿伊万卡的身边人物都感染了新冠病毒，那么，这三个重要级人物都危险了，真有可能出现特朗普和彭斯感染新冠病毒，不能履行和代行总统职务，而由佩洛…O如果特朗普感染新冠病毒，美国会不会乱？答案是：不可能,,,,,0,0,0,2020-05-11 15:58,百度App,['http://ww3.sinaimg.cn/large/9a0d1f71gy1geokgg7kxjj205k05kt8p.jpg'],,
4503426093965754,J1r7XgDFM,6224522350,今年41,华盛顿(美联社)--当唐纳德·特朗普总统谈到他的政府对冠状病毒的反应时，真相经常受到打击，过去一周美国随后的死亡人数也不例外。在周末，总统在实施了“非常早期的禁止中国人入境”后，为自己处理这一流行病取得了强烈的成绩。这实际上不是完全禁止，在遏制方面有很多空白。一位政府高级卫生官员形容中国的限制太少，太晚了。特朗普还断言，美国在降低COVID-19死亡人数方面与德国不相上下，死亡率报告中并非如此。他忽略了他的国家死亡人数将比早期预测翻倍的预测，歪曲了数字的计算方式。,,,,,0,0,0,2020-05-11 15:58,,,,
4503426052249757,J1r7T9rgp,1640337222,环球市场播报,【#美联社盘点特朗普抗疫谎言#称真相已成牺牲品】特朗普7日会见得克萨斯州州长格雷格·阿博特时说：“现在，我们与德国非常接近。我们与德国的关系非常好。德国做得很好。他们的死亡率和我们一样非常低。我们的死亡率也很低。”事实是：从病亡人数占总人口的比例看，与德国相比，美国目前报告的新冠死亡率要高得多。O美联社盘点特朗普抗疫谎言称真相已成牺牲品,,,,美联社盘点特朗普抗疫谎言,4,3,14,2020-05-11 15:58,专业版微博,['http://ww2.sinaimg.cn/large/61c58f46ly1geokg68alpj20yg0jemxv.jpg'],,
4503426031535259,J1r7R6rof,2586154864,金昌交警支队,【法国媒体：#面对疫情美国很失败#】10日，法国国际广播电台驻美国记者安娜·柯裴（AnneCorpet）用上万字的篇幅，完整地回顾了特朗普政府从1月18日到5月8日处理疫情的方式，柯裴称特朗普总是表现出他蔑视科学的一面，不断为其政府推卸责任，不愿为应对新冠疫情迟缓负责。美国应对此次危机不力显而易见，而特朗普混乱的管理更是加重了这个趋势。#特朗普经济顾问称在白宫办公有风险#L央视网快看的微博视频,,,,"面对疫情美国很失败,特朗普经济顾问称在白宫办公有风险",0,0,0,2020-05-11 15:58,HUAWEI Mate 9,,"http://locallimit.us.sinaimg.cn/DwUfSWFFlx07DbxiqlCM01041200oVD60E010.mp4?label=mp4_ld&template=640x360.25.0&trans_finger=bdef57f06ae52835a2c783ca389e8517&Expires=1592211225&ssig=5WdBxm%2Fabo&KID=unistore,video",
4503426006808191,J1r7Osz7x,6590163259,青芒58219,//@亚尼大帝://@捕猹少年小闰土:推上原贴文案:我对人类的信念得到了恢复，先生，你是我的英雄100，完事有位转发的网友叫特朗普（其实事情发生在苏州）//@怂的载体:噗//@吐槽鬼:川普同志没发现车牌上写着苏E么？,,,"亚尼大帝,捕猹少年小闰土,怂的载体,吐槽鬼",,0,0,0,2020-05-11 15:58,荣耀手机 勇敢做自己,,,4503379332798118
4503425969466594,J1r7KDIH0,2584551281,毛开云623,《如果特朗普感染新冠病毒，美国会不会乱？》有事搜一搜，没事看一看O网页链接,,,,,0,0,0,2020-05-11 15:58,百度App,['http://ww2.sinaimg.cn/large/9a0d1f71gy1geokft2zxjj20hs0ao3z1.jpg'],,
4503425968085310,J1r7KxVme,6833118379,论文代发和荣誉证书代办,#特朗普经济顾问称在白宫办公有风险#掐指一算川普难逃此刧啊,,,,特朗普经济顾问称在白宫办公有风险,0,0,0,2020-05-11 15:58,Android,,,
4503411348168275,J1qKaygWn,5559827289,京新报我们的视频,#吉林省舒兰市全面进入战时状态#20年前大使馆被轰炸为何不还击？美至今才明白：这是东方智慧_南斯拉夫地区O网页链接近期，西方一些政客和媒体为转移国内应对新冠肺炎疫情不力，甩锅中国，编造各种匪夷所思的谎言。与此同时，另一股声音正在集结，多国政要、国际组织负责人、专家学者用科学和理性声音驳斥阴谋论，为中国发声，#多方声援中国战疫#业内曝部分明星片酬下降假象↓↓特朗普猖狂不了多久了！美国内部开始倒计时，6个月后真相公布_疫情O网页链接纽约遭遇罕见暴风雪袭击，至少已经造成13人死亡,,,,"吉林省舒兰市全面进入战时状态,多方声援中国战疫",0,22,1,2020-05-11 14:59,搜狗高速浏览器,"['http://ww4.sinaimg.cn/large/0064gt3Hly1geoiajp53pj30hs0bkthu.jpg', 'http://ww3.sinaimg.cn/large/0064gt3Hly1geoiaxh8hgj30b408cjyt.jpg', 'http://ww2.sinaimg.cn/large/0064gt3Hly1geoibggx2hj30b4080jxg.jpg', 'http://ww3.sinaimg.cn/large/0064gt3Hly1geoic724kfj30hs0bvdrs.jpg', 'http://ww2.sinaimg.cn/large/0064gt3Hly1geoidfgjy6j30dc1387j6.jpg', 'http://ww1.sinaimg.cn/large/0064gt3Hly1geoiebo67nj30dw0k7aqd.jpg', 'http://ww4.sinaimg.cn/large/0064gt3Hly1geoigmlsnjj30hi0be468.jpg', 'http://ww1.sinaimg.cn/large/0064gt3Hly1geoihiqx2jj30dw08p78e.jpg', 'http://ww1.sinaimg.cn/large/0064gt3Hly1geoii8z2vxj30dw09q7ds.jpg']",,
4501737799383986,J0JcTDncC,2423228220,北京鲁戈,#视频分享#笑话？还是谎话？L北京鲁戈的微博视频,,马来西亚·槟城,,视频分享,103,42,55,2020-05-07 00:09,HUAWEI Mate 8,,"http://f.video.weibocdn.com/YqcTDG5hlx07D47MgPkc010412001TXr0E010.mp4?label=mp4_ld&template=360x632.24.0&trans_finger=81b11b8c5ffb62d33ceb3244bdd17e7b&Expires=1592211238&ssig=gitywBicT6&KID=unistore,video",
4503411343456334,J1qKaev9k,2870120844,货真价实_71,开始大嘴说死亡10万时，还觉得这家伙是多说点，为了日后下台阶铺路…没想到真往10万去了。根本想不到美国会这样……//@北京鲁戈:这也意味着美国的国际形象和软实力下降//@巴蜀法家:特朗普用无耻行为颠覆了很多人对美国的美好想象,,,"北京鲁戈,巴蜀法家",,4,1,0,2020-05-11 14:59,HUAWEI nova 2 Plus,,,4501737799383986
4503375292709435,J1pO1bmQz,1686546714,环球网,【警惕！美国找到攻击中国新借口，涉及疫苗！】#美政府将指控中国窃取美国疫苗研发成果#《纽约时报》5月10日一篇报道不得不引起中方警惕！这篇题为“病毒重新定义网络袭击方向，美国将指控中国试图黑走疫苗数据”的报道说，美国联邦调查局和国土安全部正准备发布一项公共警告，内容是“中国黑客的间谍正试图窃取美国在新冠疫苗研发和新冠肺炎治疗方法方面的研究成果”。这篇语焉不详的报道用所谓安全专家的话，渲染当下多国黑客都在以疫苗研发和新冠肺炎病毒治疗方法为目标进行活动，包括韩国这样的美国盟友。但文章很直接地点出，特朗普政府的公共警告就是其近期“指责中国”一系列部署中最新的行动。详戳↓↓↓全文：O警惕！美国找到攻击中国新借口，涉及疫苗！,,,,美政府将指控中国窃取美国疫苗研发成果,558,1138,7969,2020-05-11 12:36,微博 weibo.com,"['http://ww2.sinaimg.cn/large/6486a91aly1geoeinib3zj20jk0i2dkc.jpg', 'http://ww2.sinaimg.cn/large/6486a91aly1geoeix8vh2j20hm0iddqa.jpg', 'http://ww1.sinaimg.cn/large/6486a91aly1geoej5c948j20iq0hrtjh.jpg', 'http://ww1.sinaimg.cn/large/6486a91aly1geoejxy119j20dl0l6juf.jpg']",,
4503411330840728,J1qK93wI8,2189982872,倚田佑爱儒家,回复@清新的小韭菜:他们忙着政斗，哪里有时间管百姓死活啊。那些专业科研人员都被派去伪造用于党争的所谓证据以及研究政府要主推的根本没用羟氯喹了，可能还有一部分科研人员不得不顺着特朗普奇葩的脑子去研究紫外线跟消毒剂的另外用法……尖端科研人员还能有几个人真正在研究新冠疫苗？,,,清新的小韭菜,,0,0,0,2020-05-11 14:59,iPhone客户端,,,4503375292709435
4503411321807582,J1qK87Aey,6188725300,贾家嘉佳灬,转发微博,,,,,0,0,0,2020-05-11 14:59,OnePlus 7 Pro,,,4503379332798118
4503411313394148,J1qK7eeYk,5339090434,强项中学-杨老,【#特朗普回击奥巴马#：你任上H1N1处理又怎样】当地时间5月10日，特朗普在推特上回击奥巴马对其抗疫措施的指责，称奥巴马应对H1N1不力。5月8日，在和执政时的政府成员开电话会议时#奥巴马批评特朗普疫情应对#，称是“混乱的灾难”，呼吁其支持者支持民主党总统竞选人、前副总统拜登，并表示：“我将尽可能多花时间、尽我所能为拜登助选。”L强项中学-杨老的微博视频,,,,"特朗普回击奥巴马,奥巴马批评特朗普疫情应对",0,0,0,2020-05-11 14:59,vivo X27 4800万三摄,,"http://f.video.weibocdn.com/001fQIjFgx07Dbush0FG010412004V4R0E010.mp4?label=mp4_ld&template=640x360.25.0&trans_finger=40a32e8439c5409a63ccf853562a60ef&Expires=1592211238&ssig=bU4o%2BpwXbn&KID=unistore,video",
4495447298937275,IE31fBuZB,1672519561,东方今报,【#WHO称美国共欠费近1个亿#】特朗普：美国纳税人每年向WHO支付4-5亿美元，而中国每年只付差不多4000万。WHO官网对账单：美国每年支付不到6000万；2019年的会费还没交；总共欠费近1个亿@今日俄罗斯RTL今日俄罗斯RT的微博视频（侠客岛）,,,今日俄罗斯RT,WHO称美国共欠费近1个亿,166,28,68,2020-04-19 15:33,Android,,"http://f.video.weibocdn.com/LlKcDtBFlx07CwtaEING010412002ooB0E010.mp4?label=mp4_ld&template=640x360.25.0&trans_finger=40a32e8439c5409a63ccf853562a60ef&Expires=1592211238&ssig=%2BxKbQ1dsPq&KID=unistore,video",
4503411288767177,J1qK4AMK5,6652597364,JPY晶晶峥,转发微博,,,,,0,0,0,2020-05-11 14:59,微博 weibo.com,,,4495447298937275
4503349321539436,J1p886stC,5964184998,安徽反邪教,【#特朗普经济顾问称在白宫办公有风险#】当地时间10日，美国白宫经济顾问委员会主席凯文·哈西特在接受媒体采访时表示，他认为新冠疫情期间在白宫办公有风险，在家办公更安全。此前他已多次接受病毒检测，结果为阴性。日前，#美国副总统彭斯助手确诊新冠肺炎#，多名核心官员因接触患者正接受隔离。@央视新闻L央视新闻的微博视频,,,央视新闻,"特朗普经济顾问称在白宫办公有风险,美国副总统彭斯助手确诊新冠肺炎",57,58,89,2020-05-11 10:53,OPPO R15x,,"http://f.video.weibocdn.com/WBodClNWlx07Db6F8XwI010412005tb00E010.mp4?label=mp4_ld&template=640x360.25.0&trans_finger=40a32e8439c5409a63ccf853562a60ef&Expires=1592211238&ssig=Gs36pFlhXT&KID=unistore,video",
4503411284475183,J1qK4iMcn,6312071341,淮北反邪教,,,,,,0,0,0,2020-05-11 14:59,微博 weibo.com,,,4503349321539436
4503411268293484,J1qK2yNvS,7365025254,余丰惠-A股指导,#新浪看点#特朗普像不像胡佛民主党为何要推罗斯福式特朗普像不像胡佛民主党为何要推罗斯福式,,,,新浪看点,0,0,0,2020-05-11 14:59,微博手机版,,,
4503411254591435,J1qK1jgrp,1594757052,用户2le61ra83h,"我在看：【特朗普也能信？印度药剂师服用自制""抗新冠药""后当场毒发身亡】#跟新浪看热点#O特朗普也能信？印度药剂师服用自制""抗新冠药""后当场毒发身亡",,,,跟新浪看热点,0,0,0,2020-05-11 14:59,新浪新闻客户端,,,
4502975218934234,J1foJBucy,2803301701,人民日报,【驳斥阴谋论！#世界三大学术期刊为中国发声#】一场突如其来的疫情，照出多少真面目。连日来，西方一些政客，为掩盖自身抗疫不力日夜奔走“甩锅”，编织各种谣言，抹黑攻击中国。与此同时，另一股声音正在集结——《自然》杂志、《科学》杂志、《柳叶刀》杂志，三份顶级学术期刊连续几个月来积极评价中国抗疫举措取得成效。面对饱含偏见与歧视的“政治病毒”，这三份学术界分量十足的期刊，正在以科学的名义发起攻势。（参考消息网）O驳斥阴谋论！世界三大学术期刊集体为中国发声,,,,世界三大学术期刊为中国发声,8523,2508,68795,2020-05-10 10:06,微博 weibo.com,,,
4503411238768730,J1qJZAN98,6567424572,拒霜30441,//@张得开zDk:我都不知道中国居然这么厉害，能收买世界卫生组织，自然，科学，柳叶刀，甚至还有联合国安理会//@示木洛望JikiRakunozo:特朗普&蓬佩奥：自然科学柳叶刀被中国收买了！,,,"张得开zDk,示木洛望JikiRakunozo",,0,0,0,2020-05-11 14:59,OPPO A9x,,,4502975218934234
4503411217512055,J1qJXvweb,2729232002,抚州南丰发布,【接连有人感染白宫经济顾问表示“害怕去上班”】10日，美国白宫经济顾问委员会主席凯文·哈西特在接受媒体采访时表示，“现在去白宫上班是一件很恐怖的事情，那里办公室又小又挤，但是你必须得去，因为很多事情只能在那里做。”不过，他表示他一直很努力保持社交距离，在必要的时候，也会戴口罩。#特朗普经济顾问称在白宫办公有风险#L微丢的微博视频,,,,特朗普经济顾问称在白宫办公有风险,0,0,0,2020-05-11 14:59,微博 weibo.com,,"http://f.video.weibocdn.com/opBwSy5Flx07DbrFs7ag010412004nyN0E010.mp4?label=mp4_ld&template=640x360.25.0&trans_finger=647b8232579b0b23561398fc756ef4ae&Expires=1592211238&ssig=fTqN7yeJ4m&KID=unistore,video",
4503411205141814,J1qJWlzCu,6356912812,取个没被占用的昵称好难啊,保护最好的川川哈哈哈哈哈哈哈哈//@怂的载体:噗//@吐槽鬼:川普同志没发现车牌上写着苏E么？,,,"怂的载体,吐槽鬼",,0,0,0,2020-05-11 14:59,微博国际版,,,4503379332798118
4503355143985700,J1phwgIRu,5999251130,香港中通社,【曾有一個生產數百萬N95口罩的機會擺在特朗普面前，他拒絕了……】據《華盛頓郵報》報道，今年一月，特朗普政府曾拒絕美國最大的外科口罩生產商PrestigeAmeritech公司的增產提議。該公司的所有人麥克·鮑文曾提出啟動四條休眠生產線，每週生產170萬個N95口罩。美國政府以“溝通困難”為由，拒絕了該公司的增產提議。隨著新冠肺炎疫情的爆發，美國政府計劃啟用《國防生產法》增加產量。據《商業內幕》報道，截至4月16日，美國聯邦政府緊急醫療儲備的口罩不到所需量的1%。（視頻來源：觀察者網）#美国##美国疫情##美国新冠肺炎确诊超132万##关注新冠肺炎#L香港中通社的微博视频,,,,"美国,美国疫情,美国新冠肺炎确诊超132万,关注新冠肺炎",10,13,67,2020-05-11 11:16,微博视频,,"http://f.video.weibocdn.com/zs2QtjzFlx07Dbf7VvwY010412005l2N0E010.mp4?label=mp4_ld&template=636x360.25.0&trans_finger=40a32e8439c5409a63ccf853562a60ef&Expires=1592211238&ssig=sMFVhvwBMe&KID=unistore,video",
4503411187315331,J1qJUuH3d,7309662608,用户7309662608,轉發微博,,,,,0,0,0,2020-05-11 14:59,Redmi Note 7 Pro,,,4503355143985700
4503411090867558,J1qJL3DGS,6489555941,砀山县政法委,【美国新冠肺炎死亡人数迫近8万特朗普仍谈笑风生：我们的口号是向伟大过渡】,,,,,0,0,0,2020-05-11 14:58,搜狗高速浏览器,,,4503065300391755
4503411074450302,J1qJJiFJ4,5492734072,相山区政法委,转发微博,,,,,0,1,1,2020-05-11 14:58,微博 weibo.com,,,4503349321539436
4503411058600830,J1qJHA5t4,1758096583,咸鱼西不正,正道的光～//@吐槽鬼:川普同志没发现车牌上写着苏E么？,,,吐槽鬼,,0,0,0,2020-05-11 14:58,微博国际版,,,4503379332798118
4503411037128471,J1qJFtUrl,2665177402,朱长元,#全球疫情##美国疫情#【美国确诊超132万！白宫多名抗疫“大将”遭隔离特朗普：感到不舒服】据央视新闻11日援引美媒报道，在美国副总统新闻秘书凯蒂·米勒于8日新冠病毒检测呈阳性后，副总统彭斯已经离开白宫开始自我隔离。据最新数据显示，美国新冠肺炎确诊病例为超132万，死亡人数接近8万。CNN报道称，特朗普对白宫工作人员的新冠病毒检测呈阳性表示沮丧。对于新冠病毒疫情加重的任何迹象感到担忧。与此同时，特朗普称他不想接近那些没有接受过检测的人。并且特朗普在白宫与一些人接触时，他感到不舒服。L燃新闻的秒拍视频,,,,"全球疫情,美国疫情",1,2,0,2020-05-11 14:58,iPhone XS Max,,"http://miaopai.video.weibocdn.com/0SmkuaLulx07Dfa2u4Qo0104120065ET0E013.mp4?label=mp4_ld&template=640x360.25.0&trans_finger=40a32e8439c5409a63ccf853562a60ef&Expires=1592211238&ssig=l9UPcqwnxy&KID=unistore,video",
4503411036603548,J1qJFrHSQ,6505786787,用户6505786787,转//#看点快报#《特朗普不惧疫情参加...-看点快报》O网页链接,,,,看点快报,0,0,0,2020-05-11 14:58,天天快报,['http://ww2.sinaimg.cn/large/0076hCkXly1geoiq2jbkdj30m70d9mxx.jpg'],,
4503411028195790,J1qJEyo6a,6545484862,Vv姐斗,转发微博,,,,,0,0,0,2020-05-11 14:58,百度浏览器,,,4495447298937275
4501526388714784,J0DHUAz72,1977581633,北冥乘海生,满洲人的势力，让人瑟瑟发抖,,,,,692,321,7431,2020-05-06 10:09,HUAWEI P30 Pro,['http://ww4.sinaimg.cn/large/75df8041ly1geii8ptraaj20u01q7dno.jpg'],,
4503396252848605,J1qlPbX3f,6556331455,重于生死,？//@维稳先锋卡菊轮:傅满洲么？//@磁暴铁塔蟹什卡:吉瑟斯//@渡鸦三号机:特朗普上台我也在电视前面点头//@DDD的车神:建议和犹太人打一架去//@椟菽荫://@捷尔宁斯基:谢谢你，李硕,,,"维稳先锋卡菊轮,磁暴铁塔蟹什卡,渡鸦三号机,DDD的车神,椟菽荫,捷尔宁斯基",,0,0,0,2020-05-11 13:59,OPPO Reno Ace,,,4501526388714784
4503385779046978,J1q4VBXx0,5044281310,澎湃新闻,【#特朗普回击奥巴马#：你任上H1N1处理又怎样】当地时间5月10日，特朗普在推特上回击奥巴马对其抗疫措施的指责，称奥巴马应对H1N1不力。5月8日，奥巴马在和其执政时的政府成员开电话会议时呼吁大家为拜登助选。#奥巴马批评特朗普疫情应对#（视频来源：CNN及网络）O特朗普回击奥巴马：你处理H1N1又怎样L澎湃新闻的微博视频,,,,"特朗普回击奥巴马,奥巴马批评特朗普疫情应对",618,852,6791,2020-05-11 13:18,360安全浏览器,,"http://f.video.weibocdn.com/RuURlNiMlx07Dbnuj7Nm010412005gJp0E010.mp4?label=mp4_ld&template=640x360.25.0&trans_finger=bdef57f06ae52835a2c783ca389e8517&Expires=1592211252&ssig=7zL9cWY29c&KID=unistore,video",
4503396239782301,J1qlNF2P3,3903596754,用户3903596754,本王荣耀是自己的，失职罪过踢球给下属。,,,,,0,0,0,2020-05-11 13:59,华为手机 畅享玩不停,,,4503385779046978
4503396223409633,J1qlMej05,5669689892,一分为二的科学观点,"邀请您回答问题""白宫“以耶稣之名”宣布抗疫胜利，在病毒泛滥成灾之中，特朗普束手无策又拿唯心论忽悠民众，真是笑死人也？""@@中国政府网@新浪新闻@央视新闻@新浪军事@参考消息@CCTV4@人民日报@环球时报@凤凰网@洪琳@宋忠平@赵立坚个人微博@邱毅台湾@邱震海@胡锡进@酒巷诗行长@开心每一天5865@关山月x@非主食_@文汇报@解放军报@今日台湾@早报网@工人日报@中国日报@检察官张聪@乡村教师代言人-马云@俄罗斯驻华大使馆@伊朗驻华大使馆@法国驻华大使馆O白宫“以耶稣之名”宣布抗疫胜利，在病毒泛滥成灾之中，特朗普束手无策又拿唯心论忽悠民众，真是笑死人也？",,,"中国政府网,新浪新闻,央视新闻,新浪军事,参考消息,CCTV4,人民日报,环球时报,凤凰网,洪琳,宋忠平,赵立坚个人微博,邱毅台湾,邱震海,胡锡进,酒巷诗行长,开心每一天5865,关山月x,非主食_,文汇报,解放军报,今日台湾,早报网,工人日报,中国日报,检察官张聪,乡村教师代言人-马云,俄罗斯驻华大使馆,伊朗驻华大使馆,法国驻华大使馆",,0,0,0,2020-05-11 13:59,华为手机,,,
4503396185522218,J1qlInaA2,1250611861,刘毓民,一场疫情，把美国打回原形了。让人们怀疑美国的虚胖与臃肿不堪体态。它的国体、制度、文化、信仰，都是不堪回首的。标榜的普世价值，意识形态，原来如...//【美媒：特朗普抗疫表现令美总统领导力降至历史最低点】O美媒：特朗普抗疫表现令美总统领导力降至历史最低点,,,,,0,1,0,2020-05-11 13:59,手机新浪网,,,
4503396134478369,J1qlDiN1L,5669689892,一分为二的科学观点,"邀请您回答问题""谁是特朗普连任道路上的障碍？谁阻碍重启经济就铲除谁？哪怕你是美国疾控中心的什么专家？""@@中国政府网@新浪新闻@央视新闻@新浪军事@参考消息@CCTV4@人民日报@环球时报@凤凰网@洪琳@宋忠平@赵立坚个人微博@邱毅台湾@邱震海@胡锡进@酒巷诗行长@开心每一天5865@关山月x@非主食_@文汇报@解放军报@今日台湾@早报网@工人日报@中国日报@检察官张聪@乡村教师代言人-马云@俄罗斯驻华大使馆@伊朗驻华大使馆@法国驻华大使馆O谁是特朗普连任道路上的障碍？谁阻碍重启经济就铲除谁？哪怕你是美国疾控中心的什么专家？",,,"中国政府网,新浪新闻,央视新闻,新浪军事,参考消息,CCTV4,人民日报,环球时报,凤凰网,洪琳,宋忠平,赵立坚个人微博,邱毅台湾,邱震海,胡锡进,酒巷诗行长,开心每一天5865,关山月x,非主食_,文汇报,解放军报,今日台湾,早报网,工人日报,中国日报,检察官张聪,乡村教师代言人-马云,俄罗斯驻华大使馆,伊朗驻华大使馆,法国驻华大使馆",,0,0,0,2020-05-11 13:59,华为手机,,,
4503396130262110,J1qlD16bA,7366787381,敬恒1969,//@维稳先锋卡菊轮:忘了换号吧……//@怂的载体:噗//@吐槽鬼:川普同志没发现车牌上写着苏E么？,,,"维稳先锋卡菊轮,怂的载体,吐槽鬼",,0,0,0,2020-05-11 13:59,微博 weibo.com,,,4503379332798118
4503362908066466,J1pu2xQsi,5939109236,军武菌,#美国新冠肺炎死亡人数近8万#“如果我们将死亡人数控制在10万以下，那我认为我们做的就很好”L世面的秒拍视频,,,,美国新冠肺炎死亡人数近8万,15,65,92,2020-05-11 11:47,微博 weibo.com,,"http://miaopai.video.weibocdn.com/lAD60FnHlx07Cmkrmudi010412004E9I0E013.mp4?label=mp4_ld&template=640x360.25.0&trans_finger=40a32e8439c5409a63ccf853562a60ef&Expires=1592211252&ssig=cN0qkbG1IX&KID=unistore,video",
4503396126064885,J1qlCprKJ,5480314602,王奇17094,//@雾隠新峰:十五万，真的不如打不住//@老漂筒:到时候，15万以下就说明我们做的很好，我们做了一个很棒的决定，我们把死亡人数底线提高了//@雾隠新峰:破八了，破十是肯定的//@老漂筒:牛逼继续吹...,,,"雾隠新峰,老漂筒",,0,1,1,2020-05-11 13:59,荣耀V9 我想要的快,,,4503362908066466
4503396030186830,J1qlt0MBo,1294513504,kiki大头,//@诛砂:挺好的。//@公子握瑜:祖国万岁！//@吐槽鬼:川普同志没发现车牌上写着苏E么？,,,"诛砂,公子握瑜,吐槽鬼",,0,0,0,2020-05-11 13:59,Android,,,4503379332798118
4503129515284830,J1jpBmaPc,3057540037,人民日报海外版-海外网,【你说的都对总统先生】护士称防护用品并不充足，时有时无，遭特朗普反驳，护士急忙改口：你说的都对，总统先生！#奥巴马批评特朗普疫情应对#LCGTN的微博视频,,,,奥巴马批评特朗普疫情应对,192,246,1261,2020-05-10 20:20,微博 weibo.com,,"http://f.video.weibocdn.com/VF6PAdAAlx07D779ITI4010412006vst0E010.mp4?label=mp4_ld&template=640x360.25.0&trans_finger=40a32e8439c5409a63ccf853562a60ef&Expires=1592211252&ssig=DvEmh78cuC&KID=unistore,video",
4503396024897158,J1qlskxYq,5937849999,这个地方很隐蔽,转发微博,,,,,0,0,0,2020-05-11 13:59,iPhone客户端,,,4503129515284830
4503388346506282,J1q94riA2,2632236847,香港文匯網,【#特朗普回击奥巴马#：你任上H1N1处理又怎样】当地时间5月10日，特朗普在推特上回击奥巴马对其抗疫措施的指责，称奥巴马应对H1N1不力。5月8日，奥巴马在和其执政时的政府成员开电话会议时呼吁大家为拜登助选。@澎湃新闻L澎湃新闻的微博视频,,,澎湃新闻,特朗普回击奥巴马,11,20,44,2020-05-11 13:28,微博 weibo.com,,"http://f.video.weibocdn.com/RuURlNiMlx07Dbnuj7Nm010412005gJp0E010.mp4?label=mp4_ld&template=640x360.25.0&trans_finger=bdef57f06ae52835a2c783ca389e8517&Expires=1592211252&ssig=7zL9cWY29c&KID=unistore,video",
4503396004144316,J1qlqho7O,1939188501,安薇蓝尔,转发微博,,,,,0,0,0,2020-05-11 13:58,HUAWEI Mate 20,,,4503388346506282
4503395983795459,J1qlofVn5,1231937494,龙镇四海,但将冷眼观螃蟹，看尔横行能几时。-------------------------------------白宫为何“沦陷”？奥巴马给特朗普抗疫下了定义O白宫为何“沦陷”？奥巴马给特朗普抗疫下了定义,,,,,0,0,1,2020-05-11 13:58,分享按钮,,,
4503395958450671,J1qllzsp9,3633596840,一个患得患失的疯子0226,特朗普：我首先是商人！其次是选举！再其次是国民！O你爱美国，美国爱你吗？,,,,,0,0,0,2020-05-11 13:58,Redmi K30 全速热爱,"['http://ww2.sinaimg.cn/large/d89449a8gy1geogzpzmgmj20bc07bmx6.jpg', 'http://ww1.sinaimg.cn/large/d89449a8gy1geogzqdosmj20e60c0t8s.jpg']",,
4503395895335645,J1qlfmo2N,2746834863,Se7en_32,艹//@维稳先锋卡菊轮:忘了换号吧……//@怂的载体:噗//@吐槽鬼:川普同志没发现车牌上写着苏E么？,,,"维稳先锋卡菊轮,怂的载体,吐槽鬼",,0,0,0,2020-05-11 13:58,荣耀 9X PRO,,,4503379332798118
4503394616057630,J1qjbppRI,1742227644,努力向上的cat,#特朗普经济顾问称在白宫办公有风险#不单单是宁办公地点，处处有风险啊！还是抓紧整治吧！,,,,特朗普经济顾问称在白宫办公有风险,2,0,0,2020-05-11 13:53,群魔退散超话,,,
4503395870673878,J1qld2Pj0,6112608407,就很酷不想秃头,#特朗普经济顾问称在白宫办公有风险#不单单是宁办公地点，处处都有风险啊！还是抓紧整治吧！！！,,,,特朗普经济顾问称在白宫办公有风险,1,0,0,2020-05-11 13:58,时间情书超话,,,4503394616057630
4503395857684464,J1qlbwf4Y,5673762779,和夏天的500天,哈哈哈哈//@哎呀哎呀小胖子:建国同志想起在祖国的日子,,,哎呀哎呀小胖子,,0,0,0,2020-05-11 13:58,iPhone客户端,,,4503379332798118
4503364768905329,J1px2BmGl,5333693607,武力统一,【白宫接连出现新冠肺炎确诊者特朗普经济顾问：去白宫“好可怕”】近日，美国白宫接连出现新冠肺炎确诊患者，白宫应对疫情特别小组的多名高官也宣布将进行自我隔离，引发美国政府内部“人心惶惶”。白宫经济顾问哈塞特当地时间10日就承认，在白宫工作是有风险的，“去上班很可怕”。L海客新闻的秒拍视频,,,,,3,1,25,2020-05-11 11:54,武统超话,,"http://miaopai.video.weibocdn.com/G3lkFp7xlx07DfaiHYaQ0104120049NV0E013.mp4?label=mp4_ld&template=640x360.25.0&trans_finger=40a32e8439c5409a63ccf853562a60ef&Expires=1592211252&ssig=nvBqAdG6ZQ&KID=unistore,video",
4503395765223351,J1ql2lUPB,2010579111,玉王后,白宫被新冠病毒攻入,,,,,0,0,0,2020-05-11 13:58,Redmi Note 7 Pro,,,4503364768905329
4503312420427384,J1oaC1Nbi,6355071728,四月甜糖-,0⃣5⃣1⃣1⃣,,,,,11,0,0,2020-05-11 08:26,小蚌壳超话,,,
4503395761012544,J1ql24fpm,5657210248,李子大王好久没吃李子了,#特朗普经济顾问称在白宫办公有风险#不怕别慌我怎么可能不安全#英国奶奶全副武装只为外孙爱的抱抱#好暖心疫情早日结束家人团聚吧,,,,"特朗普经济顾问称在白宫办公有风险,英国奶奶全副武装只为外孙爱的抱抱",0,0,0,2020-05-11 13:58,真瓜博主朱正廷超话,,,4503312420427384
4503395748405474,J1ql0zgEa,7235244129,渺渺玲珑红豆洒199901,O忆苦思甜红色年华#有快递员一周自掏50元丰巢寄存费##钟南山的无座车票##特朗普经济顾问称在白宫办公有风险##青春有你##杨紫点赞肖战微博##随手拍##清平乐##长安十二时辰#,,,,"有快递员一周自掏50元丰巢寄存费,钟南山的无座车票,特朗普经济顾问称在白宫办公有风险,青春有你,杨紫点赞肖战微博,随手拍,清平乐,长安十二时辰",0,0,0,2020-05-11 13:57,红米Redmi,,,
