﻿id,bid,user_id,用户昵称,微博正文,头条文章url,发布位置,艾特用户,话题,转发数,评论数,点赞数,发布时间,发布工具,微博图片url,微博视频url,retweet_id
4510778667606407,J4woWvULZ,5513346012,英国院校百科,【PBS高清纪录片《美国大分裂：从奥巴马到特朗普》，完整版】2020开年史诗大片！为你通盘讲述2008年到2020年间美国两党政斗，如何走到今天这个地步！精彩绝伦！视频较长，喜欢的可以先马后看！（cr:水山水山水山）上：L水山水山水山的微博视频下：L水山水山水山的微博视频,,,,,1271,44,804,2020-05-31 22:55,微博 weibo.com,,"http://f.video.weibocdn.com/000W6rzElx07AFhdAm8U0104120fJa7C0E060.mp4?label=mp4_ld&template=640x360.25.0&trans_finger=bdef57f06ae52835a2c783ca389e8517&Expires=1592213482&ssig=BBDZBYHQTT&KID=unistore,video",
4510795009189834,J4wPiCyH8,1880119890,littlelionmeerkat,PBS高清纪录片《美国大分裂：从奥巴马到特朗普》，完整版,,,,,0,0,0,2020-05-31 23:59,iPhone客户端,,,4510778667606407
4510253683625319,J4iKcfd6T,6022305070,悦雨丶,#霉霉怼特朗普#给大家看个视频，你就知道为什么霉霉会反抗特朗普了L悦雨丶的微博视频,,,,霉霉怼特朗普,7,1,55,2020-05-30 12:08,vivo iQOO生而强悍,,"http://f.video.weibocdn.com/004mMgptgx07DFBE2QJN010412004hLQ0E010.mp4?label=mp4_ld&template=480x360.25.0&trans_finger=bdef57f06ae52835a2c783ca389e8517&Expires=1592213482&ssig=SaSkl83%2BfX&KID=unistore,video",
4510794987030216,J4wPgtuSA,5580684055,村头恶霸绿不拉叽卡通狗蛋龙,Fearlessleaderyoureallyare,,,,,0,0,0,2020-05-31 23:59,,,,4510253683625319
4510794971247528,J4wPf5exq,1252614267,游来游去咯,手持美国国旗居然挨打，似曾相识又一幕#美国暴乱##美国示威已席卷22个州32个城市#美国俄勒冈州波特兰市，一名手持美国国旗的男子被一名身穿印有“操特朗普”黑衫男子殴打。被打倒在地也不愿意扔掉美国国旗#神吐槽#L寰亚SYHP的微博视频,,,,"美国暴乱,美国示威已席卷22个州32个城市,神吐槽",0,0,0,2020-05-31 23:59,小米MIX概念手机,,"http://f.video.weibocdn.com/001my8xngx07DHNhXSCb01041200Hr2Z0E010.mp4?label=mp4_ld&template=640x360.25.0&trans_finger=40a32e8439c5409a63ccf853562a60ef&Expires=1592213482&ssig=iFe7mz6ykO&KID=unistore,video",
4510284426836476,J4jxMsGtK,2234356975,德川琪示录,【特朗普前妻：我才是真正的第一夫人，我有白宫电话号码，但我怕梅拉尼娅吃醋所以不常打】前妻大人伊凡娜在采访中反问，我不会打理白宫吗？不会念稿子不会看合同不会招待客人吗？我当然会了，但是我更爱自由总之风格辛辣，字字珠玑，自行体会吧双语字幕英语#英语视频#翻译#海外综艺安利#L德川琪示录的微博视频,,,,"英语视频,海外综艺安利",309,133,859,2020-05-30 14:11,欧美娱乐 · 视频社区,,"http://f.video.weibocdn.com/xTxH7OuAlx07DFK2eW3e01041200Nfob0E010.mp4?label=mp4_ld&template=640x360.25.0&trans_finger=bdef57f06ae52835a2c783ca389e8517&Expires=1592213482&ssig=yPBo7IMjFD&KID=unistore,video",
4510794950052263,J4wPd0dAX,5254077371,吐槽专用1234567,转发微博,,,,,0,0,0,2020-05-31 23:59,HUAWEI P30 Pro,,,4510284426836476
4510683242302245,J4tV29EUZ,1784473157,中国新闻网,【#芝加哥特朗普大厦被抗议者占领#】因“黑人之死”引发的暴力抗议活动蔓延全美30多个城市。当地时间30日，位于芝加哥市特朗普大厦附近发生骚乱。据现场视频显示，抗议者们将特朗普大厦门前的一面美国国旗取下，围观人群有人喊“烧了它”，有人喊“扔到河里”。随后，抗议者将这面美国国旗直接扔到了河里，引发了围观群众欢呼和鼓掌。@海客新闻L海客新闻的秒拍视频,,,海客新闻,芝加哥特朗普大厦被抗议者占领,2426,6769,136213,2020-05-31 16:35,微博 weibo.com,,"http://miaopai.video.weibocdn.com/DO10Fabrlx07DHrOnIje01041200eoEn0E013.mp4?label=mp4_ld&template=640x360.25.0&trans_finger=40a32e8439c5409a63ccf853562a60ef&Expires=1592213482&ssig=jb75gOaOyK&KID=unistore,video",
4510794941233018,J4wPc5aLo,6577444122,飞在风中睡觉71897,转发微博,,,,,0,0,0,2020-05-31 23:59,HUAWEI P40 Pro 5G,,,4510683242302245
4510794937898158,J4wPbx8FE,5546215427,风轻花落定yayaya,去年和今年，唱戏的和看戏的调换身份了真实的你方唱罢我登场，风球轮流转啊希望美方政客好好欣赏你们的美丽风景线,,,,,0,0,0,2020-05-31 23:59,nova 5z,,,4510683242302245
4510794933685471,J4wPbfsL5,2073189307,RoyGorGorGor,//@VOA英文口语:PBS高清纪录片《美国大分裂：从奥巴马到特朗普》，完整版,,,VOA英文口语,,0,0,0,2020-05-31 23:59,iPhone客户端,,,4510778667606407
4510572102623042,J4r1Mb0n8,1618051664,头条新闻,"【#特朗普喊话州长强硬对待示威者#：军队很快到达，你们必须强硬】针对美国境内的抗议示威活动，当地时间5月30日，特朗普接受记者采访时表示，“我们的军队可以很快到达那里，他们必须很强硬，他们必须坚强，他们必须得到尊重。因为这些人是Antifa（左翼团体“安提法”），还有很多激进的左派坏人，他们必须被教导，你不能这样做""。L青蜂侠Bee的秒拍视频",,,,特朗普喊话州长强硬对待示威者,842,1379,10634,2020-05-31 09:14,,,"http://miaopai.video.weibocdn.com/CDyoNAJ0lx07DGVLxtS801041200gmCb0E013.mp4?label=mp4_ld&template=640x360.25.0&trans_finger=40a32e8439c5409a63ccf853562a60ef&Expires=1592213482&ssig=pqfdV1BKxV&KID=unistore,video",
4510794908673731,J4wP8AoqT,6444895981,爱囤比特币的大侠,就是，我港问题上，不是标榜人权吗，对自己人怎么要求就不一样了呢？双标美国🐶//@HYH吴情:火烧到自己，你开始派军队了，真是世界驰名双标狗,,,HYH吴情,,0,0,0,2020-05-31 23:59,nova6 5G自拍大不一样,,,4510572102623042
4510794895348685,J4wP7mrr7,7386026765,青丘女君白浅上神20080004,就差退球了！当地时间5月29日，美国总统特朗普在白宫新闻发布会上宣布：“我们今天将终止与世界卫生组织的关系，并将这些资金转移到全球其他地方，满足全球紧急公共卫生需求。”一退再退，就差退球了。,,,,,0,0,0,2020-05-31 23:59,纤薄王者X5Max,"['http://ww4.sinaimg.cn/large/0083R0XXly1gfc2qyxs2wj30hs097q71.jpg', 'http://ww2.sinaimg.cn/large/0083R0XXly1gfc2qzaalzj30gc0900uc.jpg', 'http://ww2.sinaimg.cn/large/0083R0XXly1gfc2qzj6oqj30he0akjt5.jpg']",,
4510258242056436,J4iRy8CYk,2721651883,北仑头条,关于#霉霉怼特朗普#Taylor曾在《MissAmericana》美国小姐纪录片里说道：“我不在乎我的粉丝人数是否会减少，我不在乎媒体们报道TaylorSwift公开反对特朗普的新闻。我在乎的是我们必须要站在历史正确的一边”来自：LTaylorSwiftLatest的微博视频#泰勒斯威夫特开撕特朗普#,,,,"霉霉怼特朗普,泰勒斯威夫特开撕特朗普",61,14,198,2020-05-30 12:27,北仑超话,,"http://f.video.weibocdn.com/9Zhb04dHlx07DFttM5gk010412002sfR0E010.mp4?label=mp4_ld&template=780x360.25.0&trans_finger=40a32e8439c5409a63ccf853562a60ef&Expires=1592213482&ssig=2YHlM34yJV&KID=unistore,video",
4510794853540767,J4wP3eR79,6581336368,charlieputh_girl,转发微博,,,,,0,0,0,2020-05-31 23:59,vivo智能手机,,,4510258242056436
4510366971731341,J4lGV7goR,1795548274,随手扩,特朗普：没人比我更懂握手系列#美国骚乱已蔓延20城#L随手扩的微博视频,,,,美国骚乱已蔓延20城,4901,1281,25556,2020-05-30 19:39,随手扩Android,,"http://f.video.weibocdn.com/000Or3Figx07DG6yEhYr01041200hX8c0E010.mp4?label=mp4_ld&template=636x360.25.0&trans_finger=40a32e8439c5409a63ccf853562a60ef&Expires=1592213482&ssig=nRX9iMtb9%2F&KID=unistore,video",
4510794852855531,J4wP3bYQX,2688749833,高慧V,转发微博,,,,,0,0,0,2020-05-31 23:59,Redmi K30 全速热爱,,,4510366971731341
4510731758234151,J4vbhyy4T,1893801487,微天下,【继LVDior等奢侈品店后#芝加哥耐克商店也被抢#】美国各地近几日来因黑人遭警察暴力执法最终死亡一事，多城市爆发抗议示威，有些示威演变成骚乱。不少著名品牌商店被抢，此前有LVDiorApple等门店被抢劫，30日，芝加哥一家耐克商店也遭洗劫。此外，还有许多商家被打砸。此外，当日早些时候，芝加哥的特朗普大厦外聚集了许多抗议者，人们试图冲进大厦。#芝加哥特朗普大厦被抗议者占领#L微天下的微博视频,,,,"芝加哥耐克商店也被抢,芝加哥特朗普大厦被抗议者占领",281,883,5135,2020-05-31 19:48,微博视频,,"http://f.video.weibocdn.com/KOrCwIDSlx07DHI6z49y010412005Ltb0E010.mp4?label=mp4_ld&template=640x360.25.0&trans_finger=40a32e8439c5409a63ccf853562a60ef&Expires=1592213482&ssig=OWcK911tx3&KID=unistore,video",
4510794849326467,J4wP2D8eT,6363774535,大饼是我的-,各方都有好处，商家有保险兜底，抢起来拿完东西就走对特朗普来说抢的差不多就可以复工了，这下需要的岗位多了！！没几个人会在意当初的事件，//@肥宅比特币:那些人抱着nike衣服从店里出来高兴的样子,,,肥宅比特币,,0,0,2,2020-05-31 23:59,微博 weibo.com,,,4510731758234151
4510308234386813,J4kabipd3,5688313870,秦砖汉瓦无言,#奥巴马看到非裔遇害视频哭了#当地时间周五，美国前总统奥巴马表示，弗洛伊德之死“发生在2020年的美国是不正常的”。他在一份声明中呼吁，对弗洛伊德死亡事件进行充分调查，以确保“正义能够实现”。作为美国历史上第一位黑人总统，奥巴马分享了一段谈话，他引用一位非裔美国商人的话表示，“当我看到那段视频时哭了，我感到崩溃。‘脖子上的膝盖’用来比喻社会系统是如何傲慢地压制黑人，忽略呼救声。人们毫不在乎，这是真正的悲剧。”#分享视频#不能忍了！美国前任总统奥巴马再出山现场一顿猛批特朗普：无耻一直在撒谎#邪恶轴心美国#L事件排行榜的微博视频,,,,"奥巴马看到非裔遇害视频哭了,分享视频,邪恶轴心美国",3631,2352,11232,2020-05-30 15:45,,,"http://f.video.weibocdn.com/lOZwYz2wlx07D5YHH5mg010412004Mhe0E010.mp4?label=mp4_ld&template=640x360.25.0&trans_finger=40a32e8439c5409a63ccf853562a60ef&Expires=1592213482&ssig=VLoARu0Ng4&KID=unistore,video",
4510794807896718,J4wOYx8iq,1722190515,梦回1722190515_139,转发微博,,,,,0,0,0,2020-05-31 23:59,iPhone客户端,,,4510308234386813
4510794798390268,J4wOXzcGU,2425836383,吴万龙,【#芝加哥特朗普大厦被抗议者占领#】因“黑人之死”引发的暴力抗议活动蔓延全美30多个城市。当地时间30日，位于芝加哥市特朗普大厦附近发生骚乱。据现场视频显示，抗议者们将特朗普大厦门前的一面美国国旗取下，围观人群有人喊“烧了它”，有人喊“扔到河里”。随后，抗议者将这面美国国旗直接扔到了河里，引发了围观群众欢呼和鼓掌。@海客新闻L海客新闻的秒拍视频#美国民警卫队朝居民家中开枪#,,,海客新闻,"芝加哥特朗普大厦被抗议者占领,美国民警卫队朝居民家中开枪",3,2,11,2020-05-31 23:59,,,"http://miaopai.video.weibocdn.com/DO10Fabrlx07DHrOnIje01041200eoEn0E013.mp4?label=mp4_ld&template=640x360.25.0&trans_finger=40a32e8439c5409a63ccf853562a60ef&Expires=1592213482&ssig=jb75gOaOyK&KID=unistore,video",
4510794785768530,J4wOWocEO,3192451872,心平气和之优素福,转发微博,,,,,0,0,0,2020-05-31 23:59,荣耀8青春版 颜值担当,,,4510284426836476
4510794778426218,J4wOVzm2K,5833496858,极豆,//@VOA英文口语:PBS高清纪录片《美国大分裂：从奥巴马到特朗普》，完整版,,,VOA英文口语,,0,0,0,2020-05-31 23:59,华为畅享10 Plus,,,4510778667606407
4510794778294430,J4wOVyNL8,1831150900,骑士loves雪茄,英国知名学者、剑桥大学高级研究员、中国问题专家马丁·雅克在接受深圳卫视&直新闻记者朱恩地采访时说:“……特朗普非常激进、粗鲁、令人不快甚至很不诚实。他是个“两面派”，具有欺骗性。……特朗普是在排水沟里的。”,,,,,0,0,1,2020-05-31 23:59,HUAWEI P40 Pro 5G,['http://ww3.sinaimg.cn/large/6d252534gy1gfc2qifd2kj20to0muabi.jpg'],,
4510733076041589,J4vdpplGZ,1773206563,侠骨柔情方恨晚,特朗普的铁粉驱车碾压左翼抗议者～L侠骨柔情方恨晚的微博视频,,,,,42,47,860,2020-05-31 19:53,nova7你在焦点在,,"http://f.video.weibocdn.com/0000M1Jrgx07DHIsPQbJ010412002A1r0E010.mp4?label=mp4_ld&template=360x456.25.0&trans_finger=40a32e8439c5409a63ccf853562a60ef&Expires=1592213482&ssig=yKgGJqcu4E&KID=unistore,video",
4510794778046092,J4wOVxL9G,2785317180,庄生晓梦1970,特朗普的支持者开车碾压和平抗议的民众,,,,,0,0,0,2020-05-31 23:59,HUAWEI P20,,,4510733076041589
4510794773831054,J4wOVg4Dc,6065038421,VIIND,#芝加哥特朗普大厦被抗议者占领#美帝人民需要好好思考一下换下领导人了@北美新浪@北美新浪旅遊@这里是美国,,,"北美新浪,北美新浪旅遊,这里是美国",芝加哥特朗普大厦被抗议者占领,5,0,13,2020-05-31 23:59,iPhone 11 Pro,"['http://ww3.sinaimg.cn/large/006Cshylgy1gfc2oysh89j33pt2h7kjl.jpg', 'http://ww3.sinaimg.cn/large/006Cshylgy1gfc2p3iunyj34mo3341kz.jpg', 'http://ww4.sinaimg.cn/large/006Cshylgy1gfc2p925a4j31uf3a5hdv.jpg', 'http://ww2.sinaimg.cn/large/006Cshylgy1gfc2ovxvcoj33k02dctuz.jpg', 'http://ww1.sinaimg.cn/large/006Cshylgy1gfc2pgmhw4j343c64wx6s.jpg', 'http://ww1.sinaimg.cn/large/006Cshylgy1gfc2pjjgimj34002o0hdt.jpg', 'http://ww1.sinaimg.cn/large/006Cshylgy1gfc2pn2igij32tc480e82.jpg', 'http://ww3.sinaimg.cn/large/006Cshylgy1gfc2pt3youj34eo6kl1l2.jpg', 'http://ww2.sinaimg.cn/large/006Cshylgy1gfc2pxai4jj35og3sgqv7.jpg']",,
4510794748142738,J4wOSyaiu,6169034237,Letmelook,特朗普怕不是个谐星每天都会刷到他已经成为我的快乐源泉了,,,,,0,0,0,2020-05-31 23:58,iPhone客户端,,,
4510794719388108,J4wOPDoh6,1883172084,月之瞳alex,//@缥缈空间2020:老川同志，你人呢？你家的大楼失守鸟。,,,缥缈空间2020,,0,0,0,2020-05-31 23:58,微博 weibo.com,,,4510683242302245
4510794709992006,J4wOOFVno,6424876415,深岚6424876415,//@VOA英文口语:PBS高清纪录片《美国大分裂：从奥巴马到特朗普》，完整版,,,VOA英文口语,,0,0,0,2020-05-31 23:58,iPhone客户端,,,4510778667606407
4510794681088230,J4wOM4z66,5939200456,少女babysweet,转发微博,,,,,0,0,0,2020-05-31 23:58,麦芒 8,,,4510683242302245
4510787073004700,J4wCvcBEU,6393904893,燃新闻,#特朗普大厦门前国旗被扔河中#【冲突越演越烈!抗议者占领芝加哥特朗普大厦将美国国旗取下扔河里】乔治·弗洛伊德去世后，美国各地爆发了一系列抗议和骚乱。据环球网报道，当地时间30日，位于芝加哥市特朗普大厦附近发生骚乱，大厦门前的美国国旗被抗议者取下，并扔到了河里。现场视频显示，抗议者们将特朗普大厦门前的一面美国国旗取下，围观人群有人喊“烧了它”，有人喊“扔到河里”。随后抗议者将这面美国国旗直接扔到了河里，引发了围观群众欢呼和鼓掌。L燃新闻的秒拍视频,,,,特朗普大厦门前国旗被扔河中,10,15,73,2020-05-31 23:28,微博 weibo.com,,"http://miaopai.video.weibocdn.com/f6A7Wh86lx07DHXefHIs010412007GF10E013.mp4?label=mp4_ld&template=640x360.25.0&trans_finger=40a32e8439c5409a63ccf853562a60ef&Expires=1592213491&ssig=Y7nawEZeTi&KID=unistore,video",
4510794672360935,J4wOL9UbB,1686104124,如是我闻我思,转发微博,,,,,0,0,0,2020-05-31 23:58,HUAWEI Mate 30,,,4510787073004700
4510794656259725,J4wOJqgrj,1918518323,Raymond_ZXY,转发微博,,,,,0,0,0,2020-05-31 23:58,iPhone客户端,,,4510683242302245
4510794622692528,J4wOGbirS,5360232016,再再再努力呀,//@VOA英文口语:PBS高清纪录片《美国大分裂：从奥巴马到特朗普》，完整版,,,VOA英文口语,,0,0,0,2020-05-31 23:58,OnePlus 5T,,,4510778667606407
4510738196281813,J4vlFqmbz,3279710155,斯图卡98,什么样的体制、什么样的政府，才会对自己的人民下狠手？,,,,,1036,352,2290,2020-05-31 20:14,斯图卡超话,"['http://ww3.sinaimg.cn/large/c37c67cbgy1gfbw6h2xkoj20a10iw3zk.jpg', 'http://ww2.sinaimg.cn/large/c37c67cbgy1gfbw6h77xcj20z10mqqbk.jpg', 'http://ww4.sinaimg.cn/large/c37c67cbgy1gfbw6h3djjj20k00il75x.jpg', 'http://ww4.sinaimg.cn/large/c37c67cbgy1gfbw6h5icnj20j20pfq68.jpg', 'http://ww3.sinaimg.cn/large/c37c67cbgy1gfbw6h7v7rj20og0dm4lw.jpg', 'http://ww4.sinaimg.cn/large/c37c67cbgy1gfbw6plnvlj20qo0zk12i.jpg']",,
4510794606635194,J4wOErQ7g,2695392483,肉包多来两坛鸭xwx,无言//@斯图卡98:灯塔男女平等，妇女也享受男人的同样的待遇//@挽风荡舟歌不熬夜:我踏马就很佩服美国的云孝子们能迅速在大片美国警察动武的视频里找出几张零星的警察下跪照片，你们比特朗普都努力！感动哭我了,,,"斯图卡98,挽风荡舟歌不熬夜",,0,0,1,2020-05-31 23:58,iPhone客户端,,,4510738196281813
4510794606640763,J4wOErRz5,5227785229,wujin96备用,特朗普总统及其幕僚团队未必已发现，反对党在美国的全国骚乱中幕后扮演的角色。反川普和反种族歧视一起搞了。,,,,,0,0,1,2020-05-31 23:58,微博手机版,,,
4510794594006578,J4wODgOie,1806305900,蛋挞阿喆,//@VOA英文口语:PBS高清纪录片《美国大分裂：从奥巴马到特朗普》，完整版,,,VOA英文口语,,0,0,0,2020-05-31 23:58,微博 weibo.com,,,4510778667606407
4510794593229037,J4wODdy1f,2008320173,还在井底的青蛙,//@VOA英文口语:PBS高清纪录片《美国大分裂：从奥巴马到特朗普》，完整版,,,VOA英文口语,,0,0,0,2020-05-31 23:58,荣耀10 AI变色更潮美,,,4510778667606407
4510792156393707,J4wKHqPij,5083838438,猫眼看视频,#美国民警卫队朝居民家中开枪#特朗普：没人比我更懂握手系列L猫眼看视频的微博视频,,,,美国民警卫队朝居民家中开枪,59,39,221,2020-05-31 23:48,,,"http://f.video.weibocdn.com/000iB2DGgx07DHYAnfXh01041200hz2v0E010.mp4?label=mp4_ld&template=640x360.25.0&trans_finger=40a32e8439c5409a63ccf853562a60ef&Expires=1592213491&ssig=RVCxyctNE0&KID=unistore,video",
4510794568759928,J4wOAAKRa,2137612455,C宝的小灰迷路了,转发微博,,,,,0,0,0,2020-05-31 23:58,HUAWEI Mate 20 Pro,,,4510792156393707
4510438488075426,J4nygxSMO,6474140990,香港正义姐蓝雪宝,美国白宮被攻入！！！！！不敢相信！！！L香港正义姐蓝雪宝的微博视频,,,,,215,448,2217,2020-05-31 00:23,HUAWEI P30 Pro,,"http://f.video.weibocdn.com/HMsgiYIPlx07DGq4Ja6A01041200ezlc0E010.mp4?label=mp4_ld&template=640x360.25.0&trans_finger=40a32e8439c5409a63ccf853562a60ef&Expires=1592213491&ssig=7v2z%2BqR%2F%2FS&KID=unistore,video",
4510794534575442,J4wOxjchs,2787803675,牵鱼散步h,活捉特朗普,,,,,0,0,0,2020-05-31 23:58,iPhone客户端,,,4510438488075426
4510751845121558,J4vHGlulM,1434928235,简直逆天了,【PBS高清纪录片《美国大分裂：从奥巴马到特朗普》，完整版】2020开年史诗大片！为你通盘讲述2008年到2020年间美国两党政斗，如何走到今天这个地步！精彩绝伦！视频较长，喜欢的可以先马后看！#纪录片#上：L水山水山水山的微博视频下：L水山水山水山的微博视频,,,,纪录片,3512,115,899,2020-05-31 21:08,iPhone 8 Plus,,"http://f.video.weibocdn.com/000W6rzElx07AFhdAm8U0104120fJa7C0E060.mp4?label=mp4_ld&template=640x360.25.0&trans_finger=bdef57f06ae52835a2c783ca389e8517&Expires=1592213491&ssig=U5YTNclRQA&KID=unistore,video",
4510794526160040,J4wOwpQvu,1893339572,朱伟法律应用,有信仰者//@张欧亚://@协和眼科Dr谢:今晚看,,,"张欧亚,协和眼科Dr谢",,5,0,1,2020-05-31 23:58,HUAWEI Mate 20 Pro,,,4510751845121558
4510794525526277,J4wOwnbDv,7298488441,城市追擊-香港,@-西北野战军-【我们为什么如此热切地希望特朗普顺利连任？】特朗普都绞尽脑汁想出了这么多“甩锅”的理由了，他为了保住自己的总统大位都不惜如此用功，为什么世界不承认他的努力和执政智慧呢！#特朗普崩溃了#O我们为什么如此热切地希望特朗普顺利连任？,,,-西北野战军-,特朗普崩溃了,1,0,16,2020-05-31 23:58,HUAWEI P30 Pro,,,
4510794522091458,J4wOw8M5c,6364463624,咪眼看地球,#华盛顿动员国民警卫队保护白宫#特朗普：支持我的人呢！快来护驾！美国现在乱成一锅粥了，警卫队如何做才能守住这位伟大的男士，让我们拭目以待！L热门资讯第一线的微博视频,,,,华盛顿动员国民警卫队保护白宫,0,0,0,2020-05-31 23:58,微博 weibo.com,,"http://f.video.weibocdn.com/003J9EyYgx07DHid47ok010412003Jz70E010.mp4?label=mp4_ld&template=360x640.24.0&trans_finger=81b11b8c5ffb62d33ceb3244bdd17e7b&Expires=1592213491&ssig=wNn%2FTctgT3&KID=unistore,video",
4510794505258547,J4wOum3Zh,6583488149,土星吃瓜,这一集看过,,,,,0,0,0,2020-05-31 23:57,iPhone客户端,,,4510683242302245
4510794497488770,J4wOtvqaC,5484995253,滦洲市研山铁矿,#腾讯新闻#LadyGaga也向特朗普“开火”：他提供的只有无知和偏见OLadyGaga也向特朗普“开火”：他提供的只有无知和偏见来自@腾讯新闻,,,腾讯新闻,腾讯新闻,0,0,0,2020-05-31 23:57,腾讯新闻客户端,['http://ww3.sinaimg.cn/large/005ZctPnly1gfc2pcb6v1j30g4099gn6.jpg'],,
4467919485937109,IsuTyoUvP,5872636712,水山水山水山,PBS前线美国大分裂:从奥巴马到特朗普1/2(2020)#水山汉化#1这是PBS前线2020年开年史诗大片，通盘讲述2008年到2020年间美国两党政斗，如果走到今天这个地步。2上集从奥巴马竞选开始一直讲到2016年离任，从开始的雄心壮志到最后的灰心丧气3本以为黑人总统当选是美国团结新象征，没想到导致右翼最大反弹，造成最大分裂4反弹不仅针对民主党，连共和党建制派的几批人也整的狼狈不堪，使茶党和特朗普得势L水山水山水山的微博视频,,,,水山汉化,7284,648,4883,2020-02-03 16:27,微博视频,,"http://f.video.weibocdn.com/000W6rzElx07AFhdAm8U0104120fJa7C0E060.mp4?label=mp4_ld&template=640x360.25.0&trans_finger=bdef57f06ae52835a2c783ca389e8517&Expires=1592213505&ssig=fnZZX1hX6c&KID=unistore,video",
4510794475434924,J4wOrmNS4,1349038470,NV-Jack,转发微博,,,,,0,0,0,2020-05-31 23:57,HUAWEI Mate 9,,,4467919485937109
4510794467961485,J4wOqxp93,1303819972,沙恩霍斯特Scharnhorst,转发微博,,,,,0,0,0,2020-05-31 23:57,荣耀V10 我AI的快,,,4510683242302245
4510794466831476,J4wOqsFb6,1717027310,陈代尧律师,特朗普点赞美国警察执法，拜登出钱保释示威者_手机新浪网O特朗普点赞美国警察执法，拜登出钱保释示威者,,,,,0,0,0,2020-05-31 23:57,手机新浪网,,,
4510794375261587,J4wOhm4Mj,1397401631,SJLoving,转发微博,,,,,0,0,0,2020-05-31 23:57,Android,,,4510683242302245
4510794366324508,J4wOgqxic,5254077371,吐槽专用1234567,转发微博,,,,,0,0,0,2020-05-31 23:57,HUAWEI P30 Pro,,,4510572102623042
4510794349760370,J4wOeEX7k,1747315493,ThewaterTrouble,奇葩！CNN嘉宾把骚乱甩锅给俄罗斯，特朗普嘲讽CNN拿了中国的钱————美国政府就是警察的帮凶！这么多年，警察暴力执法，歧视美国黑人，但联邦政府长期以来没有任何立法来限制美国警察的暴力和歧视行为！美国政府就是帮凶！O奇葩！CNN嘉宾把骚乱甩锅给俄罗斯，特朗普嘲讽CNN拿了中国的钱,,,,,0,0,0,2020-05-31 23:57,新浪新闻中心,,,
4510794337263622,J4wOdutBc,3981724500,Shirkerry,//@斯图卡98:灯塔男女平等，妇女也享受男人的同样的待遇//@挽风荡舟歌不熬夜:我踏马就很佩服美国的云孝子们能迅速在大片美国警察动武的视频里找出几张零星的警察下跪照片，你们比特朗普都努力！感动哭我了,,,"斯图卡98,挽风荡舟歌不熬夜",,0,0,0,2020-05-31 23:57,iPhone,,,4510738196281813
4510794336845547,J4wOdsIQ3,5743588281,我是rose上海,特朗普称将原定于6月下旬举行的七国集团会议推迟至可能9月举行。,,,,,0,0,0,2020-05-31 23:57,Android,,,
4510794329547354,J4wOcE3HA,6931024002,清和月5和你,转发微博,,,,,0,0,0,2020-05-31 23:57,小米8青春版 潮流旗舰,,,4510683242302245
4510794299996660,J4wO9FWAs,5237636839,緯地罗汉,//@VOA英文口语:PBS高清纪录片《美国大分裂：从奥巴马到特朗普》，完整版,,,VOA英文口语,,0,0,0,2020-05-31 23:57,HUAWEI P30 Pro,,,4510778667606407
4510794287018555,J4wO8trQv,2306384920,黑白1973,为什么示威者和警察都打记者，美媒：看看特朗普这几年说了什么O为什么示威者和警察都打记者，美媒：看看特朗普这几年说了什么,,,,,0,0,0,2020-05-31 23:57,分享按钮,,,
4510794228060439,J4wO2xOT5,5774175752,方展博v,为什么示威者和警察都打记者，美媒：看看特朗普这几年说了什么！O为什么示威者和警察都打记者，美媒：看看特朗普这几年说了什么！,,,,,0,0,0,2020-05-31 23:56,新浪新闻中心,,,
4510761567339141,J4vXmuNff,6527196937,知识点bot,白人男子拿出“大宝剑”阻止商店被洗劫，反被示威人群围殴。#多伦多爆发反对种族主义游行示威##英国伦敦南部爆发大规模抗议##芝加哥特朗普大厦被抗议者占领##纽约州长说美国警察暴力执法不是个案##美国暴乱#L知识点bot的微博视频,,,,"多伦多爆发反对种族主义游行示威,英国伦敦南部爆发大规模抗议,芝加哥特朗普大厦被抗议者占领,纽约州长说美国警察暴力执法不是个案,美国暴乱",9,62,346,2020-05-31 21:47,微博视频,,"http://f.video.weibocdn.com/IXOxu80glx07DHQeWUTC010412008l8j0E010.mp4?label=mp4_ld&template=360x640.24.0&trans_finger=81b11b8c5ffb62d33ceb3244bdd17e7b&Expires=1592213505&ssig=hA4BT1NgCk&KID=unistore,video",
4510794224469350,J4wO2iKGi,7355881261,哲学家经济学公司股价,转发微博,,,,,0,0,0,2020-05-31 23:56,iPhone客户端,,,4510761567339141
4510794211104487,J4wO14Dkj,1401835975,柴鸡张屌屌,转发微博,,,,,0,0,0,2020-05-31 23:56,iPhone客户端,,,4510284426836476
4510794186912367,J4wNYt0dN,6925322484,邪恶的熊大,转发微博,,,,,0,0,0,2020-05-31 23:56,续航传奇 Redmi 8A,,,4510308234386813
4510794182037625,J4wNY8y4V,6026234521,斯琴格日娜kudayi,//@VOA英文口语:PBS高清纪录片《美国大分裂：从奥巴马到特朗普》，完整版,,,VOA英文口语,,0,0,0,2020-05-31 23:56,小米手机,,,4510778667606407
4509479855558458,J3YC5nk0y,2656274875,央视新闻,【#美国死亡数超10万特朗普都说了啥#】截至美东时间5月27日，#美国新冠肺炎死亡病例超10万#，占全球死亡人数近30%。从2月29日美疾控中心确认首例死亡病例到死亡数破10万，这88天，特朗普都说了些什么？戳↓L央视新闻的微博视频,,,,"美国死亡数超10万特朗普都说了啥,美国新冠肺炎死亡病例超10万",2234,3457,45852,2020-05-28 08:54,微博云剪,,"http://f.video.weibocdn.com/zRjlkzZWlx07DCctGVa801041200nta60E010.mp4?label=mp4_ld&template=640x360.25.0&trans_finger=40a32e8439c5409a63ccf853562a60ef&Expires=1592213505&ssig=3HhOd7Dsy0&KID=unistore,video",
4510794178699494,J4wNXAv8q,5493318632,若态似疯癫才能将这感情掩盖,@爱酱咧……,,,爱酱咧,,0,1,0,2020-05-31 23:56,iPhone客户端,,,4509479855558458
4510794164806107,J4wNWkahR,5864303893,空巢青年想变有钱,#香港特区政府反驳美方言论#特朗普是疯球了吗，一天天的说啥骚话呢,,,,香港特区政府反驳美方言论,0,1,0,2020-05-31 23:56,荣耀V10 我AI的快,,,
4508615669893976,J3C8eFvSg,6433036893,搞笑学妹酱,动画特朗普:描绘特没谱的狂妄自大，惟妙惟肖!L搞笑学妹酱的微博视频,,,,,387,69,604,2020-05-25 23:40,微博 weibo.com,,"http://f.video.weibocdn.com/0023cDYcgx07DxYEYOUn01041200iDlA0E010.mp4?label=mp4_ld&template=640x360.25.0&trans_finger=40a32e8439c5409a63ccf853562a60ef&Expires=1592213505&ssig=z7uW3lJS0G&KID=unistore,video",
4510794161868037,J4wNW7PXD,5690638145,我是一条小青龙wy,转发微博,,,,,0,0,0,2020-05-31 23:56,源的小尾巴Android,,,4508615669893976
4510794156393131,J4wNVqP91,1790291877,chaoge阿超,转发微博,,,,,0,0,0,2020-05-31 23:56,小米9 Pro 5G,,,4510308234386813
4510794143761695,J4wNUfMAv,2150752607,雲fengZ,//@VOA英文口语:PBS高清纪录片《美国大分裂：从奥巴马到特朗普》，完整版,,,VOA英文口语,,0,0,0,2020-05-31 23:56,小米6X 拍人更美,,,4510778667606407
4510794132666595,J4wNTbbHB,5617036708,辣椒军事,【#芝加哥特朗普大厦被抗议者占领#】因“黑人之死”引发的暴力抗议活动蔓延全美30多个城市。当地时间30日，位于芝加哥市特朗普大厦附近发生骚乱。据现场视频显示，抗议者们将特朗普大厦门前的一面美国国旗取下，围观人群有人喊“烧了它”，有人喊“扔到河里”。随后，抗议者将这面美国国旗直接扔到了河里，引发了围观群众欢呼和鼓掌。@海客新闻L海客新闻的秒拍视频#美国民警卫队朝居民家中开枪#,,,海客新闻,"芝加哥特朗普大厦被抗议者占领,美国民警卫队朝居民家中开枪",1,1,5,2020-05-31 23:56,荣耀V30 PRO 5G,,"http://miaopai.video.weibocdn.com/DO10Fabrlx07DHrOnIje01041200eoEn0E013.mp4?label=mp4_ld&template=640x360.25.0&trans_finger=40a32e8439c5409a63ccf853562a60ef&Expires=1592213520&ssig=uv5IPgTYfe&KID=unistore,video",
4510559359602908,J4qHdEi9C,5044281310,澎湃新闻,【特朗普现场观摩，#特朗普尬捧马斯克最强大脑#】5月30日，特朗普于SpaceX龙飞船载人首发现场观摩，记者问其有无跟马斯克对话，特朗普借机尬捧马斯克，先说猎鹰9号火箭升空时的震感危险，随后又改口称美丽。#SpaceX载人火箭发射成功#（视频来源Hill.TV）O特朗普现场观摩，尬捧马斯克最强大脑L澎湃新闻的微博视频,,,,"特朗普尬捧马斯克最强大脑,SpaceX载人火箭发射成功",563,953,9727,2020-05-31 08:23,360安全浏览器,,"http://f.video.weibocdn.com/003nMQ6ggx07DGX3ISqA010412009KLi0E010.mp4?label=mp4_ld&template=640x360.25.0&trans_finger=bdef57f06ae52835a2c783ca389e8517&Expires=1592213520&ssig=9gPPSYNOEX&KID=unistore,video",
4510794127180530,J4wNSu7Z0,1243845050,天枰JohnCena,转发微博~~,,,,,0,0,0,2020-05-31 23:56,微博 weibo.com,,,4510559359602908
4510583708273757,J4rkuyInH,5994003317,老板联播,【#特朗普观看SpaceX载人飞船发射#，#SpaceX载人龙飞船发射成功#：太不可思议】当地时间30日15时许，搭载两名美国宇航员的“龙”飞船成功从佛罗里达州的肯尼迪航天中心升空，乘“猎鹰9号”火箭前往国际空间站，这是史上首次商业载人航天发射。美国总统特朗普当日也到场观看，他称亲眼见到发射让人感到不可思议。“我们离得很远，但还是能感觉到摇晃，这是非常非常惊人的”。L海客新闻的秒拍视频,,,,"特朗普观看SpaceX载人飞船发射,SpaceX载人龙飞船发射成功",7,20,64,2020-05-31 10:00,,,"http://miaopai.video.weibocdn.com/GzSy1XoHlx07DGSMoWzC010412005RLf0E013.mp4?label=mp4_ld&template=640x360.25.0&trans_finger=40a32e8439c5409a63ccf853562a60ef&Expires=1592213520&ssig=%2BRQe%2FprU4e&KID=unistore,video",
4510794120044871,J4wNS0bFJ,7292809449,青墨潭,转发微博,,,,,0,12,0,2020-05-31 23:56,微博 weibo.com,,,4510583708273757
4510783700538329,J4wx42g2J,6432721600,杜文龙,红牛步兵师来了！红牛步兵师已经开往进明尼苏达州的骚乱中心，这个师自成立以来已经有一百多年的历史了。二战中美军首秀的北非“火炬行动”中表现优异，又在突尼斯战役中大放异彩，被认为是美军中的明星部队。但86年前的1934年被调动镇压黑人暴乱表现也不错，当年地点也明尼苏达州，红牛步兵师大开杀戒，一共开枪打死了160多名黑人，这是它成立至今所取得的最辉煌战绩了。这次在明尼苏达，不知会有何作为。,,,,,183,148,881,2020-05-31 23:15,HUAWEI P30 Pro,"['http://ww1.sinaimg.cn/large/0071l2Kcly1gfc1g4vvmlj30hs0awdgk.jpg', 'http://ww1.sinaimg.cn/large/0071l2Kcly1gfc1g53n15j30hs0f974e.jpg', 'http://ww2.sinaimg.cn/large/0071l2Kcly1gfc1g5964gj30hs0c840l.jpg', 'http://ww3.sinaimg.cn/large/0071l2Kcly1gfc1g675crj30cs0kl3z5.jpg']",,
4510794098343122,J4wNPz0qu,6360157234,大笨熊201306,//@侯宁://@郭洪钧:特朗普下令军警可以大开杀戒了！,,,"侯宁,郭洪钧",,0,0,0,2020-05-31 23:56,华为P9手机摄影再突破,,,4510783700538329
4510794072953626,J4wNNcon8,1808884742,王波粒,有时候觉得人类的历史进程就是被马斯克和特朗普这样的关键性人物推动的（包括往后推），大众只是生产力。,,,,,1,10,24,2020-05-31 23:56,iPhone 11,,,
4510729845768339,J4v8cocBJ,2792589472,DC大叔,#美国#现实版的哥谭市，发生在纽约！对，你没有一看错#蝙蝠侠#-LDC大叔的微博视频,,,,"美国,蝙蝠侠",11514,2136,35829,2020-05-31 19:41,微博 weibo.com,,"http://f.video.weibocdn.com/001QCHYUgx07DHJUMPXq01041200grfB0E010.mp4?label=mp4_ld&template=640x360.25.0&trans_finger=40a32e8439c5409a63ccf853562a60ef&Expires=1592213520&ssig=SIu4yXlziB&KID=unistore,video",
4510794051704575,J4wNL79r9,6490576031,椰汁er酸奶,有被笑到//@lalala_卧底小林:特朗普眼里，中国人权＞种族歧视＞新冠肺炎//@洁柔是条狗:所以新冠是消失了吗,,,"lalala_卧底小林,洁柔是条狗",,0,0,0,2020-05-31 23:56,iPhone客户端,,,4510729845768339
4510634824291133,J4sEWi0jP,1686546714,环球网,【快讯！印第安纳波利斯抗议活动中3人中枪，1人死亡】据CNN刚刚报道，印第安纳波利斯警局局长兰德尔·泰勒在新闻发布会上说，周六晚上印第安纳波利斯市中心发生抗议活动，期间至少有三人中枪，一人死亡。该局长说，警方仍在调查事件，并建议市民避开该地区。他补充说，一名警官也受到轻伤。来源:@中国日报网,,,中国日报网,,90,110,842,2020-05-31 13:23,,['http://ww1.sinaimg.cn/large/6486a91aly1gfbkd60gabj22w62w64qq.jpg'],,
4510794043503653,J4wNKeHsx,5644831074,吴锦圣2020,特朗普熔断，彭屎，蓬肥猪，卢逼凹，Ican'tbreathe.,,,,,0,0,0,2020-05-31 23:56,OPPO随光而变R17,,,4510634824291133
4510794027734299,J4wNIws2L,1596987345,西安老方A,方老视点#美国暴乱#今日特朗普大厦门前……(何天恩)L何天恩的微博视频,,,,美国暴乱,0,0,0,2020-05-31 23:56,OPPO智能手机,,"http://f.video.weibocdn.com/LkgBlpSulx07DHTdAjnW010412007UjD0E010.mp4?label=mp4_ld&template=360x640.24.0&trans_finger=81b11b8c5ffb62d33ceb3244bdd17e7b&Expires=1592213520&ssig=xdUduWwIVw&KID=unistore,video",
4510740051380679,J4voF5Nb1,1887344341,观察者网,【#芝加哥特朗普大厦被抗议者占领#】因“黑人之死”引发的暴力抗议活动蔓延全美30多个城市。当地时间30日，位于芝加哥市特朗普大厦附近发生骚乱。据现场视频显示，抗议者们将特朗普大厦门前的一面美国国旗取下，围观人群有人喊“烧了它”，有人喊“扔到河里”。随后，抗议者将这面美国国旗直接扔到了河里，引发了围观群众欢呼和鼓掌。（海客新闻）L海客新闻的秒拍视频,,,,芝加哥特朗普大厦被抗议者占领,143,295,2670,2020-05-31 20:21,iPhone 7 Plus,,"http://miaopai.video.weibocdn.com/DO10Fabrlx07DHrOnIje01041200eoEn0E013.mp4?label=mp4_ld&template=640x360.25.0&trans_finger=40a32e8439c5409a63ccf853562a60ef&Expires=1592213520&ssig=uv5IPgTYfe&KID=unistore,video",
4510794018890006,J4wNHBiHc,3568258741,Mazaha,转发微博,,,,,0,0,0,2020-05-31 23:56,Redmi K20 Pro 真旗舰,,,4510740051380679
4510794014820843,J4wNHke7x,5653021384,Ruby_Skye,#Anonymous#OMG！如果这件事情是真的，那这瓜也太大了吧！特朗普怎么还不发推回复呢,,,,Anonymous,0,4,19,2020-05-31 23:56,一口芒果的Android,,,
4510793998285079,J4wNFyLkj,3743575887,到中流击水的微博,风景原来如此“美”丽！,,,,,1,0,4,2020-05-31 23:55,OPPO R9s,,,4510683242302245
4510680948426271,J4tRkzm3B,2803301701,人民日报,【#多伦多爆发反对种族主义游行示威#】多伦多警方被指将一黑人女子推下阳台致死，警方称其是跳楼自杀，但死者家人通过社交媒体表示，是警察将其从阳台上推下去的。此事立即在黑人民众当中引起轩然大波，加上最近美国大规模抗议事件，当地时间30日下午，#加拿大爆发千人游行示威反对歧视黑人#。L人民日报的微博视频,,,,"多伦多爆发反对种族主义游行示威,加拿大爆发千人游行示威反对歧视黑人",4825,8713,224601,2020-05-31 16:26,微博视频,,"http://f.video.weibocdn.com/WZE789dnlx07DHueZwRi010412005iWn0E010.mp4?label=mp4_ld&template=360x640.24.0&trans_finger=81b11b8c5ffb62d33ceb3244bdd17e7b&Expires=1592213520&ssig=eJIRwdObPh&KID=unistore,video",
4510793968372231,J4wNCz7ZZ,5115623734,就是樱蓝呐一定会是锦鲤的,//@夜猫布朗熊:根本原因：美国长期以来的阶级矛盾和种族歧视主要原因：新冠病毒带来的社会问题间接原因：弗洛伊德之死//@甜句:以后的历史考试会不会有这样一道题目？以下选项中哪个是美国解体的直接导火索？（ ）A:中美贸易战B:小布什偷了特朗普家的高压锅C:弗洛伊德之死D:新冠病毒全球大流行,,,"夜猫布朗熊,甜句",,0,0,0,2020-05-31 23:55,vivo智能手机,,,4510680948426271
4510054827197877,J4dzsucuN,5393135816,寰亚SYHP,这些年特朗普讲过的CHINA，教你正确的CHINA发音#神吐槽#L寰亚SYHP的微博视频,,,,神吐槽,1291,507,4901,2020-05-29 22:58,,,"http://f.video.weibocdn.com/00018fNhgx07DEJnvF5S01041200nuX60E010.mp4?label=mp4_ld&template=640x360.25.0&trans_finger=40a32e8439c5409a63ccf853562a60ef&Expires=1592213520&ssig=lgVBe36eke&KID=unistore,video",
4510793964160171,J4wNChsfx,7377981551,Carinadududu,转发微博,,,,,0,0,0,2020-05-31 23:55,iPhone,,,4510054827197877
4510790428686884,J4wHUArR2,5476386628,侠客岛,19年旧闻三连,,,,,1446,780,5947,2020-05-31 23:41,,"['http://ww4.sinaimg.cn/large/005YCmkAly1gfc2654ue7j30yi0z3n69.jpg', 'http://ww4.sinaimg.cn/large/005YCmkAly1gfc263d4e5j30yi13r46c.jpg', 'http://ww4.sinaimg.cn/large/005YCmkAly1gfc261j5hrj30ye1cz7ka.jpg']",,
4510793922060733,J4wNy8E5D,3789567772,食味珍农业,特朗普希望中国得到什么报复，最后自己同样加倍拥有什么‘报复’呢！,,,,,0,0,0,2020-05-31 23:55,360安全浏览器,,,4510790428686884
4510793913645048,J4wNxfif6,1268734451,almiswang,收藏一下,,,,,0,0,2,2020-05-31 23:55,微博国际版,,,4510751845121558
4510775907254238,J4wkuur9Q,2207117132,辰星之辉,LadyGaGa也发声了：特朗普已经彻底失败！#防疫##全球疫情##美国暴乱##美国##美国疫情##特朗普崩溃了#L辰星之辉的微博视频,,,,"防疫,全球疫情,美国暴乱,美国,美国疫情,特朗普崩溃了",2,0,14,2020-05-31 22:44,HUAWEI Mate 20 X,,"http://f.video.weibocdn.com/000p2p8lgx07DHU9yI2j010412002c420E010.mp4?label=mp4_ld&template=360x632.24.0&trans_finger=81b11b8c5ffb62d33ceb3244bdd17e7b&Expires=1592213520&ssig=58aaMgYRT1&KID=unistore,video",
4510793901262695,J4wNw5iu3,7316586495,用户7316586495,转发微博,,,,,0,0,0,2020-05-31 23:55,OPPO A11,,,4510775907254238
