﻿id,bid,user_id,用户昵称,微博正文,头条文章url,发布位置,艾特用户,话题,转发数,评论数,点赞数,发布时间,发布工具,微博图片url,微博视频url,retweet_id
4508740482984451,J3Fnycwoj,1499104401,新浪军事,【世卫组织暂停羟氯喹治疗试验：感染后服用更易死亡特朗普已吃了一个疗程】日内瓦时间25日，世卫组织总干事谭德塞表示，已暂停羟氯喹治疗新冠病毒的试验。美东时间22日，《柳叶刀》公布的一项研究表明，接受羟氯喹和氯喹治疗的新冠病毒患者更易死亡。24日，特朗普称自己完成了羟氯喹疗程。目前#美国新冠病毒确诊超166万#。L青蜂侠Bee的秒拍视频,,,,美国新冠病毒确诊超166万,32,47,174,2020-05-26 07:56,微博 weibo.com,,"http://miaopai.video.weibocdn.com/ZNrorwBPlx07DySeN0dO010412006dio0E013.mp4?label=mp4_ld&template=640x360.25.0&trans_finger=40a32e8439c5409a63ccf853562a60ef&Expires=1592213023&ssig=Xlwz86qrev&KID=unistore,video",
4508741478118995,J3Fp9y47x,3178596137,双鞘剑,转发微博,,,,,0,0,0,2020-05-26 07:59,华为畅享10 Plus,,,4508740482984451
4508741473909804,J3Fp9gp7m,6156226301,喵了个小猫财经,#财经#【#特朗普宣布新冠疫情指南延长至4月底#，或在两周内迎来新冠死亡率拐点】当地时间3月29日，特朗普白宫宣布延长防疫指南至4月30日，敦促大家保持社交距离。他还指出拐点预计在未来两周到来，还未到宣布战疫胜利的时刻。（澎湃）L七环视频的微博视频,,,,"财经,特朗普宣布新冠疫情指南延长至4月底",0,0,0,2020-05-26 07:59,微博 weibo.com,,"http://f.video.weibocdn.com/003VFp3Ugx07C68iYq6A0104120086La0E010.mp4?label=mp4_ld&template=640x360.25.0&trans_finger=40a32e8439c5409a63ccf853562a60ef&Expires=1592213023&ssig=RLq2avvtu0&KID=unistore,video",
4508620446136277,J3CfWpKkd,1934560795,VOA英语频道,【PBS纪录片《美国大分裂：从奥巴马到特朗普》下集】2020开年史诗大片，通过追溯分析2008-2020这12年间，从奥巴马到特朗普时期的美国两党政斗，揭示出走到如今这一步的必然性。相当精彩，值得一看！视频较长，建议先马后看！VOAEC精选L水山水山水山的微博视频　#VOAEC口译##VOAEC地道口语#,,,,"VOAEC口译,VOAEC地道口语",244,4,90,2020-05-25 23:59,微博 weibo.com,,"http://f.video.weibocdn.com/0035Zn3nlx07AOjCWu4g0104120hux6s0E070.mp4?label=mp4_ld&template=640x360.25.0&trans_finger=bdef57f06ae52835a2c783ca389e8517&Expires=1592213023&ssig=HwgJHSKhpS&KID=unistore,video",
4508741439257283,J3Fp5CQf1,2266514602,鑫淼511,转发微博,,,,,0,0,0,2020-05-26 07:59,vivo Z3性能实力派,,,4508620446136277
4508741426776144,J3Fp4sqME,5715315245,张威superskipper,特朗普：你们讨厌我说谎，但为什么我说出心里话时，你们还骂我？你们究竟想让我怎么办！#跟新浪看热点#O特朗普连打两天高尔夫后又发推：阵亡将士纪念日快乐,,,,跟新浪看热点,0,0,1,2020-05-26 07:59,新浪新闻客户端,,,
4508191658795566,J3r6lAU7Y,7287953685,天九说,#特朗普崩溃了#当看胡诌八扯成为一种习惯，乐呵乐呵就得了，别当真#特朗普说我戴口罩了但不想你们看到#近日，特朗普视察某工厂未戴口罩，被记者追问，自称在镜头外曾戴口罩。密歇根州总检察长表示，如果特朗普不戴口罩，他将不能进入密歇根州任何未封闭设施。L天九说的微博视频,,,,"特朗普崩溃了,特朗普说我戴口罩了但不想你们看到",24,10,35,2020-05-24 19:35,HUAWEI Mate 20 X,,"http://f.video.weibocdn.com/jiE32jQ7lx07DwwWMy5201041200aaDc0E010.mp4?label=mp4_ld&template=360x644.24.0&trans_finger=81b11b8c5ffb62d33ceb3244bdd17e7b&Expires=1592213023&ssig=diSJ7Bf00s&KID=unistore,video",
4508741402072902,J3Fp28HfU,3940523235,东阳足球,建国大嘴巴？//@津门李哥://@三水聿相:特朗普说他戴口罩更帅我笑了,,,"津门李哥,三水聿相",,0,0,2,2020-05-26 07:59,微博 weibo.com,,,4508191658795566
4508741360450558,J3FoY1Td4,1617663494,CST2013,//@韩广斌123:转发微博,,,韩广斌123,,0,0,0,2020-05-26 07:59,nova5Pro人像超级夜景,,,4508620446136277
4508741360038283,J3FoY09Xt,1203544040,沈瑞存医生,自由民主的美国死亡人数马上就达到了特朗普所说的十万了，对于200万预估死亡人数，好像还比较远，但是美国人民是不是水深火热呢？美国人胸很大，因为还可以移民，还可以增加加移民数，所以不在乎死了多少人。自由女神，他会怎么想呢？,,黄石,,,0,0,0,2020-05-26 07:59,nova7你在焦点在,['http://ww2.sinaimg.cn/large/47bc9fe8gy1gf5iueo6b2j20u01uo7qz.jpg'],,
4508741343899890,J3FoWgmxs,6013405872,怀斯曼中文网,【特朗普刚停药，#世卫组织暂停羟氯喹治疗试验#：感染后服用更易死亡】日内瓦时间25日，世卫组织总干事谭德塞表示，已暂停羟氯喹治疗新冠病毒的试验。美东时间22日，《柳叶刀》公布的一项研究表明，接受羟氯喹和氯喹治疗的新冠病毒患者更易死亡。24日，特朗普称自己完成了羟氯喹疗程。目前#美国新冠病毒确诊超166万#，截至美国东部时间5月25日晚6时，全美共报告新冠肺炎确诊1660072例，死亡98034例。过去24小时，美国新增确诊19442例，新增死亡355例。L世卫组织暂停羟氯喹治疗试验：感染后服用更易死亡,,,,"世卫组织暂停羟氯喹治疗试验,美国新冠病毒确诊超166万",0,0,1,2020-05-26 07:59,vivo X23 AI非凡摄影,,http://api.ivideo.sina.com.cn/public/video/play/url?appname=weibocard&appver=0.1&applt=web&tags=weibocard&direct=1&vid=33729685202,
4504128876013915,J1JptpeuD,2596119483,微丢,【纽时记者火力全开：“无头苍蝇”特朗普，“马屁精”彭斯】12日，多次在电视节目中抨击美国政府抗疫措施的《纽约时报》记者麦克尼尔在接受CNN采访时，再次大胆直言此次美国疫情如此严重是特朗普的错，而不是中国，他还呼吁美国疾控中心主任雷德菲尔德引咎辞职，批评彭斯是“马屁精”。不过，这段言论引来其东家的不满。《纽约时报》发布声明表示麦克尼尔的言论是其个人观点，且太过了，并提醒他“你的职责是报道事实，不是发表个人意见。”L微丢的微博视频,,,,,156,67,751,2020-05-13 14:31,微博视频,,"http://f.video.weibocdn.com/NfGKXcuDlx07DeEgKPPW01041200g8aQ0E010.mp4?label=mp4_ld&template=640x360.25.0&trans_finger=40a32e8439c5409a63ccf853562a60ef&Expires=1592213023&ssig=dT3uPg6gZy&KID=unistore,video",
4508741317718833,J3FoTwo1j,5125178192,哎呦嘿我装作听不懂的样子,这就是言论自由,,,,,0,0,0,2020-05-26 07:59,iPhone客户端,,,4504128876013915
4508570227845747,J3AWWwV2j,1686546714,环球网,【被问拜登有啥优点，特朗普：优点说不出来，但缺点我能说一天】5月24日，特朗普在接受采访时被问及对竞选对手美国前副总统拜登的看法，特朗普表示很难说出拜登的优点，缺点则可以说一整天。主持人：说一个拜登的优点特朗普：呃……主持人：好吧，缺点呢？特朗普：那太多了，我能说一天！#特朗普拜登的缺点我能说一天#L环视频的微博视频@环视频,,,环视频,特朗普 拜登的缺点我能说一天,105,150,547,2020-05-25 20:39,微博 weibo.com,,"http://f.video.weibocdn.com/LaoimwxLlx07DxTTYHNS010412001T8N0E010.mp4?label=mp4_ld&template=360x640.24.0&trans_finger=81b11b8c5ffb62d33ceb3244bdd17e7b&Expires=1592213023&ssig=Rb9FIQDvMU&KID=unistore,video",
4508741300738338,J3FoS364G,2629041647,飓风老阮,转发微博,,,,,0,0,0,2020-05-26 07:59,荣耀V20 4800万3D相机,,,4508570227845747
4508737840648100,J3Fji2IBe,2656274875,央视新闻,【#特朗普已停用羟氯喹#】特朗普24日接受采访时证实，在服用羟氯喹两周后，他已停药。但他继续为自己服药的行为辩护，称自己没感到副作用，“只得到了好处”。同时，#特朗普表示不会再关闭美国#，因为“我们已经对新冠病毒有了更多了解”。（央视记者王逢治）,,,,"特朗普已停用羟氯喹,特朗普表示不会再关闭美国",1528,4170,69845,2020-05-26 07:45,微博 weibo.com,['http://ww1.sinaimg.cn/large/9e5389bbly1gf5ihvjlb0j20j60f875r.jpg'],,
4508741297241514,J3FoRunQC,6972292564,·Sweetmemories·,特朗普:没人比我更懂新冠,,,,,0,0,0,2020-05-26 07:59,HUAWEI nova 3e,,,4508737840648100
4508741293471367,J3FoRez3N,7274387129,眷眷流年mt,#世卫组织暂停羟氯喹治疗试验#特朗普打脸不，好像他已经习惯,,,,世卫组织暂停羟氯喹治疗试验,0,0,0,2020-05-26 07:59,社会真实事件超话,,,
4508741258667079,J3FoNAmHB,1400042350,Benny刘宗源的记忆之源,#凤凰新闻#【深度好文：美国国家体制经受不住特朗普的考验】编者注：美国媒体《大西洋月刊》发表评论指出，近年来，尤其是特朗普上台以后发生的事实证明，美国的国家机构设置无法约束总统的权力，体制本身出现了巨大的漏洞。你认识被...O深度好文：美国国家体制经受不住特朗普的考验来自@凤凰新闻客户端,,,凤凰新闻客户端,凤凰新闻,0,0,0,2020-05-26 07:59,凤凰新闻,['http://ww2.sinaimg.cn/large/5372f36egy1gf5iw3n2qhj20hs09zab4.jpg'],,
4508701522997118,J3EmIczGC,2754729695,保险狂人-于文博,主持人：说一个拜登的优点特朗普：我本来···但是···主持人：就说一个！特朗普：呃···（沉默三秒，摇了摇头）主持人放弃：好吧缺点呢特朗普：那太多了，我能说一天呢！@微丢L微丢的微博视频,,,微丢,,8,11,17,2020-05-26 05:21,iPhone 8 Plus,,"http://f.video.weibocdn.com/003FldAvgx07DxxPF1Mb010412003K2W0E010.mp4?label=mp4_ld&template=640x360.25.0&trans_finger=40a32e8439c5409a63ccf853562a60ef&Expires=1592213023&ssig=%2FQf8%2FmGaGV&KID=unistore,video",
4508741250712802,J3FoN2ZqO,1042259167,飞燕凝香,转发微博,,,,,0,0,0,2020-05-26 07:59,iPhone客户端,,,4508701522997118
4508741250527513,J3FoN2deh,1654134123,早报网,#全球疫情#【世卫暂停抗疟疾药物羟氯喹临床试验】世界卫生组织基于安全考虑，宣布暂停在2019冠状病毒疾病（COVID-19）患者身上进行抗疟疾药物羟氯喹的临床试验。世卫组织此前建议，只能在临床试验中使用抗疟疾药物羟氯喹，不宜把它作为治疗或预防冠病的药物。美国总统特朗普一再宣称抗疟疾药物羟氯喹（hydroxychloroquine）能有效治疗冠状病毒，还自曝服用它以预防冠病。,,,,全球疫情,12,2,43,2020-05-26 07:59,微博 weibo.com,['http://ww2.sinaimg.cn/large/6298156bgy1gf5iw2d0fqj20l70e5gm3.jpg'],,
4508741187441277,J3FoGvdOB,1008746521,京城张宝,【#特朗普已停用羟氯喹#】特朗普24日接受采访时证实，在服用羟氯喹两周后，他已停药。但他继续为自己服药的行为辩护，称自己没感到副作用，“只得到了好处”。同时，#特朗普表示不会再关闭美国#，因为“我们已经对新冠病毒有了更多了解”。（央视记者王逢治）,,,,"特朗普已停用羟氯喹,特朗普表示不会再关闭美国",0,0,0,2020-05-26 07:58,荣耀手机 勇敢做自己,['http://ww2.sinaimg.cn/large/3c204019ly1gf5ivs2nskj20j60f8gmp.jpg'],,
4508741188184519,J3FoGylan,5351076816,记忆斑驳昨日,#美国新冠病毒确诊超166万#作吧，看来两百万不远了#美国公园画圈防聚众#这是什么迷惑行为#世卫组织暂停羟氯喹治疗试验#还是要相信专家的判断，让特朗普一个人慢慢玩吧,,,,"美国新冠病毒确诊超166万,美国公园画圈防聚众,世卫组织暂停羟氯喹治疗试验",0,0,1,2020-05-26 07:58,明治巧克力line超话,,,
4508741149616449,J3FoCElG1,6557398939,吴建平平平,《特朗普吹嘘“超级厉害导弹”，军事专家：缺乏科学常识》此视频已有2.3万次播放，快来一起看看！O网页链接,,,,,0,0,0,2020-05-26 07:58,好看视频App,['http://ww3.sinaimg.cn/large/0079Mb11gy1gf5ivp8wy4j30i90aadga.jpg'],,
4508741133027546,J3FoBcHBo,3095372163,家在大浙江,特朗普政府连那10万美国自己的新冠肺炎死者都不肯救，香港的娃们只是他们利用的对象，好吧……,,,,,0,0,1,2020-05-26 07:58,全屏双摄 OPPO A5,['http://ww4.sinaimg.cn/large/b87fa183ly1gf5ivgpykkj20gw0c2gmt.jpg'],,
4508741103368054,J3Foye8bs,1213444205,土豆牛肉高粱,建国，我们只是让你搞乱美国政治经济，没让你摧残美国人民啊,,,,,0,0,0,2020-05-26 07:58,小米Max3 大屏大电量,,,4508740482984451
4508726293380221,J3F0FeblH,2552109523,奔跑的小白鲨_,#特朗普打高尔夫#这是犯罪吧，用几万人的性命保住经济呗它们真幸运,,,,特朗普打高尔夫,0,0,0,2020-05-26 06:59,vivo X23 AI非凡摄影,,,
4508577917042122,J3B9ltxYC,1934560795,VOA英语频道,【PBS纪录片《美国大分裂：从奥巴马到特朗普》上集】2020开年史诗大片，通过追溯分析2008-2020这12年间，从奥巴马到特朗普时期的美国两党政斗，揭示出走到如今这一步的必然性。相当精彩，值得一看！视频较长，建议先马后看！VOAEC精选L水山水山水山的微博视频　#VOAEC口译##VOAEC地道口语#,,,,"VOAEC口译,VOAEC地道口语",61,1,37,2020-05-25 21:10,微博 weibo.com,,"http://f.video.weibocdn.com/000W6rzElx07AFhdAm8U0104120fJa7C0E060.mp4?label=mp4_ld&template=640x360.25.0&trans_finger=bdef57f06ae52835a2c783ca389e8517&Expires=1592213032&ssig=%2Basb3%2F3K5h&KID=unistore,video",
4508726234571966,J3F0zjbno,2683636645,米思特白,转发微博,,,,,0,0,0,2020-05-26 06:59,Android,,,4508577917042122
4508726222229798,J3F0y9m4u,6090579340,YT大道至简,希拉里竞选总统时，狂喷特朗普半小时。现在看来句句戳中要害。LYT大道至简的微博视频,,榆林,,,0,3,6,2020-05-26 06:59,OPPO R9s,,"http://f.video.weibocdn.com/6ElRDogXlx07DySP22o0010412001CoH0E010.mp4?label=mp4_ld&template=360x640.24.0&trans_finger=81b11b8c5ffb62d33ceb3244bdd17e7b&Expires=1592213032&ssig=px07mu27Vh&KID=unistore,video",
4508726038723330,J3F0fABkS,5993531560,中新经纬,#特朗普已停用羟氯喹#【特朗普刚停药，#世卫组织暂停羟氯喹治疗试验#：感染后服用更易死亡】日内瓦时间25日，世卫组织总干事谭德塞表示，已暂停羟氯喹治疗新冠病毒的试验。美东时间22日，《柳叶刀》公布的一项研究表明，接受羟氯喹和氯喹治疗的新冠病毒患者更易死亡。24日，特朗普称自己完成了羟氯喹疗程。#感染后服羟氯喹易死亡#L青蜂侠Bee的秒拍视频,,,,"特朗普已停用羟氯喹,世卫组织暂停羟氯喹治疗试验,感染后服羟氯喹易死亡",24,19,280,2020-05-26 06:58,,,"http://miaopai.video.weibocdn.com/ZNrorwBPlx07DySeN0dO010412006dio0E013.mp4?label=mp4_ld&template=640x360.25.0&trans_finger=40a32e8439c5409a63ccf853562a60ef&Expires=1592213032&ssig=3IKWB1ahO8&KID=unistore,video",
4508726155404454,J3F0rmFWC,7440299956,五月梅2009,转发微博,,,,,0,0,0,2020-05-26 06:59,OPPO R9s Plus,,,4508726038723330
4508607821955242,J3BVA8cEa,1647486362,上帝之鹰_5zn,死亡人数逼近10万，示威者在床破酒店前摆假尸袋L微丢的微博视频,,,,,46,104,1150,2020-05-25 23:08,微博 weibo.com,,"http://f.video.weibocdn.com/003GsiJTgx07Dy7Bkhrq010412004P9j0E010.mp4?label=mp4_ld&template=360x640.25.0&trans_finger=bdef57f06ae52835a2c783ca389e8517&Expires=1592213032&ssig=uP%2FcThVZ7F&KID=unistore,video",
4508726093145976,J3F0ldcpy,2772141754,春夏秋冬皆是景,转发微博,,,,,0,0,0,2020-05-26 06:58,Redmi Note 7 Pro,,,4508607821955242
4508726088590047,J3F0kA2F9,6395722338,滑翔白雪图片社,要说美国的伟大之处非愚民政策莫属，政府早就接到疫情预警，却一直在打压隐瞒，欺骗民众，特朗普之流谎话连篇，草菅人命，特疯子成功的把美国民众蒙在鼓里却还在为他敲鼓。#凤凰新闻#【美国被免职资深专家，再爆“惊天”内幕，美国疫情失控原因找到？】特朗普政府的一位资深政府科学家周二在一份投诉中称，特朗普政府未能做好应对冠状病毒袭击的准备，随后试图向患者推销未经证实的药物，以寻求快速解决方案。这位生物医学高...O美国被免职资深专家，再爆“惊天”内幕，美国疫情失控原因找到？来自@凤凰新闻客户端,,,凤凰新闻客户端,凤凰新闻,0,0,0,2020-05-26 06:58,iPhone客户端,['http://ww4.sinaimg.cn/large/006YPNxUly1gf5gxazufmj30cs08gdg6.jpg'],,
4508726003804813,J3F0cfXNX,6487028379,五花八门娱乐君,死亡名单震动美国特朗普在干什么？当地时间5月24日，《纽约时报》用头版整版和内页共4个整版，刊发了1000名死于新冠肺炎的美国人的简单讣告，并配上醒目文字“他们不仅仅是一个个名字，他们曾经就是我们。”　　报道称，这份1000人的名单仅仅是美国新冠死亡人数的1%，截至24日，美国疫情死亡人数已经超过9.7万人，确诊160多万，已持续一个多月排名世界第一。但，总统特朗普周六却前往自己的高尔夫球场，打起了高尔夫，他还恐吓各州必须立即开放教堂，以挽救自己的选票。　　美国民主党总统参选人拜登愤怒地在推特上发文称：“近10万条生命已经逝去，数千万人丢失工作，而特朗普却去享受高尔夫去了。”,,广州·广东女子职业技术学院(番禺校区),,,0,0,0,2020-05-26 06:58,Nokia X7拍暗叫绝,['http://ww3.sinaimg.cn/large/00750UpZgy1gf5h52lj5dj30c809lmyl.jpg'],,
4508725992532402,J3F0baCNc,6976912024,陆立辉_Reichert,，他特朗普稱為“紐市房約產開地發唯商中美之一的容狂”，“侵略性，加欲之望、暴力和性，就朗特是世大廈普的人界感給受，不否可認，這長是紐約很間以時始來的原最高一棟樓#菲拉格慕##菲拉格慕521#,,,,"菲拉格慕,菲拉格慕521",0,0,0,2020-05-26 06:58,iPhone客户端,['http://ww1.sinaimg.cn/large/007Capx6gy1gf5h4xucvgj308w08wglg.jpg'],,
4508399603446698,J3wvKesDU,5044281310,澎湃新闻,#特朗普称普京不希望他连任#【特朗普：普京喜欢我，但不希望我赢得连任】5月24日，美国新闻节目《FullMeasure》播出总统特朗普采访视频。特朗普在采访中谈到普京“喜欢自己”，但认为对方不希望自己在2020年大选中赢得连任。（视频来源FullMeasure）O特朗普：普京喜欢我，但不希望我赢得连任L澎湃新闻的微博视频,,,,特朗普称普京不希望他连任,581,833,4799,2020-05-25 09:21,360安全浏览器,,"http://f.video.weibocdn.com/001J0MS7gx07DxrCqe36010412004CEP0E010.mp4?label=mp4_ld&template=640x360.25.0&trans_finger=bdef57f06ae52835a2c783ca389e8517&Expires=1592213032&ssig=jGQzMJ2U6F&KID=unistore,video",
4508725945629197,J3F06nCpv,7412589994,治它f问还样,转发微博,,,,,0,0,0,2020-05-26 06:58,Android客户端,,,4508399603446698
4501184202054493,J0uO08CsZ,5626136031,我是郭杰瑞,为何有些美国人特别“反智”！大部分还是特朗普支持者？#美国反智？##郭杰瑞##共同战疫#L我是郭杰瑞的微博视频,,,,"美国反智？,郭杰瑞,共同战疫",27708,21064,268103,2020-05-05 11:30,日常 · 视频社区,,"http://f.video.weibocdn.com/002dubFNgx07D1Ewq7vy01041201dvE20E010.mp4?label=mp4_ld&template=640x360.25.0&trans_finger=bdef57f06ae52835a2c783ca389e8517&Expires=1592213032&ssig=aQLxVjU51o&KID=unistore,video",
4508725904055806,J3F02h16e,1427524160,清风de白杨,学区问题哪儿都有啊,,,,,0,0,0,2020-05-26 06:58,HUAWEI P30 Pro,,,4501184202054493
4508725899680839,J3F01ECqz,7314879902,Yangyang-李洋洋,转发微博,,,,,0,0,0,2020-05-26 06:58,nova 5i Pro,,,4508620446136277
4508583977103175,J3Bj7tNRl,1739998361,刘欣在北京,【#香港是特朗普政府维护世界霸权的牺牲品#】美国官员竟然威胁就涉港国家安全立法制裁中国？香港特区立法会原主席范徐丽泰说，在国家安全上只有“一国”，没有“两制”；对于美国，香港是个“易于捕获的猎物”，是特朗普政府维护世界霸权的牺牲品，如果没有香港，他们也会从别处下手。范徐丽泰恳切呼吁，放下“武器”，展开对话，对全人类都有好处。#2020全国两会##全国两会#@CGTN@CGTN_thePointL刘欣在北京的微博视频,,,"CGTN,CGTN_thePoint","2020全国两会,全国两会",275,0,854,2020-05-25 21:34,微博视频,,"http://f.video.weibocdn.com/FF0f3jIilx07Dyg0mwli01041200dO020E010.mp4?label=mp4_ld&template=624x360.25.0&trans_finger=bdef57f06ae52835a2c783ca389e8517&Expires=1592213032&ssig=H2QlOnpVCK&KID=unistore,video",
4508725882250496,J3F009rsk,3146614577,心急吃不了热豆腐m_c,转发微博,,,,,0,0,0,2020-05-26 06:58,iPhone客户端,,,4508583977103175
4508725827886382,J3EZUx5BI,5890044846,Vicky4912325,转发微博,,,,,0,0,0,2020-05-26 06:57,前置双摄vivo X9Plus,,,4508620446136277
4506766534679890,J2Q1LjDs6,5658826803,投稿吐槽吃瓜,蒋劲夫30岁是男孩也就算了，40岁的罗志祥也是男孩，鲍某某快50也觉得自己是个纯情男孩被14岁心智成熟的心机女人骗了，这都什么毛病啊,,,,,2719,2332,61680,2020-05-20 21:12,,,,
4508725823686711,J3EZUft55,2957224595,肥橘·,//@糖类:啊这//@海豹星人:《愿你出走半生，归来仍是少年》//@乌龙玛奇朵七分甜去冰加布丁://@为子酱:气死我了//@不会笑的柴郡猫:每天洗澡一脱裤子一照镜子就觉得自己还是个孩子。//@南疆才子秦永基_://@陈猿猿李狮狮:看看特朗普，他也觉得自己是个BOY~~~//@简木生--撰稿者:转发微博,,,"糖类,海豹星人,乌龙玛奇朵七分甜去冰加布丁,为子酱,不会笑的柴郡猫,南疆才子秦永基_,陈猿猿李狮狮,简木生--撰稿者",,0,0,0,2020-05-26 06:57,iPhone客户端,,,4506766534679890
4508371232888100,J3vLZc7kg,1402138343,李牧,【他们曾是我们】纽约时报头版列千名死者信息#，这些人就不该死，只要有效隔离，牺牲者会有，可绝不会十万。地球上资格最老的，仍在保持活跃的政治家基辛格（HenryKissinger），2018年7月在接受《金融时报》专访称，“特朗普可能是历史上偶尔出现的一类人物，他象征着一个时代的终结，迫使这个时代剥开它全部旧有的伪装。特朗普本人未必知道，而他亦未必考虑到其他可能性。这可能是一场意外。”特朗普成为美国总统是偶然的，在他任期内，一场史无前例的浩大疫情袭击美国也是偶然的，这两个意外相碰撞，美国人民死伤累累，就是必然。一个冷酷无情，以个人私利为首选的总统，率领一个胡作非为毫无道德感的政府，如脱轨的列车，狂呼乱叫着向地狱奔驰。美国人还想让他连任呢。,,,,,32,19,66,2020-05-25 07:28,iPhone 8,['http://ww2.sinaimg.cn/large/5392eee7ly1gf4cdp1il8j20j60ymk2g.jpg'],,
4508725748915809,J3EZMBppn,3501652074,李文华米原,特朗普政府要负责任！美国人民不知道是真聪明还是假的？,,,,,0,0,0,2020-05-26 06:57,HUAWEI Mate 9 Pro,,,4508371232888100
4508407694885858,J3wINkv2a,1806128454,凤凰网视频,#特朗普批拜登缺点太多#【特朗普接受采访：拜登缺点太多，普京不希望自己连任】5月24日，特朗普接受新闻节目采访，被记者要求说出拜登的一个优点。特朗普思考后摇头。被问到拜登的缺点，特朗普：“那太多了，可以说一天...”特朗普还表示，普京非常喜欢他，但不希望他赢得大选连任总统。#风视频#O网页链接L凤凰网视频的微博视频,,,,"特朗普批拜登缺点太多,风视频",16,52,77,2020-05-25 09:53,微博视频,,"http://f.video.weibocdn.com/GFH5YBMklx07DxtTSdgs0104120051S40E010.mp4?label=mp4_ld&template=640x360.25.0&trans_finger=40a32e8439c5409a63ccf853562a60ef&Expires=1592213032&ssig=poNgLWiuLV&KID=unistore,video",
4508725727336615,J3EZKuMAv,1937925342,刷刮的能干豆子_,转发微博,,,,,0,0,0,2020-05-26 06:57,HUAWEI Mate 20 Pro,,,4508407694885858
4508482420559905,J3yFk2lEJ,2390776643,全球疫情播报,#全球疫情##特朗普打高尔夫#【特朗普打高尔夫拜登炮轰：死了快10万人了！你还有闲心思打球？】当地时间23日，特朗普被媒体抓拍去打高尔夫，在美国境内引起不小的争议，其竞争对手民主党候选人拜登当天在推特上发了条视频讽刺特朗普：死了快10万人了！你还有心思打球？L燃新闻的秒拍视频,,,,"全球疫情,特朗普打高尔夫",277,452,3462,2020-05-25 14:50,,,"http://miaopai.video.weibocdn.com/8tXheNMvlx07DwaSPkA8010412006d1I0E013.mp4?label=mp4_ld&template=640x360.25.0&trans_finger=40a32e8439c5409a63ccf853562a60ef&Expires=1592213032&ssig=TNP3HnAqO4&KID=unistore,video",
4508725718689229,J3EZJAssR,7453623478,芒果没有盲_Nero,转发微博,,,,,0,0,0,2020-05-26 06:57,三星android智能手机,,,4508482420559905
4508725694869960,J3EZHkqTK,7456890599,用户7456890599,转发微博,,,,,0,0,0,2020-05-26 06:57,vivo AI智慧拍照X21,,,4508399603446698
4508628633122411,J3Ct9d6ht,2624755655,后沙月光本尊,#特朗普称美国迈向伟大已经再次发生#特朗普高喊：迈向伟大！准备好，已经再次发生了！还把自己9个小时前发的“让美国再次伟大”的推特又转发了一遍今天药停了？管药的护士呢？,,,,特朗普称美国迈向伟大已经再次发生,78,62,425,2020-05-26 00:31,HUAWEI P30 Pro,['http://ww1.sinaimg.cn/large/9c7297c7ly1gf55xwvh6zj20rs0f10u0.jpg'],,
4508725644255132,J3EZChQXa,6992255474,综合评论,特朗普案例告诉我们，让资本家掌握政权是很恐怖的，他们比专业政客要无耻得多！,,,,,0,0,0,2020-05-26 06:57,OnePlus 6T,,,4508628633122411
4508601824110984,J3BLUhfsc,1499104401,新浪军事,【心口不一！特朗普曾在埃博拉侵袭时抨击奥巴马打高尔夫：很不合适】当地时间23日，美国新冠肺炎死亡人数接近十万，特朗普却被拍到在弗吉尼亚州一高尔夫球场愉快打球。有网友找出了特朗普在2014年接受福克斯采访时，特朗普批评奥巴马在埃博拉侵袭时打高尔夫的视频。而在24日，特朗普又去打高尔夫球了。此前一天他因被发现而被美国舆论激烈批评。当日美国《纽约时报》提前公布记录，美国新冠肺炎疫情10000名逝者个人信息的头版图片，与特朗普挥杆的照片形成鲜明对比。@海客新闻L海客新闻的微博视频,,,海客新闻,,29,45,234,2020-05-25 22:45,微博 weibo.com,,"http://f.video.weibocdn.com/xbsh2Tfilx07DxPHwCf601041200cs9r0E010.mp4?label=mp4_ld&template=640x360.25.0&trans_finger=40a32e8439c5409a63ccf853562a60ef&Expires=1592213047&ssig=iWS51%2FLBIY&KID=unistore,video",
4508711274337002,J3ECricfE,6012830647,通州永乐店,转发微博,,,,,0,0,0,2020-05-26 05:59,HUAWEI P20 Pro,,,4508601824110984
4508487319838482,J3yNdFhrc,1974576991,环球时报,主持人：说一个拜登的优点特朗普：我本来···但是···主持人：就说一个！特朗普：呃···（沉默三秒，摇了摇头）主持人放弃：好吧缺点呢特朗普：那太多了，我能说一天呢！@微丢L微丢的微博视频,,,微丢,,592,703,7111,2020-05-25 15:10,微博 weibo.com,,"http://f.video.weibocdn.com/003FldAvgx07DxxPF1Mb010412003K2W0E010.mp4?label=mp4_ld&template=640x360.25.0&trans_finger=40a32e8439c5409a63ccf853562a60ef&Expires=1592213047&ssig=yH9gAw5ByI&KID=unistore,video",
4508711219757157,J3EClEWhv,5902751528,风清扬Michelle,转发微博,,,,,0,0,0,2020-05-26 05:59,华为手机 畅享玩不停,,,4508487319838482
4508711215373547,J3EClmxU7,5581717221,独占欲0904,【长安街知事】当地时间23日，在美国新冠肺炎死亡病例逼近10万之际，美国总统特朗普因打高尔夫球而被美国舆美国死亡病例逼近10万，特朗普连打两天高尔夫O网页链接,,,,,0,0,0,2020-05-26 05:59,UC浏览器Android,['http://ww3.sinaimg.cn/large/0065KjD7gy1gf5ffwvuxdj30k00akq3l.jpg'],,
4508409628893867,J3wLUBjHt,1887344341,观察者网,【哥大批美政府反应迟缓致数万人“冤死”，特朗普：自由派！】美国哥伦比亚大学的一份报告指出，如果美国能够提前一周采取措施，就可能减少3.6万人死亡。特朗普回应此事称，发布这份报告的机构“可耻”，“哥大是一个自由派的、可耻的机构，才会写出这样的话。”特朗普又再次谈及1月对中国的旅行禁令，称当时受到了“前所未见的巨大压力”。L微丢的微博视频,,,,,291,359,3017,2020-05-25 10:01,微博 weibo.com,,"http://f.video.weibocdn.com/002TyaQ7gx07DxtYiY360104120061Yn0E010.mp4?label=mp4_ld&template=640x360.25.0&trans_finger=40a32e8439c5409a63ccf853562a60ef&Expires=1592213047&ssig=P8a%2B30sp6Q&KID=unistore,video",
4508711203446718,J3ECkesEe,2402721044,苍穹怒天下寒,转发微博,,,,,0,0,0,2020-05-26 05:59,iPhone客户端,,,4508409628893867
4505218022224139,J2bKa9kBd,6508016609,风闻社区,沈逸：从里根到特朗普，美国总统为啥越来越不像总统？“让美国再伟大”口号，里根政府也提出过，那时美国霸权的确逆势上升。但在特朗普这儿，我们看到美国霸权自我击败、自我否定、慢慢内卷化。新冠冲击后，美国影响力和领导力转移将是历史趋势。若干年后，回望这段历史，特朗普可能成为让美国战略霸权发生重大实质性变化的一任总统而被记入史册。L微丢的秒拍视频,,,,,146,21,202,2020-05-16 14:39,专业版微博,,"http://gslb.miaopai.com/stream/PrzKFMv5OCD3invUvYVq3c-gC8Ti~MlfN-xdhQ__.mp4?yx=&refer=weibo_app&vend=weibo&label=mp4_ld&mpflag=16&Expires=1592213047&ssig=6Jc7PJz6xF&KID=unistore,video",
4508710984711594,J3EBYjLHs,1724055740,莊運亨,//@微彰琦谈:沈老师讲得真好！以总统为线索，把美国近几十年来相对国力的起伏，与总统具体行为结合起来，对于我们理解美国当前的言行。,,,微彰琦谈,,0,0,0,2020-05-26 05:58,HUAWEI Mate 30 Pro,,,4505218022224139
4508710955529034,J3EBVnclY,6377167827,知行执,//@韩广斌123:转发微博,,,韩广斌123,,0,0,0,2020-05-26 05:58,iPhone客户端,,,4508620446136277
4497364028551809,IEQSKzSIp,1974576991,环球时报,【#美国网友改编歌曲嘲讽特朗普#：《有个骗子在发推》】近日，美国有人把反对特朗普的民众们召集起来，把狮子王的插曲《TheLionSleepsTonight》改编成了《TheLiarTweetsTonight》。L微丢的微博视频,,,,美国网友改编歌曲嘲讽特朗普,362,256,1572,2020-04-24 22:30,微博 weibo.com,,"http://f.video.weibocdn.com/W5NZwWc7lx07CK5A5ffG01041200mOBA0E010.mp4?label=mp4_ld&template=640x360.25.0&trans_finger=bdef57f06ae52835a2c783ca389e8517&Expires=1592213047&ssig=eqkrKOBgWx&KID=unistore,video",
4508710883761534,J3EBOfMxU,5428720782,Krupp1820,转发微博,,,,,0,0,0,2020-05-26 05:58,HUAWEI P20,,,4497364028551809
4508530432459727,J3zULajT1,5347537335,7维视界,【美国州长：特朗普再不给钱，就开除医护和警察】当地时间24日，美国新泽西州州长墨菲在节目中警告称，如果联邦政府再不批准提供额外的资金援助，新泽西州将被迫解雇奋战在一线的医护工作人员和警察。墨菲进一步表示，“在这场经济危机中，我们最不应该做的就是解雇这些人，这会让我们的民众得不到应有的服务。”L7维视界的微博视频,,,,,126,45,225,2020-05-25 18:01,微博视频,,"http://f.video.weibocdn.com/t7u4ZJH9lx07Dy1oqFWg010412004z5Q0E010.mp4?label=mp4_ld&template=640x360.25.0&trans_finger=40a32e8439c5409a63ccf853562a60ef&Expires=1592213047&ssig=7qv0ucfmm%2B&KID=unistore,video",
4508710829364172,J3EBIDi32,2290122347,天干地支皆探花,//@7维视界://@火星之探测器:啥情况，搞得中国人民整天为美国人民担忧,,,"7维视界,火星之探测器",,0,0,0,2020-05-26 05:58,荣耀20 PRO,,,4508530432459727
4508710741679347,J3EBA72Sf,6377741271,我是男生6377741271,转//#看点快报#《全球确诊第二多国家诞生！特朗普紧急下达一道禁令，连美国都害怕》O网页链接,,,,看点快报,0,0,0,2020-05-26 05:57,iPhone客户端,['http://ww2.sinaimg.cn/large/006XClQHgy1gf5fdya3a9j30hg0cq3zm.jpg'],,
4508710716259827,J3EBxqgsX,7458705107,釜首席大人,//@7维视界://@火星之探测器:啥情况，搞得中国人民整天为美国人民担忧,,,"7维视界,火星之探测器",,0,0,0,2020-05-26 05:57,小米手机4,,,4508530432459727
4508671030541993,J3Dzx2gZP,3057540037,人民日报海外版-海外网,【哥大研究称早实施封锁能避免更多死亡#特朗普骂哥伦比亚大学可耻#】当地时间25日，特朗普在接受采访中指责哥伦比亚大学是自由派，是“可耻的机构”。哥大之前发布研究称，如果美国能提前一周采取措施，就可能减少3.6万人死亡。特朗普对此回应称哥伦比亚大学是自由派，是“可耻的机构”。特朗普称自己当时受到了“前所未见的巨大压力”。（微丢）L微丢的微博视频,,,,特朗普骂哥伦比亚大学可耻,59,81,168,2020-05-26 03:20,微博 weibo.com,,"http://f.video.weibocdn.com/002TyaQ7gx07DxtYiY360104120061Yn0E010.mp4?label=mp4_ld&template=640x360.25.0&trans_finger=40a32e8439c5409a63ccf853562a60ef&Expires=1592213047&ssig=P8a%2B30sp6Q&KID=unistore,video",
4508710649082211,J3EBqC6Hh,3994707980,高山流水0785,转发微博,,,,,0,0,0,2020-05-26 05:57,红米Note7 4800万相机,,,4508671030541993
4508710615496295,J3EBnn3PV,6669202083,快乐的咬着棒棒糖拽天下,转发微博,,,,,0,0,0,2020-05-26 05:57,Redmi K30 全速热爱,,,4508701522997118
4508710493591976,J3EBbf4r6,6377741271,我是男生6377741271,转//#看点快报#《医生警察面临下岗，美国多个州财政告急，特朗普：都是借口，没钱》O网页链接,,,,看点快报,0,0,0,2020-05-26 05:56,iPhone客户端,['http://ww3.sinaimg.cn/large/006XClQHgy1gf5fcxkbxdj30g90budgp.jpg'],,
4508710473504371,J3EB9eHE7,1800002422,搞机陌生人,看了看特朗普（川普）最近的20条推，感觉舆论已经很清晰，甩锅中国真的没意思了，满屏都是各种10万人死亡。在死亡数字面前，再怎么甩锅都是徒劳。,,,,,0,0,2,2020-05-26 05:56,Share微博客户端,,,
4508710388590966,J3EB0A2TY,6377741271,我是男生6377741271,转//#看点快报#《一夜之间美国变了天！3860万人让特朗普看不懂了，民众已知道真相》O网页链接,,,,看点快报,0,0,0,2020-05-26 05:56,iPhone客户端,['http://ww3.sinaimg.cn/large/006XClQHgy1gf5fcikwfjj30f20azjt0.jpg'],,
4508710141208561,J3EAC54oV,6377741271,我是男生6377741271,转//#看点快报#《3票之差落败，美国法院终于对特朗普出手，这次连总统权力也没用》O网页链接,,,,看点快报,0,0,0,2020-05-26 05:55,iPhone客户端,['http://ww3.sinaimg.cn/large/006XClQHgy1gf5fbhqevxj30ld0fl3zt.jpg'],,
4508710112479319,J3EAzaoZ1,7458434841,蜕变0r,//@7维视界://@火星之探测器:啥情况，搞得中国人民整天为美国人民担忧,,,"7维视界,火星之探测器",,0,0,0,2020-05-26 05:55,小米手机4,,,4508530432459727
4508710061706262,J3EAu79Sm,7455184692,半盏孤茶丶情,转发微博,,,,,0,0,0,2020-05-26 05:55,小米手机4,,,4508671030541993
4508709911662434,J3EAf6Yts,6377741271,我是男生6377741271,转//#看点快报#《美女州长：谈论特朗普时很谨慎怕说错话被他扣援助他曾让我一夜睡不着》O网页链接,,,,看点快报,0,0,0,2020-05-26 05:54,iPhone客户端,['http://ww2.sinaimg.cn/large/006XClQHgy1gf5faiz8m7j30d609k74r.jpg'],,
4508379148351847,J3vYKz2Hd,2174585797,王冰汝,特朗普被记者灵魂拷问：请说出拜登的一个优点。然而他太“诚实”了，撒个谎都不愿意主持人逼问：就说一个！特朗普：呃…（沉默三秒，别逼我了）主持人放弃：好吧，那缺点是什么？特朗普：太多了，我可以说一天。L王冰汝的微博视频,,,,,845,657,6189,2020-05-25 08:00,,,"http://f.video.weibocdn.com/SPpGCtlzlx07Dxm6SJN6010412003g3W0E010.mp4?label=mp4_ld&template=640x360.25.0&trans_finger=40a32e8439c5409a63ccf853562a60ef&Expires=1592213047&ssig=v4jjcTzTTZ&KID=unistore,video",
4508709910566600,J3EAf2noI,1837323137,Adagio___,//@小陆家嘴://@师永刚:转发微博,,,"小陆家嘴,师永刚",,0,0,0,2020-05-26 05:54,360安全浏览器,,,4508379148351847
