﻿id,bid,user_id,用户昵称,微博正文,头条文章url,发布位置,艾特用户,话题,转发数,评论数,点赞数,发布时间,发布工具,微博图片url,微博视频url,retweet_id
4509919225811646,J4a2KonSe,1004978360,喝喜酒喜上加喜,《孟晚舟未能获释，特朗普一句话揭了西方“司法独立”的底》昨天，加拿大不列颠哥伦比亚省高等法院就“孟晚舟案”做出裁决：孟晚舟符合“双重犯罪”标准，因此对她的引渡案将继续审理。被扣押500多天的孟晚舟，未能获释。O网页链接,,,,,0,1,0,2020-05-29 13:59,百度App,['http://ww1.sinaimg.cn/large/3be6c0b8ly1gf9a6hfulnj208o05sglj.jpg'],,
4504512868055980,J1ToOxNJa,7373072402,台海研究,发布了头条文章：《作为疫情的源头，在美国可以找到发生地、传播途径、有规律区域分布》O作为疫情的源头，在美国可以找到发生地、传播途径、有规律区域分布,http://t.cn/A6Ar5Ph3,,,,240,52,200,2020-05-14 15:56,微博 weibo.com,,,
4509919207785423,J4a2IwFll,3196633990,feilongtaiji,美国这个流氓国家。特朗普、蓬佩奥、佩洛西你们这些混蛋流氓给世界人民一个交代。,,,,,0,0,0,2020-05-29 13:59,HUAWEI P20 Pro,,,4504512868055980
4509919200903703,J4a2I3N5R,2458438205,观网资讯,【#美媒称美计划驱逐3000名中国研究生#】美国《纽约时报》5月28日引述不具名美官员的话称，特朗普政府计划取消“与中国人民解放军所属大学有直接关系的”数千名中国研究生和研究人员的签证。报道称，官方估计该计划可能会影响至少3000名中国学生。“在美国大约36万中国留学生中，这一比例很小。但是其中一些受影响的人可能正在从事重要的研究项目。”路透社28日也报道了美国政府的这一计划。《纽约时报》称，美国国务卿蓬佩奥周二在白宫会议上与特朗普总统讨论了该计划。“这将是美国第一个旨在禁止某一类中国学生的计划，中国是美国海外留学生中最大的群体”，报道称，“这预示着美方可能会有进一步的限制，中国政府可能会通过对美国人实施签证或教育禁令进行报复”。路透社28日也引述美国知情人士的话报道了这一计划，称其主要目的是“打击间谍活动和知识产权盗窃行为”。报道称，该计划的审议工作已经进行了几个月，可能会影响3000至5000名中国学生。“在美国的中国学生将被取消签证并被驱逐出境，而在美国境外的中国学生将被禁止返美。”知情人士说，该计划与香港局势没有直接关系，但从时机看，似乎是近几个月来美国针对中国“全面压力运动”的一部分。《纽约时报》称，该计划肯定会引发公众辩论。“官员们承认，没有直接证据表明即将被驱逐的中国学生做错了事。美国官员的怀疑主要集中在他们本科就读的中国大学上。”官方没有提供受影响学校的名单。《纽约时报》称，美国联邦调查局和司法部一直将与解放军有关的中国高校视为一个特殊问题，认为军事官员对一些毕业生进行了基本间谍培训，并迫使他们出国后搜集信息并将信息传递给中国官员。《纽约时报》称，预计美国大学将反对该计划。“许多美国高校依靠外国学生的全额学费，特别是中国学生。”此外，美国大学对可能针对特定国家学生的新“红色恐慌”保持警惕，认为这可能会助长反亚洲种族主义。美国政府尚未证实这一消息。中国外交学院国际关系研究所教授李海东28日对《环球时报》记者表示，从特朗普政府一系列强硬对华政策来看，这项政策执行的概率很高。美国近期将13所中国高校列为制裁实体，那么下一步将矛头对准高校学生，我们不应当感到意外。一个基本的判断是：无论中国接下来的对美政策如何，美国对华政策中更严厉、更具对抗性的部分会频繁高密度地出现。李海东说，从人文交流角度看，该政策毫无疑问将导致中国相当多的优秀学生不会将美国作为留学首选地；在美国未被驱逐的中国留学生难以安心地从事科研工作。特朗普现在的选情很糟糕，美国疫情也很糟糕，这种情况下，特朗普为了自保，最自然的选择就是“甩锅”，只要不断在美国社会制造“中国对美国构成安全威胁”的话题，就可以将政府治理不力的责任转嫁出去。李海东表示，如果3000名中国研究生真的被驱逐，这是一个很大的外交事件，中方一定会作出反应，不排除作出对等的反制措施。（环球时报-环球网/丛超）O惊爆！美国计划驱逐3000中国学生，但不是因为他们做错了事......,,,,美媒称美计划驱逐3000名中国研究生,0,0,0,2020-05-29 13:59,HUAWEI Mate 30,,,
4509919196380157,J4a2HqLLL,6977262263,微博上市公司,#美国计划驱逐3000中国学生#【美计划驱逐3000名中国研究生？】飞笛讯，人民日报海外网29日援引美国《纽约时报》报道，称特朗普政府有计划取消“与中国人民解放军所属大学有直接关系的”数千名中国研究生和研究人员的签证，估计该计划可能会影响至少3000名中国学生。美国政府尚未证实这一消息。中国外交学院国际关系研究所教授李海东接受《环球时报》记者采访时称，如果3000名中国研究生真的被驱逐，这是一个很大的外交事件，中方一定会作出反应，不排除作出对等的反制措施。据路透报道，目前在美国大约有36万中国留学生。#热议事件##美国#,,,,"美国计划驱逐3000中国学生,热议事件,美国",0,0,0,2020-05-29 13:59,微博 weibo.com,['http://ww1.sinaimg.cn/large/007CbSE7gy1gf9a6cqt9rj30k00e33z0.jpg'],,
4509919175348806,J4a2Fmrt4,6196932747,白话A股,【美计划驱逐3000名中国研究生？专家称若实行必遭反制】人民日报海外网29日援引美国《纽约时报》报道，称特朗普政府有计划取消“与中国人民解放军所属大学有直接关系的”数千名中国研究生和研究人员的签证，估计该计划可能会影响至少3000名中国学生。美国政府尚未证实这一消息。中国外交学院国际关系研究所教授李海东接受《环球时报》记者采访时称，如果3000名中国研究生真的被驱逐，这是一个很大的外交事件，中方一定会作出反应，不排除作出对等的反制措施,,,,,0,0,0,2020-05-29 13:59,微博 weibo.com,,,
4509919161929215,J4a2E85Sn,5231216846,老长春说了,同城报料说真话知真相特朗普不得民心#美国部分示威者焚烧美国国旗#愈演愈烈！美警察暴力致黑人死亡后，美抗议者洗劫超市，焚烧美国国旗。L长春说事的微博视频,,长春,,美国部分示威者焚烧美国国旗,0,1,5,2020-05-29 13:59,同城报料超话,,"http://f.video.weibocdn.com/Lu9Yg9zulx07DDK7s24M010412003NNf0E010.mp4?label=mp4_ld&template=360x640.24.0&trans_finger=81b11b8c5ffb62d33ceb3244bdd17e7b&Expires=1592213260&ssig=dqkKkVMAob&KID=unistore,video",
4509913265788060,J49T8ohJO,2214257545,YouTube精选,崔娃小剧场又找到全新的角度吐槽特朗普了崔娃说人们一直没有对特朗普的站姿给予足够的关注度，但仔细看一看就会发现，他的独特姿势，就像是一只隆了臀部的企鹅。如果他的头在美国，那么屁股至少要撅到东京LYouTube精选的微博视频,,,,,1144,305,3406,2020-05-29 13:36,脱口秀 · 视频社区,,"http://f.video.weibocdn.com/004m9b75gx07DE6KV3hu01041200opIe0E010.mp4?label=mp4_ld&template=640x360.25.0&trans_finger=bdef57f06ae52835a2c783ca389e8517&Expires=1592213260&ssig=TtyCtMwb0L&KID=unistore,video",
4509919161782550,J4a2E7tIO,6362397496,1928的主场,转发微博,,,,,0,0,0,2020-05-29 13:59,iPhone客户端,,,4509913265788060
4509919150447206,J4a2D1Sl0,6859573163,孛明达灬药剂师,转发微博,,,,,0,0,0,2020-05-29 13:59,iPhone客户端,,,4509913265788060
4509919141161472,J4a2C4S9q,2850168970,我喜欢品酒不是酗酒,#美国疫情#捐给特朗普的口罩，注意接收！L我喜欢品酒不是酗酒的微博视频,,,,美国疫情,1,0,2,2020-05-29 13:59,三星android智能手机,,"http://f.video.weibocdn.com/XxEEFxrGlx07DE8lYGgo010412000HKK0E010.mp4?label=mp4_ld&template=360x640.24.0&trans_finger=81b11b8c5ffb62d33ceb3244bdd17e7b&Expires=1592213260&ssig=kLe9ZZYhL%2B&KID=unistore,video",
4509912409904814,J49RKFyH4,1578839965,中国周刊,【#特朗普颁行政令修理推特#记者：考虑过删推特账号吗？特朗普：你要不那么假我立马删】28日，特朗普签署行政令，要求限制社交媒体的内容免责待遇。特朗普称是为了“捍卫美国人民的言论自由与权利”。有记者问，“是否考虑过删推特账号？”特朗普回呛道，“你要不那么假，我立马删”，还说“没有什么比删除我的整个推特账号更让我愿意做的了”。L微丢的微博视频,,,,特朗普颁行政令修理推特,6,3,8,2020-05-29 13:32,,,"http://f.video.weibocdn.com/0013rVxPgx07DDZSSTFK0104120069vd0E010.mp4?label=mp4_ld&template=640x360.25.0&trans_finger=40a32e8439c5409a63ccf853562a60ef&Expires=1592213260&ssig=3EA33WkXXY&KID=unistore,video",
4509919137248584,J4a2BupGE,1864825052,wusisu,,,,,,0,0,0,2020-05-29 13:59,iPhone XR,,,4509912409904814
4509919128135652,J4a2Ay8sc,7354990600,歺江艺璇灬,转发微博,,,,,0,0,0,2020-05-29 13:59,iPhone客户端,,,4509913265788060
4509918470387201,J4a1x1CJb,1728148193,央广军事,【#特朗普称军队将支持明尼苏达州#】美国总统特朗普29日凌晨在社交媒体发文称，他刚与明尼苏达州州长蒂姆·瓦尔茨通话，表示军队会支持他，并威胁对骚乱者动用武力。特朗普说：“无论遇到什么困难，我们都将控制一切，但是，当劫掠开始时，射击也就开始了。”（央视军事）L央视军事的微博视频,,,,特朗普称军队将支持明尼苏达州,46,77,429,2020-05-29 13:56,微博国际版,,"http://f.video.weibocdn.com/NfGR34knlx07DE7woDYk010412001vAV0E010.mp4?label=mp4_ld&template=640x360.25.0&trans_finger=40a32e8439c5409a63ccf853562a60ef&Expires=1592213260&ssig=7zI2UtjFnO&KID=unistore,video",
4509919123938250,J4a2Agwwa,1825714831,花见花开牛大员外,哦？,,,,,0,0,0,2020-05-29 13:59,微博国际版,,,4509918470387201
4509719638992849,J44QPBJrX,6340026081,茂哥日记,特朗普将疫情政治化，煽动种族仇恨，引发美国警察虐死黑人青年乔治·弗洛伊德；这事成为近期美国暴动的导火索，同时因美国政府不抗疫，失业人数剧增至4100万。1.疫情本只是疫情，疫情不只是疫情：美国警察虐死黑人青年引发的蝴蝶效应，明尼阿波利斯和洛杉矶抗议此起彼伏，美国警察用警车冲撞人群2、一残疾老妇阻止抗议者抢劫超市，结果抢劫者用灭火器直接灭她3.示威者一次又一次点火烧毁超市和楼房，一大片城区火光冲天4.抗议人群抢空超市，然后一把火点了超市，现在店老板也打死了。明尼阿波利斯市发生多起火灾及暴动，市长已请求国民警卫队保护#冷暴力算不算家庭暴力##孟晚舟未能获释#L茂哥日记的微博视频,,,,"冷暴力算不算家庭暴力,孟晚舟未能获释",284,763,3692,2020-05-29 00:46,微博视频,,"http://f.video.weibocdn.com/004lsBIWgx07DDfUxdlu01041200Vw580E010.mp4?label=mp4_ld&template=640x360.25.0&trans_finger=40a32e8439c5409a63ccf853562a60ef&Expires=1592213260&ssig=Fbbl3CuCKo&KID=unistore,video",
4509919086486474,J4a2wrdqy,6287764292,望仔有了牛奶,美国美丽的风景线,,,,,0,0,0,2020-05-29 13:59,小米8青春版 潮流旗舰,,,4509719638992849
4509919032953332,J4a2rcoio,5991655277,仲孙播夸森下鄙较,转发微博,,,,,0,0,0,2020-05-29 13:59,iPhone客户端,,,4509913265788060
4509919032078283,J4a2r8IEH,3731121581,汪小龙LONG,【#美国科技专家警告特朗普#：社交媒体行政命令将起到反作用】科技行业团体于本周四批评了美国总统唐纳德·特朗普（DonaldTrump）针对Twitter和Facebook等社交媒体企业所发布的行政命令。他们警告说，特朗普颁布这项命令是为了保护言论自由，然而这个命令最终可能会起到扼杀言论自由的效果。业内人士警告说，特朗普的这个命令从表面上看是要保护言论自由，但是它最终将会起到与此相反的效果。,,,,美国科技专家警告特朗普,0,1,5,2020-05-29 13:59,HUAWEI P30 Pro,['http://ww4.sinaimg.cn/large/de6465adly1gf9a5o9dhxj20hi0bnjrq.jpg'],,
4509919032077392,J4a2r8Iqk,6576601348,压力下D幸福,你牛掰特朗普：若不是我决策正确美国死亡将达200万，我将继续前进O特朗普：若不是我决策英明正确美国死亡将达200万，我将继续前进,,,,,0,0,0,2020-05-29 13:59,HeyTap浏览器,['http://ww4.sinaimg.cn/large/007b4Krigy1gf9a5lcylqj308c08caci.jpg'],,
4509919027869701,J4a2qx1gF,6485215685,原版玉米超人,是时候推翻华尔街和万恶的骗子联邦政府了，全世界人民为自由民主的美国人民争取解放摇旗呐喊。//【史无前例取消年中经济预测特朗普不敢面对事实】O史无前例取消年中经济预测特朗普不敢面对事实,,,,,0,0,0,2020-05-29 13:59,手机新浪网,,,
4509919003447216,J4a2oesMg,6332294769,小海再,转发微博,,,,,0,0,0,2020-05-29 13:59,iPhone客户端,,,4509913265788060
4509818771385619,J47qJ5OsH,2028810631,新浪新闻,【杠上了！推文被标“无确凿依据”后#特朗普签署行政令修理推特#】美国总统特朗普28日签署行政令，要求限制社交媒体的内容免责待遇，这意味社交媒体可能因为其平台上发布的内容面临法律风险。特朗普与社交媒体的矛盾在26日激化。特朗普当天发推文，抨击加州将在今年11月大选邮寄选票的做法，他称邮寄选票会造成大选舞弊；而推特平台在特朗普的推文下标注“事实待核查”，并链接至澄清信息。L海客新闻的秒拍视频,,,,特朗普签署行政令修理推特,101,195,572,2020-05-29 07:20,专业版微博平台,,"http://miaopai.video.weibocdn.com/cmd6hu4clx07DDG9sQYE010412005ZXR0E013.mp4?label=mp4_ld&template=640x360.25.0&trans_finger=40a32e8439c5409a63ccf853562a60ef&Expires=1592213260&ssig=TzGNQvYkLM&KID=unistore,video",
4509918978212199,J4a2lysmP,3200141587,新都民政,转发微博,,,,,0,0,0,2020-05-29 13:58,微博 weibo.com,,,4509818771385619
4509904045713634,J49EgnYno,7436120432,918人生如梦,我在看【这是一首非常欢快的《特朗普》神曲！】#跟新浪看热点#L这是一首非常欢快的《特朗普》神曲！,,,,跟新浪看热点,0,0,0,2020-05-29 12:59,新浪新闻客户端,,http://api.ivideo.sina.com.cn/public/video/play/url?appname=weibocard&appver=0.1&applt=web&tags=weibocard&direct=1&vid=33688290203,
4509904028812453,J49EeAYwl,6530701226,果粉11XXX,#川普和蓬佩奥是条狗#特朗普政府太可恶了，蓬佩奥也是个卑鄙小人，你们的行为必遭天谴与报应，加方也应该立即释放孟晚舟！,,,,川普和蓬佩奥是条狗,0,0,1,2020-05-29 12:59,微博 weibo.com,,,
4509866322268980,J48Fq9wgs,5721376081,台湾傻事,我们对发生在美国纽约抓捕和平抗议者事件表示遗憾；我们呼吁美国切实尊重各人的信仰自由和他们的人权，并与之展开务实对话；人民在不能通过正常渠道表达诉求时，有时不得不求诸暴力；我们对美国人的生存状况表示担忧，压迫各人的情况一再发生将使美国本已糟糕的人权状况进一步恶化。L台湾傻事的微博视频,,,,,192,295,2389,2020-05-29 10:29,微博 weibo.com,,"http://f.video.weibocdn.com/0027J58dgx07DDTWhIBF010412007DCV0E010.mp4?label=mp4_ld&template=640x360.25.0&trans_finger=40a32e8439c5409a63ccf853562a60ef&Expires=1592213271&ssig=64sZwqIJ8P&KID=unistore,video",
4509904012503663,J49EdavjF,6151590171,用户6151590171,人太少了，得扩大规模，特朗普喜欢曱甴类型的闹腾,,,,,0,0,0,2020-05-29 12:59,小米5X 拍人更美,,,4509866322268980
4509903878316983,J49DZyTCT,5104289648,股指期货998,燃烧吧，美利坚~美国突发大规模暴动！万人洗劫全城，纵火烧楼，市民当街惨死。🙏昨夜，正处在疫情阴影下的美国，突然发生大规模暴动。成千上万名群众涌上街头，焚毁美国国旗，在全城范围内打砸抢烧，洗劫商场超市，攻破银行珠宝店，暴砸ATM机保险箱，见车烧车，见房烧房。一切起源于，5月25日，美国明尼波利斯市一名白人警察用膝盖七分钟压死一个名叫乔治·弗洛伊德（GeorgeFloyd）的黑人男子。(图18)#特朗普威胁关停社交网站##美国#,,,,"特朗普威胁关停社交网站,美国",184,282,459,2020-05-29 12:58,,"['http://ww4.sinaimg.cn/large/005zr4Uoly1gf98dbqtw3g304y04u4qq.jpg', 'http://ww1.sinaimg.cn/large/005zr4Uoly1gf98dc4d3dj30hs0hst9n.jpg', 'http://ww4.sinaimg.cn/large/005zr4Uoly1gf98dcgy0mj30hs0c6q3c.jpg', 'http://ww4.sinaimg.cn/large/005zr4Uoly1gf98dcsz8vj30hs0buweu.jpg', 'http://ww1.sinaimg.cn/large/005zr4Uoly1gf98dd4s64j30hs0buq3w.jpg', 'http://ww4.sinaimg.cn/large/005zr4Uoly1gf98dfekfng305g09e4qq.jpg', 'http://ww3.sinaimg.cn/large/005zr4Uoly1gf98digmxng30hs07u4qs.jpg', 'http://ww4.sinaimg.cn/large/005zr4Uoly1gf98djymchg30dw07bkjl.jpg', 'http://ww3.sinaimg.cn/large/005zr4Uoly1gf98dk939vj30hs0lxwfc.jpg']",,
4509903865324902,J49DYmlfw,5740621507,六脉神剑来了哦也,美股跌破25000点，美元对人民币跌破7·2元，美国经济面临崩溃的危险。//【史无前例取消年中经济预测特朗普不敢面对事实】O史无前例取消年中经济预测特朗普不敢面对事实,,,,,0,0,0,2020-05-29 12:58,手机新浪网,,,
4509900128308520,J49xWyRqo,1887344341,观察者网,【#特朗普颁行政令修理推特#记者：考虑过删推特账号吗？特朗普：你要不那么假我立马删】28日，特朗普签署行政令，要求限制社交媒体的内容免责待遇。特朗普称是为了“捍卫美国人民的言论自由与权利”。有记者问，“是否考虑过删推特账号？”特朗普回呛道，“你要不那么假，我立马删”，还说“没有什么比删除我的整个推特账号更让我愿意做的了”。L微丢的微博视频,,,,特朗普颁行政令修理推特,98,199,1022,2020-05-29 12:44,微博 weibo.com,,"http://f.video.weibocdn.com/0013rVxPgx07DDZSSTFK0104120069vd0E010.mp4?label=mp4_ld&template=640x360.25.0&trans_finger=40a32e8439c5409a63ccf853562a60ef&Expires=1592213271&ssig=Nsb2O7zS6X&KID=unistore,video",
4509903835816918,J49DVopfg,7121546297,咎治,史上最强投诉平台博主，叫你整我号，我用行政令直接制裁你,,,,,0,0,0,2020-05-29 12:58,小米9 透明尊享版,,,4509900128308520
4509666254626743,J43sJjpCT,6060307497,观视频工作室,【特朗普：我帮你们干掉了华为！美国公司：MMP……】#金融南局#特朗普对华为的穷追猛打还没结束，那么美国对华为或者说对中国高新技术企业的制裁，最终能真的起到遏制的作用吗？唐老师表示，特朗普这是根本没意识到，在当下的全球产业链结构下，华为这样的公司就像一个“器官”，它不仅给中国供血，也在给美国供血；打压华为，等于是在美国自己身体上摘掉器官。特朗普这还以为美国那些科技企业会感谢他……L观视频工作室的微博视频,,,,金融南局,986,367,2497,2020-05-28 21:14,微博 weibo.com,,"http://f.video.weibocdn.com/002Bp09kgx07DDaOYyDB01041201lFRg0E010.mp4?label=mp4_ld&template=640x360.25.0&trans_finger=40a32e8439c5409a63ccf853562a60ef&Expires=1592213271&ssig=pB3P6a3176&KID=unistore,video",
4509903815403915,J49DTmFNV,5286067462,娃娃的机器人,逆全球化罗//@观视频工作室:大师兄是这么打比方的：美国的芯片等企业，就像是整个产业链里的“心脏”，它当然很重要很核心，而华为就像是这套系统上的“肾脏”这种器官。现在特朗普对“心脏”说，我帮你把肾给摘了，它消耗葡萄糖和氧气，现在都归你了，你很高兴吧。这美国的“心脏”企业能不暗地里骂娘,,,观视频工作室,,0,0,0,2020-05-29 12:58,iPhone客户端,,,4509666254626743
4509903806366260,J49DSqI9C,2679640431,深圳-0755,转发微博,,,,,0,0,0,2020-05-29 12:58,Android,,,4509900128308520
4509134085530187,J3PConcEz,6049590367,局座召忠,#紧急动员#张召忠说182：特朗普着急复工却把经济拖垮了！全球抗疫的大考中，美国无所作为，坐失良机。而中国率先冲出困境，稳步复工复产，经此一战“中国经验”将载入世界史册。L局座召忠的微博视频,,,,紧急动员,374,776,5161,2020-05-27 10:00,军事 · 视频社区,,"http://f.video.weibocdn.com/FOFxpSSFlx07Dzy8hlgA01041203PrDb0E020.mp4?label=mp4_ld&template=640x360.25.0&trans_finger=bdef57f06ae52835a2c783ca389e8517&Expires=1592213271&ssig=3TIdszVHOA&KID=unistore,video",
4509903777227788,J49DPukhe,1770309935,丁呀丁云,转发微博,,,,,0,0,0,2020-05-29 12:58,Redmi K30 全速热爱,,,4509134085530187
4509876397176003,J48VFu6NZ,1896820725,天津股侠,目前，没敢上仓位的主要原因就是怕周末出幺蛾子消息。看看再说！,,,,,29,67,2516,2020-05-29 11:09,微博 weibo.com,,,
4509903756702119,J49DNs7wH,5990812300,侠家军-广济牛,//@天津股侠:回复@我不是韭菜88:就是担心这个//@我不是韭菜88:特朗普：将在周五新闻发布会上宣布针对中国的行动,,,"天津股侠,我不是韭菜88",,0,0,0,2020-05-29 12:58,HUAWEI Mate 10 Pro,,,4509876397176003
4509903748281711,J49DMyKrZ,1280581912,熊人的那些事_G1级,特朗普政府镇压争取“民主自由”的美国人民！L孤烟暮蝉的微博视频,,,,,0,0,6,2020-05-29 12:58,iPhone X,,"http://f.video.weibocdn.com/002zB79Pgx07DE41L0Un010412002blp0E010.mp4?label=mp4_ld&template=640x360.25.0&trans_finger=40a32e8439c5409a63ccf853562a60ef&Expires=1592213271&ssig=icBsLIQW8e&KID=unistore,video",
4509903744068101,J49DMh4ix,7041662055,FydtyydyistdhjycuE,md人才笑死我了特朗普是最近的快乐源泉LFydtyydyistdhjycuE的微博视频,,,,,0,0,0,2020-05-29 12:58,iPhone客户端,,"http://f.video.weibocdn.com/003UmIUZgx07DE49orIH01041200cVhb0E010.mp4?label=mp4_ld&template=360x640.24.0&trans_finger=81b11b8c5ffb62d33ceb3244bdd17e7b&Expires=1592213271&ssig=xjdanDBv99&KID=unistore,video",
4509692891993791,J449H8mFV,7209866866,焦点微记录,焦点坊谈特朗普：没人比我更懂握手系列#拜登悼念美新冠死亡人数超10万#L焦点微记录的微博视频,,,,拜登悼念美新冠死亡人数超10万,5540,1066,25050,2020-05-28 23:00,焦点坊谈超话,,"http://f.video.weibocdn.com/e6FUrKoYlx07DD8C2HU401041200j9uQ0E010.mp4?label=mp4_ld&template=640x360.25.0&trans_finger=40a32e8439c5409a63ccf853562a60ef&Expires=1592213271&ssig=x8kS7EeBXj&KID=unistore,video",
4509903664951243,J49DEkM2L,3121734200,夏天的山羊,转发微博,,,,,0,0,0,2020-05-29 12:58,iPhone客户端,,,4509692891993791
4509903652334628,J49DD9Nli,1847123567,香港商報網,【被问真的想关闭推特公司？特朗普：如果我们不再使用推特，将会重创它！】当地时间5月28日，美国总统特朗普在白宫椭圆形办公室接受记者采访。表示“如果可以合法地将推特关闭，我会做的”。特朗普称，“我要找律师谈谈，要经过法律程序。如果可以合法地关闭，我会做的。我想如果我们不再使用（推特），将会重创它。我们还有别的网站可以用，或者我们还可以建别的网站。”L环视频的微博视频,,,,,19,35,74,2020-05-29 12:58,微博 weibo.com,,"http://f.video.weibocdn.com/CwtVt3rnlx07DDOpwn4Y010412006qct0E010.mp4?label=mp4_ld&template=640x360.25.0&trans_finger=40a32e8439c5409a63ccf853562a60ef&Expires=1592213271&ssig=6ayxdN4qbP&KID=unistore,video",
4509903646992599,J49DCtl5R,5732258490,股市股道,【过半美国受访者不满政府疫情应对】路透社和益普索集团27日发布联合民调显示，53%的受访者不支持美国总统特朗普应对新冠疫情的方式，约41%的人支持。就特朗普的执政表现，约41%受访者支持，54%不支持。美国约翰斯·霍普金斯大学的疫情汇总数据显示，截至北京时间28日6时32分，美国确诊1697459例，死亡100271例。（新华网）#医疗资讯##美国经济##美国疫情#,,,,"医疗资讯,美国经济,美国疫情",7,0,5,2020-05-29 12:58,搜狗高速浏览器,['http://ww1.sinaimg.cn/large/006fVYi6gy1gf98d43d46j30j60cwgwr.jpg'],,
4509903614182207,J49DzhxYX,1974859301,他们叫我周博士,转发微博,,,,,0,0,0,2020-05-29 12:57,努比亚Z17 无边双摄,,,
4509903605765135,J49DyobM3,1497940760,卖枕头的小伙,转发微博,,,,,0,0,0,2020-05-29 12:57,荣耀10 AI变色更潮美,,,4509900128308520
4509889026150640,J49g2pO3S,1669898875,雨夜小西月月,流利说阅读#流利说阅读打卡#今天的文章讲述的是美国总统特朗普抗疫不力，可是为什么没有人要求他辞职，文章分了两个观点来阐述这背后的原因，听完真的为美国人民感到愤恨但又无助，同一个世界，同一个梦想，希望此次疫情早日结束！,,,,流利说阅读打卡,0,0,0,2020-05-29 11:59,流利说阅读超话,['http://ww1.sinaimg.cn/large/6388a27bly1gf96pmf2cjj20u01uodvw.jpg'],,
4509888979474934,J49fXDKRw,5652638763,灵州司空,28日晚，特朗普正式签署了一项针对社交媒体的行政令。据总统办公室消息，特朗普称此举是“在言论自由处于美国历史上的危险时刻，捍卫这项自由”。而在此前，推特平台曾将特朗普发布的推文标注为“待核实信息”，质疑其内容的真实性。,,,,,0,0,0,2020-05-29 11:59,华为手机,['http://ww3.sinaimg.cn/large/006axTyXgy1gf96pdipbkj30o50bhq8y.jpg'],,
4509888946080580,J49fUpvPS,1670281043,搬砖二师兄,#特朗普威胁关停社交网站#管不了你们就让你们闭嘴,,,,特朗普威胁关停社交网站,0,0,0,2020-05-29 11:59,iPhone客户端,,,
4509888916770363,J49fRsphp,1304923381,百花妙算,特朗普：要是有公正的报道，我会立马注销推特账号！O特朗普：要是有公正的报道，我会立马注销推特账号！,,,,,0,0,0,2020-05-29 11:59,分享按钮,,,
4509888841177718,J49fK4Wns,5814158408,华舆News,特朗普政府拟发每周450美元复工奖金，鼓励重返工作岗位O网页链接#特朗普##疫情之下的美国#,,,,疫情之下的美国,0,0,0,2020-05-29 11:59,360安全浏览器,"['http://ww3.sinaimg.cn/large/006ltCcwly1gf96oflbwhj30go0a17c6.jpg', 'http://ww3.sinaimg.cn/large/006ltCcwly1gf96oi86i9j30ao0aojrw.jpg']",,
4509842713134300,J483ld9ne,7360594450,海客新闻,【考虑过删推特账号吗？特朗普回呛记者：你要不是假货我早删了】当地时间28日，特朗普签署行政令“修理”社交媒体。有记者询问他有没有考虑过删除推特账号，特朗普回呛记者称“如果你不是假货，我会立刻删掉”，记者抗议回称“我是真的”，特朗普随后表示鉴于社交媒体给他带来了巨大影响力，他无力放弃这些账户，因为需要借此驳斥所有假新闻，“如果这个国家有一个公正的媒体，我会毫不犹豫删除账号”。L海客新闻的秒拍视频,,,,,71,14,15,2020-05-29 08:55,搜狗高速浏览器,,"http://miaopai.video.weibocdn.com/7QgPL0Melx07DDNwpVCU0104120062Oc0E013.mp4?label=mp4_ld&template=640x360.25.0&trans_finger=40a32e8439c5409a63ccf853562a60ef&Expires=1592213280&ssig=1fmRbzC2k5&KID=unistore,video",
4509888829615576,J49fIElrW,7459454562,jiqiao5670,//@人民日报海外版-海外网:考虑过删推特账号吗？特朗普回呛记者：你要不是假货我早删了,,,人民日报海外版-海外网,,0,0,0,2020-05-29 11:59,小米手机4,,,4509842713134300
4509876946966267,J48Wytef9,1499104401,新浪军事,#暴力抗议后的明尼阿波利斯#↓↓不知在佩洛西女士看来，这是不是一道美丽的风景线#美国明尼阿波利斯市进入紧急状态#L新浪军事的微博视频,,,,"暴力抗议后的明尼阿波利斯,美国明尼阿波利斯市进入紧急状态",90,155,605,2020-05-29 11:11,微博视频,,"http://f.video.weibocdn.com/VcWSjjdclx07DDWQ5FuM01041200pzzX0E010.mp4?label=mp4_ld&template=360x640.24.0&trans_finger=81b11b8c5ffb62d33ceb3244bdd17e7b&Expires=1592213280&ssig=JSpmpL0bEh&KID=unistore,video",
4509888795264077,J49fFm5qt,1909604473,S五哥,特朗普总可能会说：没关系，反正死的不是白人！,,,,,0,0,0,2020-05-29 11:59,微博 weibo.com,,,4509876946966267
4509873960524553,J48RK2csx,5044281310,澎湃新闻,【总统发帖受审查，#特朗普签署行政令监管社交媒体#】当地时间5月28日，特朗普签署针对社交媒体公司的行政令，旨在限制推特、脸书等公司内容免责待遇。特朗普指责推特对其推文添加事实核查提醒标签是“政治行动主义”。（视频来源：APCNN）O总统发帖受审查，特朗普下令监管社交媒体L澎湃新闻的微博视频,,,,特朗普签署行政令监管社交媒体,66,101,237,2020-05-29 11:00,微博 weibo.com,,"http://f.video.weibocdn.com/001ohtMugx07DDVuoHhS010412008onS0E010.mp4?label=mp4_ld&template=640x360.25.0&trans_finger=bdef57f06ae52835a2c783ca389e8517&Expires=1592213280&ssig=yuOWtCQJM5&KID=unistore,video",
4509888795264625,J49fFm5zj,1403119555,杨国营价值投资,一国总统天天在推特胡喷扰乱全世界。,,,,,0,0,0,2020-05-29 11:59,HUAWEI nova 3i,,,4509873960524553
4509888795949279,J49fFoXG7,2354489911,意志战车vac,张召忠说182：特朗普着急复工却把经济拖垮了！看超级大国如何一步步走向衰亡~#哔哩哔哩动画#O张召忠说182：特朗普着急复工却把经济拖垮了！看超级大国如何一步步走向衰亡~,,,,哔哩哔哩动画,0,0,0,2020-05-29 11:59,哔哩哔哩,,,
4509888795952122,J49fFoYpY,1913957822,大卫独舞,可笑至极！特朗普又在虚张声势，妄想干预中国内政华为保卫战刚打响不久，香港反击战近日又拉开了序幕，特朗普凭借着自己手里有张取消香港独立关税地位的“王牌”，就不停得对中国香港进行政治干预，妄想实现他成功打压中国的美梦，真是痴心妄想。谈，敞开胸怀，打，奉陪到底！面对美国的各种无耻行径，中国一步步退让，但美国却步步紧逼，一再挑战中国底线，我们不惹事但我们也不怕事。事实是中国掌握着对香港的控制权，即使是特朗普打出自认为的那张“王牌”，对香港的影响也是有限的。美国一直扮演着粗暴干涉别国内政的政治流氓，香港局势怎么走，这座城市如何续写繁荣，都将由香港人民在国家的帮助下独立塑造。制定颁布“港区国家安全法”，是港人的心愿，也是促进高度自治、稳定繁荣的法律保障，有14亿人做强力后盾的香港不能乱、不容乱、不会乱！特朗普还是控制好自己国家的疫情和暴动吧，中国人自己的事儿，不需要你在这儿指手画脚!#中美“香港战役”已打响##港府凌晨向美方发出警告#,,,,"中美“香港战役”已打响,港府凌晨向美方发出警告",0,0,3,2020-05-29 11:59,移动智观察超话,"['http://ww2.sinaimg.cn/large/7214adbegy1gf96ojx6pwj20dw0a2aab.jpg', 'http://ww2.sinaimg.cn/large/7214adbegy1gf96nq63v5j20d20d2aae.jpg', 'http://ww2.sinaimg.cn/large/7214adbegy1gf96nn9udfj20hs0amjs2.jpg']",,
4509888762562918,J49fCaKJo,5594165638,战略安全与军控在线,【被推特“整治”两天后，特朗普签署行政令报复社交媒体】#特朗普签署行政令修理推特#当地时间5月28日下午，特朗普在白宫签署了一份行政令，寻求限制联邦法律对社交媒体平台提供的广泛法律保护，以削弱社交媒体公司的影响力。在签署行政令前，特朗普在白宫椭圆形办公室发表讲话称，此举是为了“捍卫言论自由，使其免遭美国历史上最严重的危险之一”。他口中的“最严重危险”所指便是社交媒体。他声称：“一小部分社交媒体垄断企业控制了美国公共和私人通信。他们拥有不受约束的权力，可以审查、限制、编辑、塑造、隐藏、修改几乎任何形式的普通公民与广大公众之间的交流。”美国左右两派的法律专家都对这项提案表示严重关切。他们认为，这可能会违反宪法。http://t.cn/A62iQCBU@@观察者网,,,观察者网,特朗普签署行政令修理推特,32,48,211,2020-05-29 11:58,HUAWEI P20 Pro,"['http://ww3.sinaimg.cn/large/0066Ay22ly1gf96obvwcij30gc0ay0tu.jpg', 'http://ww1.sinaimg.cn/large/0066Ay22ly1gf96occdn2j30u01qc44z.jpg']",,
4509834030396946,J47Pl1Fgm,1974576991,环球时报,【收拾社交媒体，特朗普正式签署“社交媒体监管令”】当地时间28日晚，特朗普正式签署了一项针对社交媒体的行政令。据总统办公室消息，特朗普称此举是“在言论自由处于美国历史上的危险时刻，捍卫这项自由”。而在此前，推特平台曾将特朗普发布的推文标注为“待核实信息”，质疑其内容的真实性。,,,,,267,391,2106,2020-05-29 08:21,微博 weibo.com,['http://ww2.sinaimg.cn/large/75b1a75fly1gf90e8g2ikj20rs0rs76s.jpg'],,
4509888728779165,J49fyAPRr,6556220409,久伴飞飞,【收拾社交媒体，特朗普正式签署“社交媒体监管令”】当地时间28日晚，特朗普正式签署了一项针对社交媒体的行政令。据总统办公室消息，特朗普称此举是“在言论自由处于美国历史上的危险时刻，捍卫这项自由”。而在此前，推特平台曾将特朗普发布的推文标注为“待核实信息”质疑其内容的真实性,,,,,0,0,0,2020-05-29 11:58,微博 weibo.com,,,4509834030396946
4509888695494036,J49fvn3fu,2181597154,俄罗斯卫星通讯社,【中印边境争端无需美国调解】美国总统特朗普写道，美国准备、愿意且有能力在中印剑拔弩张的边境争端中担任调解员或仲裁员。俄罗斯科学院世界经济和国际关系研究所专家阿列克谢·库普里亚诺夫接受俄罗斯卫星通讯社采访时表示，但是中印双方都不需要美国的调解，美国在此问题上是多余的。O中印边境争端无需美国调解,,,,,12,10,49,2020-05-29 11:58,微博 weibo.com,['http://ww2.sinaimg.cn/large/820887e2gy1gf96o9hf6wj20rs0f1whl.jpg'],,
4509888673866087,J49ftgdKf,5814158408,华舆News,黑人遭警察跪压致死震动美国，特朗普表态“尽快调查”O网页链接#疫情之下的美国##特朗普#,,,,疫情之下的美国,0,0,0,2020-05-29 11:58,360安全浏览器,"['http://ww3.sinaimg.cn/large/006ltCcwly1gf96nt8u9qj30dr07rtcf.jpg', 'http://ww3.sinaimg.cn/large/006ltCcwly1gf96nwxhp0j30go0ap7en.jpg', 'http://ww3.sinaimg.cn/large/006ltCcwly1gf96nzgmi9j30ao0aojrw.jpg']",,
4509888564284463,J49fihYAf,1944375784,大象军事,特朗普指责Twitter充当了“有立场”的编辑，称该平台对其推文的事实核查警示是“政治行动主义”。他说，如果他觉得新闻媒体对自己公平，他会“立刻”删除其Twitter账户。关于大型社交媒体平台应如何处理有政治色彩内容的争执一直十分激烈，特朗普此举令争执进一步升级。——说实话，推特相当偏，港独台独分子怎么谩骂没事，我们只要一针对他们反击就会被莫名地封号；但在这件事上，推特动到了懂王至爱的推特帐号上，相当于太岁头上动土了，不整你整谁？！也只有动到了他，也才会被搞，否则推特似乎永远都是这样坚持下去搞双标的。难得一次表明自己不是双标，可惜对象找错了，本来封几万个亲中帐号都没事，现在搞一个懂王就吃不了兜着走了。不过，懂王寻求限制联邦法律目前对社交媒体和其他在线平台提供的广泛法律保护，此举预计会立即招致法庭挑战。注：特朗普签署行政令之前，Twitter本周二首次采取行动，对特朗普发布的有关选民欺诈的推文添加了事实核查提醒标签。#特朗普推文被推特标记为事实有误信息#,,,,特朗普推文被推特标记为事实有误信息,3,2,3,2020-05-29 11:58,360安全浏览器,['http://ww2.sinaimg.cn/large/73e4d1e8gy1gf96njn0w7j20iw0angmc.jpg'],,
4509888531935498,J49ff87vI,3194566383,当年月缘,特朗普“毛遂自荐”调解中印争端，印度：已与中国接触，将和平解决问题L当年月缘的微博视频,,,,,1,0,0,2020-05-29 11:57,HUAWEI P30 Pro,,"http://f.video.weibocdn.com/yFWyfsxglx07DE003tc4010412001sy70E010.mp4?label=mp4_ld&template=360x640.24.0&trans_finger=81b11b8c5ffb62d33ceb3244bdd17e7b&Expires=1592213280&ssig=Kgn6COzksp&KID=unistore,video",
4509888396500526,J49f1rh5c,2845988703,BTC庄见愁,比特币【#特朗普威胁关停推特#！公司超90亿市值瞬间蒸发】周三，美股推特跌幅扩大至近5%。市值蒸发超13亿美元，折合超90亿元。在美国社交媒体巨头推特首次对特朗普出手——给他的两条推文贴上有关“事实核查”标签后，特朗普27日一大早就发推威胁：要严格监管或直接关闭这些社交媒体平台。,,,,特朗普威胁关停推特,0,0,0,2020-05-29 11:57,微博 weibo.com,,,
4509888393640740,J49f1fh7C,3714420514,股市狼头哥,#特朗普国安法#特朗普周五将就中国问题召开新闻发布会（美国东部时间29日，北京时间30日），估计就是回应我们通过的“XG国安法”以及对华为的最新举措！,,,,特朗普国安法,2,8,61,2020-05-29 11:57,牛市翻十倍Android,['http://ww2.sinaimg.cn/large/dd658f22ly1gf96n0l6c7j20u00k0wgh.jpg'],,
4509839981662041,J47YW6Yn7,6498373231,凤凰王又又,白宫发言人KayleighMcEnany：非裔美国人GeorgeFloyd的死是“可怕的悲剧”，特朗普敦促联邦调查局加快对他死亡的调查。5月25日在明尼苏达州明尼阿波利斯PowderhornPark，非裔美国人GeorgeFloyd被白人警察DerekChauvin逮捕，Chauvin单膝跪在Floyd脖颈处超7分钟，最终导致Floyd死亡。一名旁观者用手机录下了一段视频，在社交媒体上广泛传播。第二天，四名涉事警察被解雇。L凤凰王又又的微博视频,,,,,58,142,338,2020-05-29 08:45,微博 weibo.com,,"http://f.video.weibocdn.com/OEZDm8aZlx07DDCh2DCU01041200g9dm0E010.mp4?label=mp4_ld&template=640x360.25.0&trans_finger=40a32e8439c5409a63ccf853562a60ef&Expires=1592213280&ssig=vpX9KNC78B&KID=unistore,video",
4509888389067676,J49f0C2UQ,2026879001,SeattleEverett,转发微博,,,,,0,0,0,2020-05-29 11:57,微博 HTML5 版,,,4509839981662041
