﻿id,bid,user_id,用户昵称,微博正文,头条文章url,发布位置,艾特用户,话题,转发数,评论数,点赞数,发布时间,发布工具,微博图片url,微博视频url,retweet_id
4506461344752514,J2I5wjWls,3869068935,恩特福瓦,赣州有房#今日房源推荐·赣州#美国总统特朗普：我们应当终止从其他国家进口肉牛的贸易协议，并将注意力转向救助那些遭受新冠肺炎流行病冲击的美国农民。,,赣州,,今日房源推荐·赣州,0,0,0,2020-05-20 00:59,赣州有房超话,,,
4506211325821640,J2BAgoqtq,3912468185,张泰苏,黄亚生此文说得很准确：中国抗疫的成功之处在于资源的有效调动、信息的有效共享、以及政令的有效执行。这些并非威权政治的特产，甚至与威权政治毫无关联，而是任何良性的行政体制都能提供的基础功能，无论其政体是威权还是民主。世界上不乏抗疫同样成功的民主国家，只不过在特朗普任内，美国无法位列其中而已。,,,,,280,38,358,2020-05-19 08:26,iPad Pro,"['http://ww1.sinaimg.cn/large/e93386d9gy1gexgadwxo8j21ac1ucnpd.jpg', 'http://ww1.sinaimg.cn/large/e93386d9gy1gexga9jnnwj21ac1uckjl.jpg', 'http://ww2.sinaimg.cn/large/e93386d9gy1gexgaicy6pj21ac1ucnpd.jpg', 'http://ww3.sinaimg.cn/large/e93386d9gy1gexgant5n2j21ac1ucnpd.jpg', 'http://ww1.sinaimg.cn/large/e93386d9gy1gexgaveksxj21ac1uckjl.jpg', 'http://ww4.sinaimg.cn/large/e93386d9gy1gexgb3di5uj21ac1ucnpd.jpg', 'http://ww3.sinaimg.cn/large/e93386d9gy1gexgba2ckmj21ac1uckjl.jpg', 'http://ww3.sinaimg.cn/large/e93386d9gy1gexgbh32m4j21ac1ucnpd.jpg', 'http://ww1.sinaimg.cn/large/e93386d9gy1gexgbo85ivj21ac1uckjl.jpg']",,
4506461339821972,J2I5vFd8U,2116031650,胡无咎,//@南郭刘勃://@于帅洋琢玉郎:当然不同意这样的看法，把问题都归咎于特朗普，这会让我们看不到“防疫”这个复杂任务，需要的是能够解决复杂任务的治理体系。它可以不只是专制和民主的区别，但一定和政府的部分、央地组成模式等相关，也和政府对不同信息的感知、响应和反应取舍与能力相关。,,,"南郭刘勃,于帅洋琢玉郎",,0,0,0,2020-05-20 00:59,360安全浏览器,,,4506211325821640
4506461118540167,J2I59zPGD,6183821497,戏说鬼故事,#恐怖电影##电影推荐#《企业之魔》小伙吃下神奇药片，发现世界早已被怪物统治，特朗普竟只是傀儡！L戏说鬼故事的微博视频,,,,"恐怖电影,电影推荐",13,2,21,2020-05-20 00:58,恐怖电影超话,,"http://f.video.weibocdn.com/Gv9j7qGslx07DoBsSlPG01041200qLOK0E010.mp4?label=mp4_ld&template=640x360.25.0&trans_finger=40a32e8439c5409a63ccf853562a60ef&Expires=1592212507&ssig=WEA2Zw1ETI&KID=unistore,video",
4506373532209014,J2FNT9gFg,6393647632,英伦投资客-chris,因消毒剂言论引发争议后，特朗普昨天建议的新冠预防方法，又一次引爆了全球媒体。5月18日，特朗普在发布会上称自己在过去一周半的时间里，每天都在服用羟氯喹，以作为新冠的预防措施，而他自己“到目前为止，一切正常。”该言论一出，英媒BBC今天便在首页发文称，羟氯喹的作用尚未得到完全证实，目前英国方面仍正在进行相关药物试验。#特朗普#L英伦投资客-chris的微博视频,,,,,11,73,68,2020-05-19 19:10,微博视频,,"http://f.video.weibocdn.com/003IhYo3gx07DowO18De010412006F2V0E010.mp4?label=mp4_ld&template=360x640.24.0&trans_finger=81b11b8c5ffb62d33ceb3244bdd17e7b&Expires=1592212507&ssig=kxRh7QaK4R&KID=unistore,video",
4506461042221949,J2I529k1T,1937510677,三十六stratagems,转发微博,,,,,0,0,0,2020-05-20 00:58,iPhone客户端,,,4506373532209014
4506438066017902,J2HtYpfwW,3173633817,CGTN,"【柳叶刀发声明否认特朗普指控：去年12月没发表过新冠相关论文】特朗普在写给世卫组织的信中，指责其忽视了自12月起便刊登在《柳叶刀》等学术期刊上的相关疫情报告。《柳叶刀》发声明否认12月刊发过任何新冠相关论文，并指出：特朗普罔顾事实的指控严重伤害了全球共同对抗新冠疫情的努力。TheLancet,oneoftheworld'sleadingmedicaljournals,hasrejectedU.S.PresidentDonaldTrump'svirusreportallegation.InhislettertoWHODirector-GeneralDr.TedrosAdhanomGhebreyesus,TrumpaccusedtheWHOofignoring""crediblereportsofthevirusspreadinginWuhaninearlyDecember2019,""citingtheLancetasasourceofsuchreports.Thejournalsaidinastatementtoday:""TheLancetpublishednoreportinDecember2019,referringtoavirusor(an)outbreakinWuhanoranywhereelseinChina,""readthestatement.LCGTN的微博视频",,,,,112,62,422,2020-05-19 23:27,微博 weibo.com,,"http://f.video.weibocdn.com/ZGo7fQYVlx07DoMU9UM8010412009oVi0E010.mp4?label=mp4_ld&template=640x360.25.0&trans_finger=40a32e8439c5409a63ccf853562a60ef&Expires=1592212507&ssig=MpJ6iuS0f6&KID=unistore,video",
4506460967250455,J2I4UuqaP,1683649154,海先生RC,特不靠谱一本正经的胡说八道，关键就是选票还蹭蹭的往上涨，灯塔国精分严重啊！,,,,,0,0,0,2020-05-20 00:58,iPhone,,,4506438066017902
4506312584769668,J2EdAk0O8,1887344341,观察者网,【特朗普：发展中国家好处那么多，我也想让美国当发展中国家】18日，特朗普再次抱怨起世卫组织和世贸组织对美国的“不公待遇”。他又老调重弹，说中国作为一个发展中国家得到了很多美国没有的好处，接着竟然说“那我也想让美国成为发展中国家”。网友：再让他干四年，我们能当个发展中国家就谢天谢地了……L微丢的微博视频,,,,,940,1481,11914,2020-05-19 15:08,微博 weibo.com,,"http://f.video.weibocdn.com/001qqQlFgx07DofdLFmE010412006RbG0E010.mp4?label=mp4_ld&template=640x360.25.0&trans_finger=647b8232579b0b23561398fc756ef4ae&Expires=1592212507&ssig=S2BJLLTRVv&KID=unistore,video",
4506460958850780,J2I4TB8uw,7455598351,踏郴雌縣梢拖,转发微博,,,,,0,0,0,2020-05-20 00:58,小米手机4,,,4506312584769668
4506460837212378,J2I4HuggG,7455418287,我们的网络生活2020,#特朗普威胁永久冻结世卫组织资金#L我们的网络生活2020的微博视频,,,,,0,0,0,2020-05-20 00:57,Android,,"http://f.video.weibocdn.com/000WbQUrgx07DoUD1XM3010412000xNP0E010.mp4?label=mp4_ld&template=640x360.25.0&trans_finger=647b8232579b0b23561398fc756ef4ae&Expires=1592212507&ssig=spDvRwg5pv&KID=unistore,video",
4506177423313768,J2AHAdU3S,1784473157,中国新闻网,【#美国新冠肺炎确诊病例超过150万#】#关注新冠肺炎#美国约翰斯·霍普金斯大学18日发布的新冠疫情最新统计数据显示，美国累计确诊病例超过150万例。#美国新冠感染病例超过150万#@中新视频L中新视频的秒拍视频,,,中新视频,"美国新冠肺炎确诊病例超过150万,关注新冠肺炎,美国新冠感染病例超过150万",87,230,1454,2020-05-19 06:11,360安全浏览器,,"http://miaopai.video.weibocdn.com/cFqkBEMWlx07DnOOkRV6010412001IUa0E013.mp4?label=mp4_ld&template=640x360.25.0&trans_finger=40a32e8439c5409a63ccf853562a60ef&Expires=1592212507&ssig=jPz59IZghu&KID=unistore,video",
4506460803209472,J2I4EdsVG,7035721180,一帆凤,//@52蓝小调吖:百般乐器，唢呐为王，不是升天，就是拜堂，千年琵琶，万年筝，一把二胡拉一生。唢呐以响全剧终，曲一响，布一盖，美国老小等上菜，走的走，抬的抬，后面跟着一片白。棺一抬，土一埋，特朗普笑起来,,,52蓝小调吖,,0,0,0,2020-05-20 00:57,vivo智能手机,,,4506177423313768
4506460636159218,J2I4npQie,1734759344,panyvtao,转发微博,,,,,0,0,0,2020-05-20 00:56,HUAWEI Mate 9,,,4506438066017902
4506306658390455,J2E41zcJV,5899701364,资讯智库,#特朗普威胁称永久断供世卫组织#据环球网报道，当地时间5月18日，特朗普在推特上分享了一封写给世界卫生组织总干事谭德塞的信，他在信中表示，如果世卫组织“不能承诺在未来30天内作出重大实质性改善，我将永久冻结美国向世卫提供的资金，并重新考虑美国在该组织的成员身份”。此前，特朗普曾多次公开指责世卫组织，称“他们有很多事情做错了”。L鲸视频v的微博视频,,,,特朗普威胁称永久断供世卫组织,410,250,692,2020-05-19 14:44,微博 weibo.com,,"http://f.video.weibocdn.com/001NtSOjgx07Do8hi3nq010412004fml0E010.mp4?label=mp4_ld&template=640x360.25.0&trans_finger=bdef57f06ae52835a2c783ca389e8517&Expires=1592212507&ssig=eERBx75ify&KID=unistore,video",
4506460472309146,J2I479GIi,6857405392,翦影丷,转发微博,,,,,0,0,0,2020-05-20 00:56,iPhone客户端,,,4506306658390455
4506194829400739,J2B9EDryP,1887344341,观察者网,【#美国确诊病例逾150万例#】根据约翰斯·霍普金斯大学的最新数据统计，截至美东时间5月18日16时24分，美国新冠肺炎死亡病例已经超过9万例，为90312例；确诊病例超过150万例，为1500753例。5月18日，@美国驻华大使馆在其官方微博公布了美国“举全国之力”应对新冠肺炎的一些数据。截至5月15日，美国的新冠肺炎样本检测数达950万、用于紧急防护的资金59亿美元、发放的医疗物资等信息。网友对此评论：全国之力才检测了950万样本就有150万确诊，你们美国这确诊率真是太高了吧？,,,美国驻华大使馆,美国确诊病例逾150万例,104,198,1191,2020-05-19 07:20,专业版微博,"['http://ww2.sinaimg.cn/large/707e96d5gy1gexedq4he9j20dw0e6gms.jpg', 'http://ww1.sinaimg.cn/large/707e96d5gy1gexedrzmpkj20dw0aq0th.jpg', 'http://ww2.sinaimg.cn/large/707e96d5gy1gexedurbbzj20dw03g3yn.jpg', 'http://ww3.sinaimg.cn/large/707e96d5gy1gexedwnnmaj20k10d5jt7.jpg']",,
4506460270166048,J2I3N0Hcc,1679716010,邕江布衣,//@自然的张侃:从美国官方公布数据看，感染了15%，与英国研究的结果基本一致。也就是说，美国现有患者约有4500万，如果其中20%需要到医院，就是900万。病死率10%，就是90万。难怪特朗普说死10万人就是很大成功。问题是，并不是死10万就自动停止了。美国的要害是要降低病死率！,,,自然的张侃,,0,0,0,2020-05-20 00:55,HUAWEI P20,,,4506194829400739
4506460011496644,J2I3n6hlq,6343601866,用户6343601866,发布了头条文章：《被特朗普一骂再骂以后，奥巴马终于忍不住了，决定参与大选》O被特朗普一骂再骂以后，奥巴马终于忍不住了，决定参与大选,http://t.cn/A62znAVQ,,,,0,0,0,2020-05-20 00:54,微博 weibo.com,,,
4501334219814603,J0yHXFbe3,6806584514,茯茶镇长Yo,金一南教授解读特朗普其人，局座张召忠也说过：特朗普将成功的将美国带到世界第二！L茯茶镇长Yo的微博视频,,,,,62,5,91,2020-05-05 21:26,iPhone客户端,,"http://f.video.weibocdn.com/gW7xLy2Llx07D2lDWTa001041200plxn0E010.mp4?label=mp4_ld&template=636x360.25.0&trans_finger=40a32e8439c5409a63ccf853562a60ef&Expires=1592212507&ssig=kNgYi2lgxN&KID=unistore,video",
4506459910352634,J2I3d1tJE,5805198169,乾行健CSHUO,转发微博,,,,,0,0,0,2020-05-20 00:53,iPad air,,,4501334219814603
4505713869787060,J2oDUF43O,1036117702,从股置金,奥巴马再批特朗普政府抗疫不力，连假装负责都做不到。让我想到这个视频，奥巴马VS特朗普，太欢乐了，大家看后什么感觉？这是机器人吗？#奥巴马再批特朗普政府#L从股置金的微博视频,,,,奥巴马再批特朗普政府,132,69,842,2020-05-17 23:29,HUAWEI P20 Pro,,"http://f.video.weibocdn.com/003flsJ1gx07DlCN92T6010412001MOp0E010.mp4?label=mp4_ld&template=778x360.25.0&trans_finger=40a32e8439c5409a63ccf853562a60ef&Expires=1592212507&ssig=SlRGyLRSs8&KID=unistore,video",
4506459893089874,J2I3bcXOG,2940679695,超短线趋势为王,转发微博,,,,,0,0,0,2020-05-20 00:53,iPhone客户端,,,4505713869787060
4503722589794274,J1yQaF5Wa,2656274875,央视新闻,【#特朗普崩溃了#遭记者追问特朗普转身走人】11日记者会上，特朗普称“美国所做检测比任何国家都多”。美国CBS记者提问：“美国的病例仍在增加，为什么你却将此视作国际竞赛？”特朗普点名CNN记者提问。CBS记者继续质问特朗普，却被说问题“肮脏”。随后，特朗普又不再允许此前点名的CNN记者提问，记者坚持提问，特朗普走了…（央视记者殷岳）L央视新闻的微博视频,,,,特朗普崩溃了,72120,48725,1696577,2020-05-12 11:36,微博云剪,,"http://f.video.weibocdn.com/SxhhBPCHlx07DcRoRvGM010412005MxF0E010.mp4?label=mp4_ld&template=360x640.24.0&trans_finger=81b11b8c5ffb62d33ceb3244bdd17e7b&Expires=1592212507&ssig=AkBQ63pY7M&KID=unistore,video",
4506459875985782,J2I39p7aS,5850628230,拆柜夫吃鸡,//@宽容公正麦卡锡://@克羅迪厄斯柒世:居然是真人？//@卖萌的喵桑://@森野夕要越来越好:居然是真人//@杰尼龟厨:小黄上网是真情实感的了//@YKYBtao-黄子韬:你为什么要问中国？youMtF？你自己得儿b你还提中国reallyfuckyou了。SB,,,"宽容公正麦卡锡,克羅迪厄斯柒世,卖萌的喵桑,森野夕要越来越好,杰尼龟厨,YKYBtao-黄子韬",,0,0,0,2020-05-20 00:53,vivo X23全息幻彩,,,4503722589794274
4505557915928189,J2kAnoSbX,2702117280,开言英语,【#奥巴马再批特朗普政府#】16日，奥巴马在给美国传统黑人大学毕业生毕业寄语时，再次批评现政府的抗疫不力。他表示，疫情给黑人社区带来了不成比例的影响，凸显了黑人社区长期存在的不平等问题，而这次疫情也让“政府官员知道自己在做什么”的幻想破灭了。L微丢的微博视频,,,,奥巴马再批特朗普政府,3,6,23,2020-05-17 13:09,iPhone SE,,"http://f.video.weibocdn.com/001WsKNRgx07DkIXb0UL010412008Oi30E010.mp4?label=mp4_ld&template=640x360.25.0&trans_finger=40a32e8439c5409a63ccf853562a60ef&Expires=1592212520&ssig=1A4swBECke&KID=unistore,video",
4506808737203579,J2R7PudYL,7299149091,HUGMEING,转发微博,,,,,0,0,0,2020-05-20 23:59,Android,,,4505557915928189
4506808721818148,J2R7O7CYY,6004281123,梨视频,【#特朗普与奥巴马到底有什么矛盾#？盘点#特朗普奥巴马恩仇录#】5月10日，特朗普发推特诉奥巴马犯下了“美国历史上最大的政治犯罪”，起因是奥巴马在与3000多名前助手和前官员的电话会议中指责特朗普应对此次疫情不力。两人的紧张关系早在2016年总统选举时就已经开始了。@时差视频L时差视频的微博视频,,,时差视频,"特朗普与奥巴马到底有什么矛盾,特朗普奥巴马恩仇录",26,52,286,2020-05-20 23:59,微博 weibo.com,,"http://f.video.weibocdn.com/002A9lYpgx07Dq1SRAEg01041200pT7w0E010.mp4?label=mp4_ld&template=360x640.24.0&trans_finger=81b11b8c5ffb62d33ceb3244bdd17e7b&Expires=1592212520&ssig=3cHFngtk20&KID=unistore,video",
4506572699883467,J2KZ7Ft8L,2656274875,央视新闻,【#特朗普称美国确诊数全球第一是荣誉勋章#】当地时间19日，特朗普在白宫表示：“美国新冠确诊病例全球第一是因为我们进行了更多病毒检测。某种角度看这是好事，意味着我们检测工作更好。我将其视为荣誉徽章！”#美国新冠肺炎确诊病例超152万#（央视记者王逢治）L海客新闻的微博视频,,,,"特朗普称美国确诊数全球第一是荣誉勋章,美国新冠肺炎确诊病例超152万",3357,6754,42202,2020-05-20 08:22,微博 weibo.com,,"http://f.video.weibocdn.com/NRfhWM5qlx07DpllqKYw010412005GaL0E010.mp4?label=mp4_ld&template=640x360.25.0&trans_finger=40a32e8439c5409a63ccf853562a60ef&Expires=1592212512&ssig=d%2B6YM99A2a&KID=unistore,video",
4506808620668943,J2R7E2O1p,3753379443,芝麻酱与芝麻糊,啊这…´<_`,,,,,0,0,0,2020-05-20 23:59,微博国际版,,,4506572699883467
4506799086176013,J2QSgpUF7,2310663307,肥唐说,大快人心！《方方日记》英文版开始售卖，遭遇滑铁卢！方方日记卖的不好，为什么让人开心？首先，日记卖的越不好，对中国的舆论影响越小。其次，卖的不好，又可以去掉方方获得诺贝尔奖的妄想。最后，还可以让她少挣点版税，省得发国难财。我总是强调，人可以糊涂，也可能做错事，关键要及时的反思弥补，不让错事的副作用扩大。当方方的日记被西方发表的时候，当国内的舆论指向她的时候，她最需要做的是反思，是如何弥补，而不是和批评她的人对着干，这样做，只能让她越走越远。我也明白，为什么会有一些粉丝支持她。支持她的人都觉得她当初写日记，起到了呼吁的作用。这点我也不否认，虽然她的日记道听途说成分多，但是也会反映疫情之初时的一些救治不足，不能说一点作用也没有，但是后来日记改名并且国外发表就是走向了对不起祖国的岐路。看看仅有的几个外国买家是怎么评论这本日记的：“糟糕的假日记”、“谣言的收集者”、“浪费钱”……方方日记最终遭遇这样的结局，应该得益于我们国家在疫情防控上的强大，你觉得呢？唐戈的肥唐说,,西安·西安曲江国际会展中心,,,1,1,4,2020-05-20 23:21,iPhone 11,"['http://ww2.sinaimg.cn/large/89b9ec8bly1gezbu3ormtj20hs0c40w4.jpg', 'http://ww2.sinaimg.cn/large/89b9ec8bly1gezbu3u2gcj20cy0hsdix.jpg', 'http://ww3.sinaimg.cn/large/89b9ec8bly1gezbu431drj20by0fsdlp.jpg']",,
4506808566668783,J2R7yrYR1,5889067349,尧舜门徒,特朗普家养的一只母狗名字叫方方。,,,,,0,0,0,2020-05-20 23:59,荣耀畅玩8,,,4506799086176013
4506808561703492,J2R7y799G,1784102004,深圳美声雅灯光影音旗舰店,讽刺大统领漫画系列O网页链接#美国疫情##美国新冠肺炎确诊病例超152万##特朗普这回说漏嘴了#,,,,"美国疫情,美国新冠肺炎确诊病例超152万,特朗普这回说漏嘴了",0,0,0,2020-05-20 23:59,360安全浏览器,"['http://ww4.sinaimg.cn/large/6a573c74gy1gezcwxlaz8j20go0e0jt8.jpg', 'http://ww4.sinaimg.cn/large/6a573c74gy1gezcvtujosj20wl0u0n5f.jpg', 'http://ww4.sinaimg.cn/large/6a573c74gy1gezcx6qgf0j20ku15oayt.jpg']",,
4506718439042996,J2OMbBWuM,1887344341,观察者网,【听说特朗普在服“神药”崔娃连说十几个No】19日的《每日秀》节目上，崔娃对特朗普服用羟氯喹的一系列神反应亮了。期间，崔娃表示对特朗普的随行特工感到同情，觉得他们承受了太多本不会面对的困难挑战，比如说一不小心就得防着特朗普吞食一些不该吃的东西。崔娃还做出结论，特朗普说他在服用羟氯喹要么是谎言，要么是在哄骗大众，让他们从美国国内其它丑闻中分心。L微丢的微博视频,,,,,1019,416,6319,2020-05-20 18:01,微博 weibo.com,,"http://f.video.weibocdn.com/003VQWs3gx07Dq2NIpvy01041200dNSJ0E010.mp4?label=mp4_ld&template=640x360.25.0&trans_finger=40a32e8439c5409a63ccf853562a60ef&Expires=1592212520&ssig=Sp5Yh0Sbem&KID=unistore,video",
4506808499320855,J2R7rD6Mn,2273233157,Mindy24,转发微博,,,,,0,0,0,2020-05-20 23:59,iPhone客户端,,,4506718439042996
4506808327153090,J2R7au0Qq,1007470293,威声1985,"高娓娓疫情日记:留学生毕业无法留美,只能回国?反移民议员欲洗脑特朗普削减工签挽救失业率@新浪博客O高娓娓疫情日记:留学生毕业无法留美,只能回国?反移民议员欲洗脑特朗普削减工签挽救失业率",,,新浪博客,,0,0,0,2020-05-20 23:58,新浪博客,,,
4506784189051947,J2QueBYP9,2656274875,央视新闻,【#外交部列举特朗普致谭德塞信件错误#】外交部发言人赵立坚在今天的记者会表示，从国际上的反应不难看出，国际社会对美方这种歪曲事实、自相矛盾、嫁祸于人、甩锅推责、破坏国际抗疫合作的行径普遍不认同。美方这封信罗列的那些谬误，我们已经澄清并驳斥多次了，这里我仅举几个最基本的错误：所谓“台湾方面向世卫组织预警病毒人传人”。事实上，台湾方面12月31日发给世卫组织的电子邮件根本未提及人传人，主要是向世卫组织了解情况。所谓“中方领导人1月21日向谭德塞总干事施压”，这纯属捏造。中方和世卫组织均已发布严正声明，中方领导人同谭德塞总干事1月21日从未通过电话。关于对“世卫组织总干事谬赞中方抗疫透明度、为抗疫树立新标杆”的指责，美方似乎忘了，美国领导人曾多次公开积极评价中方防疫工作。1月25日，特朗普总统发推特称，中国一直在非常努力地遏制新型冠状病毒，美国非常欣赏中方的努力和透明度。3月13日，特朗普总统向记者表示，中方分享的数据有助于美方抗击疫情。美方错误漏洞还有很多，谎言谣言也不止上述，我就不一一列举了。世人的眼睛是雪亮的，这封信的可信度到底有多高，国际社会自有公论。美方应致力于早日战胜病毒，而不是向领导抗疫的国际组织发出“最后通牒”。我们奉劝美方一些政客多反躬自省，停止政治操弄，将精力用在挽救更多生命上。O外交部：美不应向领导抗疫的国际组织发出“最后通牒”（总台央视记者申杨靳丹妮）L央视新闻的微博视频,,,,外交部列举特朗普致谭德塞信件错误,775,524,3922,2020-05-20 22:22,微博云剪,,"http://f.video.weibocdn.com/OH5qDeoQlx07DqkRPQys01041200l8JV0E010.mp4?label=mp4_ld&template=640x360.25.0&trans_finger=40a32e8439c5409a63ccf853562a60ef&Expires=1592212520&ssig=8txM0VAsxo&KID=unistore,video",
4506808318291710,J2R79yN3g,1926500963,Aaron烨琰,转发微博,,,,,0,0,0,2020-05-20 23:58,의식의푸딩iPhone客户端,,,4506784189051947
4505585704352971,J2ljcigpd,1726918143,中国青年报,【#奥巴马再批特朗普政府#：连假装负责都做不到】16日，奥巴马在给美国传统黑人大学毕业生毕业寄语时，再次批评现政府的抗疫不力。他表示，疫情给黑人社区带来了不成比例的影响，凸显了黑人社区长期存在的不平等问题，而这次疫情也让“政府官员知道自己在做什么”的幻想破灭了，“他们甚至连假装负责都做不到”。（@观察者网）L微丢的微博视频,,,观察者网,奥巴马再批特朗普政府,556,453,15926,2020-05-17 15:00,微博 weibo.com,,"http://f.video.weibocdn.com/001WsKNRgx07DkIXb0UL010412008Oi30E010.mp4?label=mp4_ld&template=640x360.25.0&trans_finger=40a32e8439c5409a63ccf853562a60ef&Expires=1592212520&ssig=1A4swBECke&KID=unistore,video",
4506808276729512,J2R75seEw,1752582642,淡紫月,咬罢了,,,,,0,0,1,2020-05-20 23:58,iPhone客户端,,,4505585704352971
4506576055219384,J2L4xlTNC,1662214194,北京人不知道的北京事儿,【#特朗普称美国确诊数全球第一是荣誉勋章#】当地时间19日，特朗普在白宫表示：“美国新冠确诊病例全球第一是因为我们进行了更多病毒检测。某种角度看这是好事，意味着我们检测工作更好。我将其视为荣誉徽章！”#美国新冠肺炎确诊病例超152万#L海客新闻的微博视频,,,,"特朗普称美国确诊数全球第一是荣誉勋章,美国新冠肺炎确诊病例超152万",534,472,1495,2020-05-20 08:35,iPhone客户端,,"http://f.video.weibocdn.com/NRfhWM5qlx07DpllqKYw010412005GaL0E010.mp4?label=mp4_ld&template=640x360.25.0&trans_finger=40a32e8439c5409a63ccf853562a60ef&Expires=1592212512&ssig=d%2B6YM99A2a&KID=unistore,video",
4506808235105727,J2R71lqer,6345346779,杀手应收抛锚Bh,转发微博,,,,,0,0,0,2020-05-20 23:57,iPhone客户端,,,4506576055219384
4506613078509724,J2M2fzHLC,7377933773,钧正平,【钧评：墙都不扶，就服你】当地时间19日，特朗普表示：“美国新冠确诊病例全球第一是因为我们进行了更多病毒检测。某种角度看这是好事，意味着我们检测工作更好。我将其视为荣誉徽章！”丧事非要喜办，哀歌硬要欢唱，把病毒检测当政绩邀功，将自身失职粉饰成“荣誉徽章”。自吹自擂天下无敌，甩锅抹黑数你第一，但生命宝贵，这等“荣誉”还是希望美国少争取一点吧。#特朗普称美国确诊数全球第一是荣誉勋章#L海客新闻的微博视频,,,,特朗普称美国确诊数全球第一是荣誉勋章,168,306,2340,2020-05-20 11:02,HUAWEI Mate30 Pro 5G,,"http://f.video.weibocdn.com/NRfhWM5qlx07DpllqKYw010412005GaL0E010.mp4?label=mp4_ld&template=640x360.25.0&trans_finger=40a32e8439c5409a63ccf853562a60ef&Expires=1592212512&ssig=d%2B6YM99A2a&KID=unistore,video",
4506808222010624,J2R708r3q,6509136291,番茄不是圣女果呀,川建国同志请上座💃,,,,,0,0,0,2020-05-20 23:57,荣耀V10 我AI的快,,,4506613078509724
4506808217526601,J2R6ZvA0N,6457978746,芸鹤先生,【封锁计划彻底失败，美盟友鼎力支持中国5G，根本不给特朗普面子】继德国和法国后，又有一个美盟友将鼎力支持中国华为的5G网络，这个国家就是英国，英国此举根本不给特朗普面子，这也就意味着美国打压中国，封锁华为的计划彻底宣告失败。#芸鹤先生##楠竹一#L楠竹一的微博视频,,,,"芸鹤先生,楠竹一",0,0,0,2020-05-20 23:57,军事 · 视频社区,,"http://f.video.weibocdn.com/lW3zYSD6lx07Dq9B9Jqg01041200wi6s0E010.mp4?label=mp4_ld&template=640x360.25.0&trans_finger=bdef57f06ae52835a2c783ca389e8517&Expires=1592212520&ssig=XbuewvxW3r&KID=unistore,video",
4506808205161500,J2R6YlEK0,1891713360,ran1010,美国确诊超150万例！继建议注射消毒液后，特朗普又给出一个“治疗方案”O美国确诊超150万例！继建议注射消毒液后，特朗普又给出一个“治疗方案”,,,,,0,0,0,2020-05-20 23:57,微博 weibo.com,,,
4506808175692095,J2R6VnSLZ,1189142140,影人老乐,分享网易新闻《胡锡进：奇怪，特朗普自颁“荣誉勋章”，9.1万死亡者家属怎么没声音呢？》O胡锡进：奇怪，特朗普自颁“荣誉勋章”，9.1万死亡者家属怎么没声音呢？来自@网易新闻客户端#网易新闻#,,,网易新闻客户端,网易新闻,0,0,0,2020-05-20 23:57,网易新闻客户端,['http://ww2.sinaimg.cn/large/46e0de7cly1gezcvpzgfuj20u00hmwvi.jpg'],,
4506766224236813,J2Q1ghMbH,1618051664,头条新闻,【狗狗以为主人在睡觉“蹑手蹑脚”走过卧室网友：太懂事了】近日，一位网友发布一个视频让人觉得好笑又心疼，狗狗以为主人在睡觉，于是“蹑手蹑脚”走过卧室。网友：比我室友都懂事。L燃新闻的秒拍视频,,,,,310,291,2419,2020-05-20 21:11,微博 weibo.com,,"http://miaopai.video.weibocdn.com/9GzM3Lqclx07Dq0jRpM4010412003dCI0E013.mp4?label=mp4_ld&template=640x360.25.0&trans_finger=40a32e8439c5409a63ccf853562a60ef&Expires=1592212520&ssig=wLb517m8xx&KID=unistore,video",
4506808170878524,J2R6V3GxK,6537582588,娇艳baffle,#深圳爆料#中国#扫黑除恶#@深圳微博发布厅深圳市府委415两死一伤惨案发生在闹市你们不思过？公安消防失职渎职，给你们市府市委信访办访信不敢回，人民网新浪官微不敢回应，无视党纪国法，作为政府的代言办事机构，你们初心何在？特朗普的政府？@广东检察扫除深圳市府黑恶势力,,,"深圳微博发布厅,广东检察","深圳爆料,扫黑除恶",0,0,0,2020-05-20 23:57,OPPO智能手机,,,4506766224236813
4506795677107039,J2QMLtORF,3173633817,CGTN,【人命关天之事，特朗普也依旧将政治凌驾于科学之上】疫情期间，敢说真话的科学家在美国政府却被解职或边缘化，白宫或许正沦为特朗普个人的政治机器。为什么美国的抗疫表现如此糟糕？或许就因为特朗普政府长久以来将政治凌驾于科学之上的传统。ScientistswhodaretospeakuparebeingremovedormarginalizedintheTrumpadministration.TheWhiteHouseissinkingintoTrump'sownpoliticalmachine.TheanswerwhyAmericahasperformedsopoorlyintheCOVID-19battlemayjustlieinTrumpadministration'slongtraditionofunderminingscientificexpertiseforpoliticalreasons.LCGTN的微博视频,,,,,101,36,246,2020-05-20 23:08,微博 weibo.com,,"http://f.video.weibocdn.com/tlcWEhKZlx07DqmvIZHy01041200Vknc0E010.mp4?label=mp4_ld&template=640x360.25.0&trans_finger=40a32e8439c5409a63ccf853562a60ef&Expires=1592212520&ssig=jCstIstoIQ&KID=unistore,video",
4506808057836106,J2R6JwSwO,2509065064,笑看人生风云静处世间百态,转发微博,,,,,0,0,0,2020-05-20 23:57,HUAWEI Mate 20,,,4506795677107039
4506808058623546,J2R6JAbns,5532488833,鼠年努力坚持耐心宽容,转发微博,,,,,0,0,0,2020-05-20 23:57,Redmi Note 7 Pro,,,4506784189051947
4506807991628198,J2R6D6Pzg,1878625481,吴左道,他的特工真辛苦,,,,,0,0,0,2020-05-20 23:56,微博 HTML5 版,,,4506718439042996
4506793646655814,J2QJurVtQ,6446036030,东方晓师爷,【封锁计划彻底失败，美盟友鼎力支持中国5G，根本不给特朗普面子】继德国和法国后，又有一个美盟友将鼎力支持中国华为的5G网络，这个国家就是英国，英国此举根本不给特朗普面子，这也就意味着美国打压中国，封锁华为的计划彻底宣告失败。#军事##东方晓师爷#L楠竹一的微博视频,,,,"军事,东方晓师爷",0,0,1,2020-05-20 23:00,军事 · 视频社区,,"http://f.video.weibocdn.com/lW3zYSD6lx07Dq9B9Jqg01041200wi6s0E010.mp4?label=mp4_ld&template=640x360.25.0&trans_finger=bdef57f06ae52835a2c783ca389e8517&Expires=1592212534&ssig=ZLCn8%2FhSlo&KID=unistore,video",
4506793642919674,J2QJucfxw,3472469484,CoconutShoppingBear,转发微博,,,,,0,0,0,2020-05-20 22:59,iPhone客户端,,,4506784189051947
4506763154877684,J2PWjksUk,2749360471,震长,对于服用羟氯喹来预防新冠病毒的傻呆行为，向来支持特朗普的福克斯新闻终于忍无可忍，强烈警告观众不要学，会死人的。特朗普之前还建议服用消毒液来杀死病毒，现在又亲自服用有毒副作用的药物，正常人咋能这样，难道入戏太深吗……对于福克斯新闻，特朗普立马翻脸开怼……L凤凰王又又的微博视频,,,,,8,15,32,2020-05-20 20:58,OPPO Find X,,"http://f.video.weibocdn.com/lCpKP9Mglx07DpneQm7e01041200eKMp0E010.mp4?label=mp4_ld&template=640x360.25.0&trans_finger=40a32e8439c5409a63ccf853562a60ef&Expires=1592212534&ssig=RNMQ2DBTGx&KID=unistore,video",
4506793533021231,J2QJjcFXx,2616818377,商务星球地理,转发微博,,,,,0,0,0,2020-05-20 22:59,微博 weibo.com,,,4506763154877684
4506793529051075,J2QJiBYB5,6446036030,东方晓师爷,【伊朗长期油价过高，导致国内持续动荡，甚至有人预言萨达姆悲剧或将重现】而特朗普也正是抓住这个机会，要对伊朗发动战争，军事专家张召忠也罕见揭秘了特朗普的策略，称他就是在等待这个时机，萨达姆悲剧或许真的将在重现。#军事##东方晓师爷#L楠竹一的微博视频,,,,"军事,东方晓师爷",0,0,1,2020-05-20 22:59,军事 · 视频社区,,"http://f.video.weibocdn.com/fvmTHZOtlx07Dq3d5S2I01041200L7w70E010.mp4?label=mp4_ld&template=640x360.25.0&trans_finger=bdef57f06ae52835a2c783ca389e8517&Expires=1592212534&ssig=un7GWluJht&KID=unistore,video",
4506791453268104,J2QFXdIbm,1590753120,中国反邪教,【#外交部列举特朗普致谭德塞信件错误#】外交部发言人赵立坚在今天的记者会表示，从国际上的反应不难看出，国际社会对美方这种歪曲事实、自相矛盾、嫁祸于人、甩锅推责、破坏国际抗疫合作的行径普遍不认同。美方这封信罗列的那些谬误，我们已经澄清并驳斥多次了，这里我仅举几个最基本的错误：所谓“台湾方面向世卫组织预警病毒人传人”。事实上，台湾方面12月31日发给世卫组织的电子邮件根本未提及人传人，主要是向世卫组织了解情况。所谓“中方领导人1月21日向谭德塞总干事施压”，这纯属捏造。中方和世卫组织均已发布严正声明，中方领导人同谭德塞总干事1月21日从未通过电话。关于对“世卫组织总干事谬赞中方抗疫透明度、为抗疫树立新标杆”的指责，美方似乎忘了，美国领导人曾多次公开积极评价中方防疫工作。1月25日，特朗普总统发推特称，中国一直在非常努力地遏制新型冠状病毒，美国非常欣赏中方的努力和透明度。3月13日，特朗普总统向记者表示，中方分享的数据有助于美方抗击疫情。美方错误漏洞还有很多，谎言谣言也不止上述，我就不一一列举了。世人的眼睛是雪亮的，这封信的可信度到底有多高，国际社会自有公论。美方应致力于早日战胜病毒，而不是向领导抗疫的国际组织发出“最后通牒”。我们奉劝美方一些政客多反躬自省，停止政治操弄，将精力用在挽救更多生命上。O外交部：美不应向领导抗疫的国际组织发出“最后通牒”（央视）L央视新闻的微博视频,,,,外交部列举特朗普致谭德塞信件错误,41,12,85,2020-05-20 22:51,无邪君的Android,,"http://f.video.weibocdn.com/OH5qDeoQlx07DqkRPQys01041200l8JV0E010.mp4?label=mp4_ld&template=640x360.25.0&trans_finger=40a32e8439c5409a63ccf853562a60ef&Expires=1592212534&ssig=zU%2BSzgVUgK&KID=unistore,video",
4506793470111268,J2QJd0sWE,5262267935,yuhuafk0531,转发微博,,,,,0,0,0,2020-05-20 22:59,小米8周年旗舰手机,,,4506791453268104
4506793466489982,J2QJcrel8,7380779047,全松涛2020,#腾讯新闻#特朗普政府精准打击之下，华为的应对之策O特朗普政府精准打击之下，华为的应对之策来自@腾讯新闻,,,腾讯新闻,腾讯新闻,0,0,0,2020-05-20 22:59,腾讯新闻客户端,['http://ww3.sinaimg.cn/large/0083uZNlly1gezb6uexddj30go08cgm1.jpg'],,
4506595717561996,J2LAfvJdG,3915472227,陇南徽县银杏树镇,【#特朗普称美国确诊数全球第一是荣誉勋章#】当地时间19日，特朗普在白宫表示：“美国新冠确诊病例全球第一是因为我们进行了更多病毒检测。某种角度看这是好事，意味着我们检测工作更好。我将其视为荣誉徽章！”#美国新冠肺炎确诊病例超152万#（央视记者王逢治）L海客新闻的微博视频,,,,"特朗普称美国确诊数全球第一是荣誉勋章,美国新冠肺炎确诊病例超152万",5,1,6,2020-05-20 09:53,HUAWEI nova 3i,,"http://f.video.weibocdn.com/NRfhWM5qlx07DpllqKYw010412005GaL0E010.mp4?label=mp4_ld&template=640x360.25.0&trans_finger=40a32e8439c5409a63ccf853562a60ef&Expires=1592212534&ssig=VbDBrmpTz2&KID=unistore,video",
4506793449324331,J2QJaD7Gr,6931506327,飞向希望的田野,转发微博,,,,,0,0,0,2020-05-20 22:59,HUAWEI nova 3i,,,4506595717561996
4506665922160759,J2Npu946X,2185061607,巫师小子,#特朗普称美国确诊数第一是荣誉勋章#怎么办，我觉得这是中邪了。救吗？L巫师小子的微博视频,,,,特朗普称美国确诊数第一是荣誉勋章,243,347,800,2020-05-20 14:32,微博视频,,"http://f.video.weibocdn.com/C3gHNOCClx07DpOB4v8A010412007DUn0E010.mp4?label=mp4_ld&template=360x640.24.0&trans_finger=81b11b8c5ffb62d33ceb3244bdd17e7b&Expires=1592212534&ssig=ePRoLrH0xO&KID=unistore,video",
4506793449592458,J2QJaEfr4,6886783306,weixuejia319,,,,,,0,0,0,2020-05-20 22:59,iPhone客户端,,,4506665922160759
4506793449602009,J2QJaEhV7,1666402721,菲梵菲乐,转发微博,,,,,0,0,0,2020-05-20 22:59,nova6 5G自拍大不一样,,,4506784189051947
4506594035623935,J2LxxnB2D,1887344341,观察者网,【#特朗普称美国确诊多是枚荣誉勋章#】针对美国新冠确诊病例数全球第一，19日，特朗普又语出惊人。他说他“不把这看成坏事”，相反，在某种程度上，是件“好事”，因为这意味着美国“检测做得更好”。特朗普说，“如果我们只检测100万人，而不是1400万人，我们的病例数会少很多”，“所以我把它看成是一枚荣誉勋章。”L微丢的微博视频,,,,特朗普称美国确诊多是枚荣誉勋章,135,258,1226,2020-05-20 09:46,专业版微博,,"http://f.video.weibocdn.com/002DeD7Ygx07Dpuo4Iij0104120063zF0E010.mp4?label=mp4_ld&template=640x360.25.0&trans_finger=40a32e8439c5409a63ccf853562a60ef&Expires=1592212534&ssig=dUj8CgBDi9&KID=unistore,video",
4506793450055221,J2QJb0emF,6891016651,春梦中的仙女湖,//@小若物语:从未见过如此厚颜无耻之人......,,,小若物语,,0,0,0,2020-05-20 22:59,荣耀7C 人脸识别双摄,,,4506594035623935
4506793437424467,J2QJ9v9rt,2257827564,FaFa__Li,特朗普逐渐成为了我的快乐源泉哈哈哈哈，你是想掉段吗😂😂😂😂🤣🤣🤣🤣🤣🤣微博视频,,,,,0,0,0,2020-05-20 22:59,微博视频,,,
4506793407807841,J2QJ6wLaV,2181597154,俄罗斯卫星通讯社,【特朗普称美国新冠病毒确诊人数最多是一份荣誉】据《每日电讯报》5月20日报道称，美国总统特朗普表示，美国确诊冠状病毒感染人数在全世界居首位是美国的荣幸。O网页链接,,,,,48,60,183,2020-05-20 22:59,微博 weibo.com,['http://ww4.sinaimg.cn/large/820887e2gy1gezaqbg42rj20rs0f1dh4.jpg'],,
4506793398790819,J2QJ5ASTp,5617003147,紫龙防务观察,【一旦日本成为正常国家，会首先拿谁开刀？不是俄罗斯也不是中国】一旦日本成为正常国家，那么这个国家会首先拿谁开刀呢？此前很多人都猜测是中俄，但原来我们都被误导了，日本头号作战对象不是俄罗斯也不是中国，反而很可能在开战后第一个拿美国开刀，看来这才是特朗普的头号对手。#紫龙防务观察##军事#L紫龙防务观察的微博视频,,,,"紫龙防务观察,军事",0,0,2,2020-05-20 22:59,军事 · 视频社区,,"http://f.video.weibocdn.com/xbSxBMxqlx07Dqnocp7y01041200ziLY0E010.mp4?label=mp4_ld&template=640x360.25.0&trans_finger=bdef57f06ae52835a2c783ca389e8517&Expires=1592212534&ssig=IKdA0hYPGx&KID=unistore,video",
4506792699475782,J2QHXDL5c,2748597475,中国青年网,【转！#外交部列举特朗普致谭德塞信件错误#】外交部发言人赵立坚在今天的记者会表示，从国际上的反应不难看出，国际社会对美方这种歪曲事实、自相矛盾、嫁祸于人、甩锅推责、破坏国际抗疫合作的行径普遍不认同。美方这封信罗列的那些谬误，我们已经澄清并驳斥多次了，这里我仅举几个最基本的错误：所谓“台湾方面向世卫组织预警病毒人传人”。事实上，台湾方面12月31日发给世卫组织的电子邮件根本未提及人传人，主要是向世卫组织了解情况。所谓“中方领导人1月21日向谭德塞总干事施压”，这纯属捏造。中方和世卫组织均已发布严正声明，中方领导人同谭德塞总干事1月21日从未通过电话。关于对“世卫组织总干事谬赞中方抗疫透明度、为抗疫树立新标杆”的指责，美方似乎忘了，美国领导人曾多次公开积极评价中方防疫工作。1月25日，特朗普总统发推特称，中国一直在非常努力地遏制新型冠状病毒，美国非常欣赏中方的努力和透明度。3月13日，特朗普总统向记者表示，中方分享的数据有助于美方抗击疫情。美方错误漏洞还有很多，谎言谣言也不止上述，我就不一一列举了。世人的眼睛是雪亮的，这封信的可信度到底有多高，国际社会自有公论。美方应致力于早日战胜病毒，而不是向领导抗疫的国际组织发出“最后通牒”。我们奉劝美方一些政客多反躬自省，停止政治操弄，将精力用在挽救更多生命上。L央视新闻的微博视频,,,,外交部列举特朗普致谭德塞信件错误,9,3,37,2020-05-20 22:56,,,"http://f.video.weibocdn.com/OH5qDeoQlx07DqkRPQys01041200l8JV0E010.mp4?label=mp4_ld&template=640x360.25.0&trans_finger=40a32e8439c5409a63ccf853562a60ef&Expires=1592212534&ssig=zU%2BSzgVUgK&KID=unistore,video",
4506793395181278,J2QJ5lJT0,3264508827,190680boy,转发微博,,,,,0,0,0,2020-05-20 22:59,HUAWEI Mate 9,,,4506792699475782
4501184202054493,J0uO08CsZ,5626136031,我是郭杰瑞,为何有些美国人特别“反智”！大部分还是特朗普支持者？#美国反智？##郭杰瑞##共同战疫#L我是郭杰瑞的微博视频,,,,"美国反智？,郭杰瑞,共同战疫",27707,21064,268092,2020-05-05 11:30,日常 · 视频社区,,"http://f.video.weibocdn.com/002dubFNgx07D1Ewq7vy01041201dvE20E010.mp4?label=mp4_ld&template=640x360.25.0&trans_finger=bdef57f06ae52835a2c783ca389e8517&Expires=1592212534&ssig=JKLMBSnOF6&KID=unistore,video",
4506793357888220,J2QJ1x65m,1886949103,塞泰克的-风,转发微博,,,,,0,0,0,2020-05-20 22:58,OPPO智能手机,,,4501184202054493
4506793352373197,J2QJ19Xnn,5454825939,本期主体,转发微博,,,,,0,0,0,2020-05-20 22:58,iPhone客户端,,,4506718439042996
4506793340012708,J2QJ003iY,5538690885,复兴中华记实杂谈,转发微博,,,,,0,0,0,2020-05-20 22:58,荣耀7A 全屏 人脸识别,,,4506784189051947
4477361443474724,IwswwezVW,5702485861,一个萌面柚子,迪丽热巴#电视剧三生三世枕上书#凤九殿下能发现面具下的是谁吗？@Dear-迪丽热巴,,,Dear-迪丽热巴,电视剧三生三世枕上书,69,176,555,2020-02-29 17:46,迪丽热巴超话,['http://ww2.sinaimg.cn/large/006dV34pgy1gcdeywchnoj312q43kkjo.jpg'],,
4506793310880371,J2QIX3H1x,6204138894,我要大胆啊,你是特朗普吧哈哈哈哈哈白眼圈哈哈哈哈哈哈,,,,,0,0,0,2020-05-20 22:58,前置双摄vivo X9,,,4477361443474724
4506778504958371,J2Ql4kNTJ,7362888622,诗和远方激励梦想,《时代》周刊最新封面：戴上口罩但没遮住嘴的特朗普O《时代》周刊最新封面：戴上口罩但没遮住嘴的特朗普,,,,,0,0,0,2020-05-20 21:59,分享按钮,,,
4506778455221267,J2QkZlUhZ,2238543822,CUE_一缸過期龜苓膏,//@秋田六千:我的表情是这样的//@青枚煮菁瓜:美帝有一样是一骑绝尘别的国家拍马也赶不上的，那就是脸皮的厚度。大概是从南极到北极的厚度//@偶脚得偶还可以抢救一下:在国内如果有人这么拙劣的洗地，是要倒扣五毛的//@覆盆子冰激凌:目瞪狗呆//@江宁婆婆:天下无敌,,,"秋田六千,青枚煮菁瓜,偶脚得偶还可以抢救一下,覆盆子冰激凌,江宁婆婆",,0,0,0,2020-05-20 21:59,iPhone客户端,,,4506572699883467
4506778409522590,J2QkUDXga,1727130632,开心快乐的百灵鸟,《纽约“零号病人”首次发声，一开口就是王炸，特朗普再狡辩也没用》导致数万人丧生，现在新冠肺炎疫情又在美国肆意蔓延。截止5月18日22时01分，美国累计确诊人数为1528179例。现在美国的“零号病人”首次发声。O网页链接,,,,,0,0,0,2020-05-20 21:59,百度极速版,['http://ww2.sinaimg.cn/large/66f1ec08ly1gez9gmjy66j208o05swek.jpg'],,
4505895251967036,J2tmt8fIo,5626136031,我是郭杰瑞,街访美国纽约路人，特朗普抗疫做的怎么样？#美国新增确诊病例20747例##郭杰瑞##海外抗疫日记#L我是郭杰瑞的微博视频,,,,"美国新增确诊病例20747例,郭杰瑞,海外抗疫日记",2866,4158,47829,2020-05-18 11:30,日常 · 视频社区,,"http://f.video.weibocdn.com/000SrBM9gx07Dmp03YqX01041201x8Hn0E010.mp4?label=mp4_ld&template=640x360.25.0&trans_finger=bdef57f06ae52835a2c783ca389e8517&Expires=1592212548&ssig=IkHGypol1a&KID=unistore,video",
4506778375628884,J2QkRnCks,6491619768,落星和追鱼,郭杰瑞的手势表示他很着急!,,,,,0,0,0,2020-05-20 21:59,三星android智能手机,,,4505895251967036
4506554169221205,J2KveCGR7,2174585797,王冰汝,#美国疫情#昨天佩姨损特朗普服用羟氯喹时说：“他毕竟是美国总统，我希望他不要服用没有被科学家批准的药，特别是对于他这种年龄的群体，还有他这种身材群体，这种身材叫“病态肥胖”，所以我觉得这不是啥好主意。”今天特朗普反击：她才有病！精神病L王冰汝的微博视频,,,,美国疫情,654,449,1524,2020-05-20 07:08,,,"http://f.video.weibocdn.com/iV8rPVBglx07Dpk14F9m010412001E760E010.mp4?label=mp4_ld&template=640x360.25.0&trans_finger=40a32e8439c5409a63ccf853562a60ef&Expires=1592212548&ssig=0RzV%2BBsCrM&KID=unistore,video",
4506778350842680,J2QkP3xdC,7098681418,莎士比亚亚洲分亚,//@不太老:那边每天死1000多快2000人，这边捉对儿互骂，什么事儿。,,,不太老,,0,0,0,2020-05-20 21:59,vivo X27 4800万三摄,,,4506554169221205
4506778345468679,J2QkOmWEv,7436321583,美容热榜,#搞笑幽默#特朗普：你们的州长疯了弗州州长：你不要再吃药了。这也对得上，人才,,武穴市,,搞笑幽默,0,0,1,2020-05-20 21:59,华为手机 畅享玩不停,,,
4506751129579650,J2PCUEc6u,1618051664,头条新闻,【#特朗普称病例数全球第一是荣誉勋章#】美国新冠肺炎确诊人数超过152万，死亡病例超过9.1万，位列全球第一。对此，特朗普称这是证明检测能力的“荣誉勋章”，检测得多所以确诊数高，“其中很多人的病情并不是很严重，但仍然作为病例被统计在内。我把这看成是一种荣誉勋章，肯定了专业人员的巨大贡献。”L全球眼News的秒拍视频,,,,特朗普称病例数全球第一是荣誉勋章,296,488,1171,2020-05-20 20:11,微博 weibo.com,,"http://miaopai.video.weibocdn.com/euy3omcxlx07DpA5TiHe010412006Ikq0E013.mp4?label=mp4_ld&template=640x360.25.0&trans_finger=40a32e8439c5409a63ccf853562a60ef&Expires=1592212548&ssig=niRWXHrZJn&KID=unistore,video",
4506778266703008,J2QkGs7L2,1743942637,EdToVtHohenheim自然公敌狼,我可以摸一下你的jb吗？哦我说的是奖杯,,,,,0,0,0,2020-05-20 21:58,微博 weibo.com,,,4506751129579650
4506778248852168,J2QkEB8QU,2646179445,emlme,转发微博,,,,,0,0,0,2020-05-20 21:58,华为手机 畅享玩不停,,,
4506777301205378,J2Qj853zA,2149981442,DS北风,【#特朗普称美国确诊数全球第一是荣誉勋章#】当地时间19日，特朗普在白宫表示：“美国新冠确诊病例全球第一是因为我们进行了更多病毒检测。某种角度看这是好事，意味着我们检测工作更好。我将其视为荣誉徽章！”#美国新冠肺炎确诊病例超152万#（央视记者王逢治）L海客新闻的微博视频,,,,"特朗普称美国确诊数全球第一是荣誉勋章,美国新冠肺炎确诊病例超152万",19,26,25,2020-05-20 21:55,微博云剪,,"http://f.video.weibocdn.com/NRfhWM5qlx07DpllqKYw010412005GaL0E010.mp4?label=mp4_ld&template=640x360.25.0&trans_finger=40a32e8439c5409a63ccf853562a60ef&Expires=1592212548&ssig=0aoE1aKa%2B0&KID=unistore,video",
4506778227787966,J2QkCwG0m,3829108447,人畜无害还其乐无穷的虎了吧唧,转发微博,,,,,0,0,1,2020-05-20 21:58,HUAWEI Mate 20 Pro,,,4506777301205378
4506778211972873,J2QkB8hex,7360594450,海客新闻,【听说特朗普在服用“神药”拜登一声长叹：他到底在干什么啊！】在特朗普18日自称正在服用羟氯喹作为预防新冠病毒的药物后，这一表态随即遭到外界指责。美国民主党总统参选人拜登19日在采访中表示，特朗普这一行为是完全不负责任的。L海客新闻的秒拍视频,,,,,2,7,43,2020-05-20 21:58,微博 weibo.com,,"http://miaopai.video.weibocdn.com/Q5XQePzHlx07Dqjgch0s010412004Mhu0E013.mp4?label=mp4_ld&template=640x360.25.0&trans_finger=40a32e8439c5409a63ccf853562a60ef&Expires=1592212548&ssig=a7hlmKZXZP&KID=unistore,video",
4506778190705006,J2Qkz2Xp4,1726683791,克拉是只波士顿梗,这逻辑竟然让我无法反驳,,,,,0,0,1,2020-05-20 21:58,iPhone客户端,,,4506751129579650
4506778132505183,J2QktavIb,6867287722,用户6867287722,《记者质疑特朗普“神药”言论白宫秘书反呛：你们就是针对他》记者质疑特朗普“神药”言论白宫秘书反呛：你们就是针对他O网页链接,,,,,0,0,0,2020-05-20 21:58,百度极速版,['http://ww3.sinaimg.cn/large/007uKrfcgy1gez9fhi9idj30ic0aaab8.jpg'],,
4506778106938899,J2Qkqt77J,6447176094,出行小灵通,是该给美国一个冠军奖杯和川普一个荣誉勋章了！,,,,,0,0,0,2020-05-20 21:58,HUAWEI P30 Pro,,,4506751129579650
4506778060456118,J2Qkm1UEK,1727130632,开心快乐的百灵鸟,《不以为耻反以为荣！特朗普语不惊人死不休，表态堪称厚颜无耻榜样》据报道，在5月19日特朗普接受媒体采访时回答了记者的一系列提问。所以最后特朗普得出了结论：感染人数高是好事，这是一种“荣誉勋章”。O网页链接,,,,,0,0,0,2020-05-20 21:58,百度极速版,['http://ww3.sinaimg.cn/large/66f1ec08ly1gez9f6trpej208o05saa8.jpg'],,
4506616542510669,J2M7Qax8F,2174585797,王冰汝,#美国疫情#今天特朗普在白宫召开了新冠爆发两个多月以来的首次内阁会议，副总统彭斯也来啦，现场大咖云集，但几乎没人戴口罩。内阁会议电视直播，真的是很考验官员们的业务能力，首先第一个任务是要称赞大统领。这一点副总统彭斯的水平可能无人能及，他的开场白就包括了称赞大统领英明的决定，比如在一月底就颁发对华旅行禁令。第二个任务是汇报工作。财长姆努钦上一次是说要把发给美国人民的1200美元支票印上特朗普的名字，今天他宣布不寄支票了，改成借记卡，上面同样也有特朗普的名字，他还现场送了特朗普一张。当然，里面没钱。第三个任务是表决心，支持美国复工复产。令人万万没有想到的是，最有说服力的讲话来自于美国卫生部长阿扎尔。他说新冠引发的美国经济衰退将会导致未来几年内，因自杀，药物过量，酗酒死亡的人数增加至少六万五千人。更厉害的是，他还请来了一位卫生部的心理学家，证明如果不重新开放，更多的人会在家里憋出精神疾病。L王冰汝的微博视频,,,,美国疫情,1773,779,9252,2020-05-20 11:16,,,"http://f.video.weibocdn.com/hZsuMy0slx07DpB6L0X6010412008tk30E010.mp4?label=mp4_ld&template=640x360.25.0&trans_finger=40a32e8439c5409a63ccf853562a60ef&Expires=1592212548&ssig=UxHDktCoUQ&KID=unistore,video",
4506778001790270,J2Qkg7vJk,2107972644,伟与拜仁,转发微博,,,,,0,0,1,2020-05-20 21:57,iPhone客户端,,,4506616542510669
4506777955765679,J2QkbobUP,2443459455,国际在线新闻,#国际3分钟#1月就在研发疫苗？美国当时真的没有确诊患者？当地时间5月15日，特朗普在白宫记者会上披露，1月11日美国已开始研发新冠病毒疫苗。话音一落，舆论立刻炸锅。要知道，在1月11日之前，美国境内还未报道出现新冠肺炎确诊患者，然而美国却在国内“无病例”的情况下开始了疫苗研发。美国用于疫苗研发的病毒毒株哪来的？美国当时真的没有确诊患者吗？美国是否在隐瞒疫情？关于美国国内疫情，美国官方似乎一直在刻意隐瞒着什么。O【国际3分钟】美国1月就开始研发疫苗了那用于研究的毒株哪来的呢？L国际在线新闻的微博视频,,,,国际3分钟,10,3,19,2020-05-20 21:57,微博视频,,"http://f.video.weibocdn.com/ChZ9RXhqlx07DqjanPUA01041200n3zH0E010.mp4?label=mp4_ld&template=640x360.25.0&trans_finger=40a32e8439c5409a63ccf853562a60ef&Expires=1592212548&ssig=SiCXcMOEGX&KID=unistore,video",
4506777837716232,J2QjZwnlm,1620631872,文虫叮咬,#如何看待特朗普服用羟氯喹行为#特朗普服用翔氯喹不靠谱……,,,,如何看待特朗普服用羟氯喹行为,0,0,0,2020-05-20 21:57,华为麦芒5,,,
