﻿id,bid,user_id,用户昵称,微博正文,头条文章url,发布位置,艾特用户,话题,转发数,评论数,点赞数,发布时间,发布工具,微博图片url,微博视频url,retweet_id
4505117589790769,J298aF51D,3182478403,老马在说,1月11日，美国还没有一例染疫病人公布出来，武汉还未封城，可是美国已经在研发疫苗了。这说明什么？说明美国早就对新冠大疫了然于胸。怪不得特朗普说，一切都在掌握之中。整个事件，特朗普既是导演，也是演员，并不是整天前言不搭后语和乱甩锅那么简单。疫苗研发出来了，美国人是救世主；疫苗研发不出来，甩锅中国让中国背锅；特朗普的如意算盘一直打得噼啪响。不能用看正常人的眼光看特朗普，用看正常人的眼光看特朗普一定错。,,,,,6,2,12,2020-05-16 07:59,华为平板M3 听见震撼,['http://ww3.sinaimg.cn/large/bdb0c443gy1getybe3ixbj214k0u04qp.jpg'],,
4505117577762651,J2989wzq3,3296094611,手机用户3296094611,邀请码【1338220】，据《每日邮报》3月8日报道，美国总统特朗普曾表示美国新冠肺炎...O掘金宝,,,,,0,0,0,2020-05-16 07:59,掘金宝精选,,,
4505117573800871,J2989fWMn,2282314634,黑龙江新闻网,特朗普称美国引领世界美记者：美国全搞砸了O网页链接,,,,,0,0,0,2020-05-16 07:59,360安全浏览器,,,
4505113761563960,J29206yRa,1649173367,每日经济新闻,【特朗普：#美国1月11日就开始研发新冠疫苗#望年底面世】美东时间5月15日，据福克斯新闻报道，美国总统特朗普在白宫表示，美国已于1月11日就开始研发新冠病毒疫苗，这个项目不同于“曼哈顿计划”以来所看到的任何事情，希望年底可以面世。L青蜂侠Bee的秒拍视频,,,,美国1月11日就开始研发新冠疫苗,125,154,493,2020-05-16 07:44,iPhone 6s,,"http://gslb.miaopai.com/stream/op~uT-A8Ciit63Y8rQl07bZjsZNroSavoVNieQ__.mp4?yx=&refer=weibo_app&vend=weibo&label=mp4_ld&mpflag=16&Expires=1592211885&ssig=DBvDd3JblO&KID=unistore,video",
4505117569601765,J2988EhRb,1410625863,qiutiancn,转发微博,,,,,0,0,0,2020-05-16 07:59,iPhone客户端,,,4505113761563960
4504993401352532,J25TS5FR2,5867737487,环球纪录频道,金一南少将谈：特朗普为何全力打压华为，不听不知道，厉害了华为。L糗事小酱的微博视频,,,,,768,253,1687,2020-05-15 23:46,iPhone XS Max,,"http://f.video.weibocdn.com/003mcPrSgx07BY2jL1R601041200prKx0E010.mp4?label=mp4_ld&template=682x360.25.0&trans_finger=40a32e8439c5409a63ccf853562a60ef&Expires=1592211885&ssig=3ANCNNhoe5&KID=unistore,video",
4505117560633553,J29882EOB,1848117181,小马自己会过河,转发微博,,,,,0,0,0,2020-05-16 07:59,荣耀20 PRO,,,4504993401352532
4504046323725149,J1HgkfD53,5083838438,猫眼看视频,#特朗普崩溃了#特朗普最想删掉的视频，你绝对没见过的美国总统打架L猫眼看视频的微博视频,,,,特朗普崩溃了,462,211,1638,2020-05-13 09:03,,,"http://f.video.weibocdn.com/001pejzOgx07DehJYj0I01041201bg1s0E010.mp4?label=mp4_ld&template=640x360.25.0&trans_finger=40a32e8439c5409a63ccf853562a60ef&Expires=1592211885&ssig=sNTDNBygEa&KID=unistore,video",
4505117557351381,J2987uQqF,5762493787,果敢的莱维,转发微博,,,,,0,0,0,2020-05-16 07:59,Android客户端,,,4504046323725149
4505117553062784,J2987cQLK,5067324591,潜规则大V,加油😊,,,,,0,0,0,2020-05-16 07:59,荣耀7C 人脸识别双摄,,,4505113761563960
4505117548950996,J2986ByyU,1708533224,国际旅游岛商报,【特朗普称美国引领世界美记者：美国全搞砸了】《纽约时报》科学与健康记者麦克尼尔12日接受CNN采访时直言，与其他国家相比，美国在CDC公开宣布新冠肺炎疫情之后的前两个月里“完全搞砸了”。O特朗普称美国引领世界美记者：美国全搞砸了,,,,,0,0,0,2020-05-16 07:59,360安全浏览器,,,
4505117548024764,J2986xFBG,5252324419,用户5252324419,#美国疫情#【白宫：如果特朗普和彭斯感染新冠无计划让佩洛西升任总统】5月14日，白宫新闻秘书凯蕾·麦肯尼被记者提问，如果总统特朗普和副总统彭斯感染新冠病毒而无法工作，是否有应对程序让众议院院长佩洛西升任总统。凯蕾·麦肯尼表示特朗普和彭斯非常健康，“这甚至都不算我们要处理的事情”。她补充道，总统和副总统身体健康，这是所有记者和美国人都应该庆祝的事情。此前，特朗普被问及佩洛西是否有可能升任总统，他表示：“绝不可能，她将是一场灾难。”L微丢的微博视频,,,,美国疫情,0,0,0,2020-05-16 07:59,HUAWEI Mate 30 Pro,,"http://f.video.weibocdn.com/s1SjegSylx07DhRwe4aQ010412004lhE0E010.mp4?label=mp4_ld&template=640x360.25.0&trans_finger=40a32e8439c5409a63ccf853562a60ef&Expires=1592211885&ssig=2XQuwHkqi7&KID=unistore,video",
4505117540551966,J29862jAG,5596556462,东大街知事本人,医学杂志《柳叶刀》呼吁美国人在11月把特朗普投出去！5月16日早上，美国的最新疫情消息汇总：30%至50%的阳性病例被漏测；60%的上班族担忧携带病毒并连累家人；更多儿童患上罕见的炎症综合症；新冠疫情严重地区有近一半与肉类加工厂有关；【疫情数据】美国累计确诊病例接近150万，亡8.7万，愈31.8，日新增超2.7万。1、医学杂志《柳叶刀》呼吁美国人在11月将特朗普投票出去，原因是他对新冠病毒危机的反应。特朗普当局沉迷于神奇的疫苗、新药，或者希望病毒会简单消失。但是只有坚定不移地依靠基本的公共卫生原则，例如测试，追踪和隔离，才能结束紧急情况，这需要一个有效的公共卫生机构。2、在纽约大学研究人员发现因为AbbotLabs的测试盒的原因，有三分之一至近一半的阳性病例被漏测后，美国FDA警告说，新冠测试盒可能会漏测阳性病例。但测试盒厂家反驳说，没有测试盒是完美的，测试结果取决于许多因素，包括患者类型，标本类型，收集，处理，储存，运输。3、根据美媒的一项民意调查，但60%上班族表示，他们担心自己可能携带新冠病毒并感染家人，特别是对于黑人和西班牙裔工人。4、美媒报道，有数十名儿童患上罕见且可能致命的炎症综合症，可能与冠状病毒感染有关。纽约州州长安德鲁·库莫（AndrewCuomo）周三证实，该州至少诊断出100名儿童，其中包括3名死亡。当局说，这种综合症类似于川崎病，是一种血管发炎性疾病，儿童发高烧，背部，胸部和腹部出现皮疹，眼睛有血迹，手脚肿胀，淋巴腺肿胀以及口唇周围肿胀。川崎病是罕见的，每年大约有3000名儿童被诊断出患有这种疾病，而美国有7400万18岁以下的儿童。5、根据媒体的一项分析，在美国25个高危地区（人均感染率最高的县）中，至少有12个源自肉类工厂，在这些肉类工厂中，员工在局促的条件下并肩工作。这导致该病毒在许多小镇上泛滥成灾，并促使人们呼吁对由该行业紧急改革健康和安全问题。“重启”后的美国的疫情不容乐观！还可能远远差于预期！,,,,,0,0,1,2020-05-16 07:59,微博 weibo.com,"['http://ww1.sinaimg.cn/large/0066KzZIgy1getypnax0zj30gv09y0zc.jpg', 'http://ww4.sinaimg.cn/large/0066KzZIgy1getypnbwnjj30kn0c0aln.jpg', 'http://ww3.sinaimg.cn/large/0066KzZIgy1getypndo4nj30j50budon.jpg', 'http://ww4.sinaimg.cn/large/0066KzZIgy1getypnd9qkj30ku0cgwmq.jpg']",,
4504966011713117,J25bH7bEV,5476386628,侠客岛,【#特朗普谈WTO总干事离职#：我OK啊他总偏袒中国】14日，世界贸易组织总干事阿泽维多宣布将于8月31日正式离任，提前一年结束任期。早已对世贸组织心怀不满的特朗普当天回应，称自己对此“没有意见”，“我们受到了恶劣的对待，世贸组织把中国视为发展中国家，中国因此获得了许多美国所得不到的好处。”（观察者网）L微丢的微博视频,,,,特朗普谈WTO总干事离职,160,135,566,2020-05-15 21:57,微博 weibo.com,,"http://f.video.weibocdn.com/002zJEYCgx07DicCrcbJ010412007WSy0E010.mp4?label=mp4_ld&template=640x360.25.0&trans_finger=40a32e8439c5409a63ccf853562a60ef&Expires=1592211885&ssig=GgUJrSU0PP&KID=unistore,video",
4505117532143895,J29858ZIX,1824064454,寒风wf2000,转发微博,,,,,0,0,0,2020-05-16 07:59,iPhone客户端,,,4504966011713117
4505117527149487,J2984tZUj,5678275030,搞笑沙雕,5月14日特朗普再次神逻辑：我们有世界上最多的新冠肺炎病例，这是为什么呢，当你检测，你就发现病例，当你检测，你会发现人们有问题，如果我们不做任何检测，病例就会变得非常少”。#社交媒体#L搞笑沙雕的微博视频,,,,社交媒体,0,0,0,2020-05-16 07:59,微博视频,,"http://f.video.weibocdn.com/ppVhn43flx07Dj03HSxG0104120013Kn0E010.mp4?label=mp4_ld&template=360x468.25.0&trans_finger=40a32e8439c5409a63ccf853562a60ef&Expires=1592211885&ssig=q20dOWflx9&KID=unistore,video",
4504950263242560,J24MidBxm,1618051664,头条新闻,【#特朗普谈WTO总干事离职#：我OK啊他总偏袒中国】14日，世界贸易组织总干事阿泽维多宣布将于8月31日正式离任，提前一年结束任期。早已对世贸组织心怀不满的特朗普当天回应，称自己对此“没有意见”，“我们受到了恶劣的对待，世贸组织把中国视为发展中国家，中国因此获得了许多美国所得不到的好处。”L微丢的微博视频,,,,特朗普谈WTO总干事离职,1512,3743,73032,2020-05-15 20:55,微博 weibo.com,,"http://f.video.weibocdn.com/002zJEYCgx07DicCrcbJ010412007WSy0E010.mp4?label=mp4_ld&template=640x360.25.0&trans_finger=40a32e8439c5409a63ccf853562a60ef&Expires=1592211885&ssig=GgUJrSU0PP&KID=unistore,video",
4505117527002862,J2984tnLo,5244966973,一位不愿透露姓氏的安先生,转发微博,,,,,0,0,0,2020-05-16 07:59,iPhone客户端,,,4504950263242560
4505117519545530,J2983E3ea,6305320214,恺如山上明月xingfu,我在看：【视频|白宫密报突遭曝光，特朗普笑不出来了，美媒：这是国家批准的杀戮】#跟新浪看热点#L白宫密报突遭曝光，特朗普笑不出来了，美媒：这是国家批准的杀戮,,,,跟新浪看热点,0,0,0,2020-05-16 07:59,新浪新闻客户端,,http://api.ivideo.sina.com.cn/public/video/play/url?appname=weibocard&appver=0.1&applt=web&tags=weibocard&direct=1&vid=33602969703,
4505117514109205,J2983heZv,2332808060,云视网,【与科学对决、与政要互怼特朗普政府令美国疫情乱上加乱】美国约翰斯·霍普金斯大学发布的新冠肺炎疫情统计数据显示，截至北京时间14日14时32分，美国累计新冠肺炎确诊病例数突破139万，死亡病例数超8.4万。尽管美国每天新增的确诊病例仍以万计，但一直以来白宫“重启美国”的脚步从未停止。福奇警告过快重启将是致命错误特朗普：不赞成12日，美国国家过敏症和传染病研究所所长安东尼·福奇在华盛顿举行的国会听证会上警告称，如果各州无视美国疾控中心的指导方针，过快地重新开放将是一个巨大而致命的错误。福奇说：“我担心的是，如果一些地区、州或城市过早地开放，又没有能力作出高效的反应，我们或许将看到疫情从小幅上升演变成大暴发。”为了重新开放学校和企业，白宫此前设定了在学校秋季学期之前接种1亿支疫苗的目标。福奇对这一目标不以为然。他认为，疫苗和药物治疗都无法及时到位，难以保证学校在秋季顺利开学。O网页链接,,,,,0,0,0,2020-05-16 07:59,微博 weibo.com,"['http://ww1.sinaimg.cn/large/8b0bd37cgy1getypi0g4zj20p00goaba.jpg', 'http://ww3.sinaimg.cn/large/8b0bd37cgy1getypi1iioj20hs0bvq3q.jpg', 'http://ww4.sinaimg.cn/large/8b0bd37cgy1getypi064cj20hs0buaax.jpg', 'http://ww4.sinaimg.cn/large/8b0bd37cgy1getyphwvppj20jh0wnwt3.jpg', 'http://ww4.sinaimg.cn/large/8b0bd37cgy1getypi48s4j20gk0a0n49.jpg', 'http://ww3.sinaimg.cn/large/8b0bd37cgy1getyphs7stj20800apdkb.jpg', 'http://ww4.sinaimg.cn/large/8b0bd37cgy1getyphz45vj20ut0imtab.jpg', 'http://ww4.sinaimg.cn/large/8b0bd37cgy1getypi7sv6j20hs0buwp7.jpg']",,
4505117505987328,J2982p7zO,2282314634,黑龙江新闻网,与科学对决、与政要互怼特朗普政府令美国疫情乱上加乱O网页链接,,,,,0,0,0,2020-05-16 07:59,360安全浏览器,,,
4505117501492205,J29826gbP,5877058533,stocksge,因此，美国这场围绕是否重新开放经济而展开的斗争，其潜台词是一个种族问题。危险在于，特朗普的连任竞选将会消除这个潜台词。过去几天，特朗普重新开始把巴拉克•奥巴马(BarackObama)当作出气包。特朗普表示，奥巴马应该为美国的封锁负责，因为他之前没有开发出疫苗。他指责他的前任犯下了“美国历史上最严重的罪行”。在被追问是什么罪行时，特朗普只能说：“你知道罪行是什么。”一方面，没有人知道奥巴马被指控违反了哪些法律。但有另一条法律——一条政治准则——给出了更明确的答案：“重要的不是你说了什么，而是人们听到了什么。”人们从特朗普的话中能听到什么取决于他们的身份。在这方面，新冠肺炎也在加剧种族差异。#美国大选##种族歧视#,,,,"美国大选,种族歧视",0,0,0,2020-05-16 07:59,微博 weibo.com,,,
4505117493374104,J2981e9L2,6071635862,旗人_22440,我在看：【特朗普“疯”了，称医务人员死亡“很美丽”】#跟新浪看热点#O特朗普“疯”了，称医务人员死亡“很美丽”,,,,跟新浪看热点,0,0,0,2020-05-16 07:59,新浪新闻客户端,,,
4505117493087786,J2981cXh0,7454173245,black_doll-Vk,转发微博,,,,,0,0,0,2020-05-16 07:59,小米手机4,,,4504950263242560
4505117480478534,J298020ui,7454534018,一点点的蓝_Ytzp,转发微博,,,,,0,0,0,2020-05-16 07:59,全屏双摄 OPPO A5,,,4504950263242560
4504970903054577,J25jAcODn,2375086267,参考消息,#参考视界#【#彭斯、蓬佩奥都开始戴口罩特朗普依然“我行我素”#】新冠肺炎疫情依旧在全世界蔓延，近期，媒体接连拍到美国副总统彭斯、国务卿蓬佩奥终于戴上了口罩。但唯独特朗普总统依旧我行我素，拒绝在公众面前戴口罩。据路透社报道，当地时间周四（14日），特朗普在没有戴口罩的情况下参观了宾夕法尼亚州的口罩分发中心，并宣布计划补充因新冠病毒暴发而耗尽的美国医疗设备战略储备。#特朗普参观医疗设备厂仍未戴口罩#O网页链接L参考消息的微博视频,,,,"参考视界,彭斯、蓬佩奥都开始戴口罩 特朗普依然“我行我素”,特朗普参观医疗设备厂仍未戴口罩",504,72,242,2020-05-15 22:17,微博 weibo.com,,"http://f.video.weibocdn.com/t2ZkAmOhlx07DieSqQHC01041200dQnA0E010.mp4?label=mp4_ld&template=640x360.25.0&trans_finger=bdef57f06ae52835a2c783ca389e8517&Expires=1592211898&ssig=AiJbzzHlpN&KID=unistore,video",
4505102504043116,J28JQgXNy,7454525367,眯着眼睛看世界_暑,转发微博,,,,,0,0,0,2020-05-16 07:00,Android客户端,,,4504970903054577
4494797110610744,IDM6z2ySI,2783832257,学点英语口语,完整版！【PBS高清纪录片《美国大分裂：从奥巴马到特朗普》】2020开年史诗大片！为你通盘讲述2008年到2020年间美国两党政斗，如何走到今天这个地步！精彩绝伦！视频较长，喜欢的可以先马后看！（cr:水山水山水山）上：O网页链接下：L水山水山水山的微博视频,,,,,741,28,264,2020-04-17 20:30,微博 weibo.com,,"http://f.video.weibocdn.com/0035Zn3nlx07AOjCWu4g0104120hux6s0E070.mp4?label=mp4_ld&template=640x360.25.0&trans_finger=bdef57f06ae52835a2c783ca389e8517&Expires=1592211898&ssig=TAgVN4RoA3&KID=unistore,video",
4505102490579595,J28JP2qMj,1656693725,一草入海,//@何兵:马,,,何兵,,0,0,0,2020-05-16 06:59,HUAWEI P30 Pro,,,4494797110610744
4503862171775322,J1Ctj7rQe,6183290659,每日豹笑,不能忍了，奥巴马再度猛批特朗普：无耻！他一直在撒谎！#特朗普崩溃了#L每日豹笑的微博视频,,,,特朗普崩溃了,19,9,245,2020-05-12 20:51,微博视频,,"http://f.video.weibocdn.com/003y6WF7gx07Ddtusw1i010412004u4D0E010.mp4?label=mp4_ld&template=360x632.24.0&trans_finger=81b11b8c5ffb62d33ceb3244bdd17e7b&Expires=1592211898&ssig=BF0SZeKBR1&KID=unistore,video",
4505102461638452,J28JM6SeE,5461516350,谭维维你是我的,转发微博,,,,,0,0,0,2020-05-16 06:59,华为手机 畅享玩不停,,,4503862171775322
4505102439929207,J28JJFF2v,2618441323,白话蛋专家2012,特朗普为首的美国政客们忙着甩锅，编写童话，哪里还有空关照疫情呀。##“吹哨官员”说出对美国疫情担心：我们麻烦大了……O“吹哨官员”说出对美国疫情担心：我们麻烦大了……,,,,,0,0,1,2020-05-16 06:59,分享按钮,,,
4505003517453556,J26abvh0E,1008746521,京城张宝,金一南少将谈：特朗普为何全力打压华为，不听不知道，厉害了华为。L糗事小酱的微博视频L糗事小酱的微博视频,,,,,109,20,109,2020-05-16 00:26,荣耀手机 勇敢做自己,,"http://f.video.weibocdn.com/003mcPrSgx07BY2jL1R601041200prKx0E010.mp4?label=mp4_ld&template=682x360.25.0&trans_finger=40a32e8439c5409a63ccf853562a60ef&Expires=1592211898&ssig=7H%2BpzQ4N1H&KID=unistore,video",
4505102428466784,J28JIzwB2,1138842391,通渭赵安宁,//@赵宇辰微评:美国遏制中国发展的政策和措施从来没有停止，我们一定要保持清醒的头脑！,,,赵宇辰微评,,0,0,1,2020-05-16 06:59,,,,4505003517453556
4505098720353148,J28DK1tRW,5904039618,东方赢泽润5904039618,《美国出口管制升级，切断华为全球芯片供应｜钛快讯》美国商务部表示，尽管华为在2019年5月被列入美国经济黑名单，但该公司仍在继续使用美国的软件和技术来设计半导体芯片。O网页链接,,,,,2,3,0,2020-05-16 06:44,百度App,['http://ww2.sinaimg.cn/large/006ryKpsly1getwjlaf1yj3030030t8j.jpg'],,
4505102427830875,J28JIwRar,5904039618,东方赢泽润5904039618,真的很无语，一个国家竟能如此对一个企业这样（穷追不舍，无所不用其极）打击，这是一个国家的胸怀吗？特朗普，你真的改变了美国的三观,,,,,0,0,0,2020-05-16 06:59,荣耀8X,,,4505098720353148
4505102378085500,J28JDxVpi,3083703693,京城铁叔,#铁叔说事#【#彭斯、蓬佩奥都开始戴口罩特朗普依然“我行我素”#】新冠肺炎疫情依旧在全世界蔓延。近期，媒体接连拍到美国副总统彭斯、国务卿蓬佩奥均戴上了口罩。但唯独特朗普总统依旧我行我素，拒绝在公众面前戴口罩。#特朗普参观医疗设备厂仍未戴口罩#O网页链接L参考消息的微博视频,,,,"铁叔说事,彭斯、蓬佩奥都开始戴口罩 特朗普依然“我行我素”,特朗普参观医疗设备厂仍未戴口罩",0,0,0,2020-05-16 06:59,iPhone 8,,,4504970903054577
4505057187681596,J27yKwekI,6524186068,小兵报道,美国吹哨人示警：凛冬将至特朗普就新冠肺炎疫情持续攻击中国之际，因与他唱反调、反对以疟疾药医治患者而遭降职的一名前衞生官员，周四（14日）在国会听证会批评，华府没有周详及科学的抗疫计划，警告今年「可能是现代史上最黑暗的寒冬」。生物医学高级研究与发展管理局前局长布赖特（RickBright）出席众议院委员会听证会时，称华府错过预警的信号，未能预防病毒扩散，更透露曾收到国内医疗用品供应商高层的电邮，对方指美国严重缺乏医护人员专用的防护口罩，形容「我们死定了」。虽然他向衞生及公共服务部领导层示警，但得不到回应。布赖特批评特朗普政府未能实施一个「标准、集中、协调」的抗疫计划，更警告：「机会之窗正在关闭，若我们现时无法基于科学改善应变，我担心疫情恶化及持续很长的时间。没有更好的规划，2020年将是现代史最黑暗的冬天。」他解释，新冠肺炎今年秋天可能捲土重来，并进一步加剧季节性流感的挑战。与此同时，特朗普政府发起「曲率极速行动」，目标是12至18个月内研发出新冠肺炎疫苗。布赖特认为这个时间表太进取，认为需要更多时间研制疫苗。但特朗普同日向记者表示，由于军方参与，疫苗今年底前可面世并几乎同时分发；又称未见过及未听闻布赖特，并指对方心有不满，如此态度不应在政府工作。特朗普曾推介以氯喹及羟氯喹等治疗疟疾的药物，作为医治新冠肺炎患者的特效药，但领导研发疫苗工作的布赖特反对，结果4月被调派到国家衞生研究院担任较次级的工作。他声称遭政治报复，在国内被公众视为疫情的「吹哨人」。,,,,,4,2,21,2020-05-16 03:59,微博 weibo.com,['http://ww3.sinaimg.cn/large/4255f1f9ly1getgbvqo7pj20d4089t9n.jpg'],,
4505102356417257,J28JBqVq9,2109283175,我是一条红鲫鱼,特朗普就是一个精神病,,,,,0,0,0,2020-05-16 06:59,iPhone客户端,,,4505057187681596
4505011876770982,J26nFspro,5393135816,寰亚SYHP,特朗普：美国在研制预防冠状病毒疫苗和药物方面“正在取得巨大进展”。希望能在今年年底或之前准备好疫苗#美国疫情##老铁#,,,,"美国疫情,老铁",107,92,478,2020-05-16 00:59,,['http://ww3.sinaimg.cn/large/005SZ2Zygy1getmkupbd6j30hc09rguf.jpg'],,
4505102339838277,J28JzFhnT,1584454942,陶又德,//@寰亚SYHP:特朗普:美国国立卫生研究院于1月11日开始研制Covid-19疫苗，“甚至不知道我们面对的是什么。”→_→美国那么早就开始研究新冠疫苗？,,,寰亚SYHP,,0,0,0,2020-05-16 06:59,iPhone 11 Pro,,,4505011876770982
4504799645473946,J20RmmY1s,1887344341,观察者网,【佩洛西：特朗普关于中国的言论是在转移视线】5月14日，美国众议院议长佩洛西在简报会上表示，特朗普关于中国的言论是在转移公众对疫情早期政府抗议不力的关注。“当下应该把精力放在美国人民的需求上，而不是追究美国是如何做到今天这一步的。”此外，她表示不应该从政治的角度，而应从科学的角度地追踪大流行的起源。L微丢的微博视频,,,,,117,264,1362,2020-05-15 10:56,专业版微博,,"http://f.video.weibocdn.com/OIyqHpnilx07DhAfnjhm010412006arh0E010.mp4?label=mp4_ld&template=640x360.25.0&trans_finger=40a32e8439c5409a63ccf853562a60ef&Expires=1592211898&ssig=nC2uER6c%2Ff&KID=unistore,video",
4505102318617392,J28JxA9Mc,1803858525,自然的张侃,总统、副总统都不行了，依法她就是总统。立马要一切都怪中国！文革时期，所有的坏事都怪美帝苏修；同时，美国都怪苏联，苏联都怪美国。都是三国领导人说的，三国人民都热烈拥护。这玩意儿是当今世界的定势。也不能都怪自己吧？！,,,,,2,0,1,2020-05-16 06:59,iPhone客户端,,,4504799645473946
4504919560502540,J23YM26Ju,1618051664,头条新闻,【美国华裔对中国很愤怒？#吴彦祖喊话特朗普#：你不能代表我们说话】“你不能代表我们说话。”13日，华人演员吴彦祖在社交媒体上这样反驳美国总统特朗普的一则推文。后者曾发推挑拨称，美国华裔对中国很愤怒。除了吴彦祖以外，特朗普这一挑拨说法也遭到其他华裔乃至亚裔美国人的反对。华裔女议员、民主党全国委员会副主席孟昭文指责特朗普是在用种族主义言论来转移人们对他应对疫情不力的注意力。#吴彦祖#L海客新闻的秒拍视频,,,,"吴彦祖喊话特朗普,吴彦祖",815,2446,51935,2020-05-15 18:53,微博 weibo.com,,"http://miaopai.video.weibocdn.com/dqy87cFNlx07DhN71wTm010412005sZe0E013.mp4?label=mp4_ld&template=640x360.25.0&trans_finger=40a32e8439c5409a63ccf853562a60ef&Expires=1592211898&ssig=WH508D4erO&KID=unistore,video",
4505102311169209,J28Jx4Uad,2238732935,我是烫手的小山芋,转发微博,,,,,0,0,0,2020-05-16 06:59,iPhone客户端,,,4504919560502540
4505014938377858,J26sBz9sK,1642585887,新浪证券,【#特朗普谈WTO总干事离职#：我OK啊他总偏袒中国】14日，世界贸易组织总干事阿泽维多宣布将于8月31日正式离任，提前一年结束任期。早已对世贸组织心怀不满的特朗普当天回应，称自己对此“没有意见”，“我们受到了恶劣的对待，世贸组织把中国视为发展中国家，中国因此获得了许多美国所得不到的好处。”L微丢的微博视频,,,,特朗普谈WTO总干事离职,26,19,64,2020-05-16 01:12,微博 weibo.com,,"http://f.video.weibocdn.com/002zJEYCgx07DicCrcbJ010412007WSy0E010.mp4?label=mp4_ld&template=640x360.25.0&trans_finger=40a32e8439c5409a63ccf853562a60ef&Expires=1592211898&ssig=WGjFrgyhz%2F&KID=unistore,video",
4505102288951952,J28JuByOk,1235059245,沪e精灵,转发,,,,,0,0,0,2020-05-16 06:59,iPhone客户端,,,4505014938377858
4505102264794395,J28Jsk7eX,7453881214,素颜最美丶潳,转发微博,,,,,0,0,0,2020-05-16 06:59,Android客户端,,,4504970903054577
4504870642131393,J22HS8Wtj,1807715644,段郎说事,【#美国酒吧开门45分钟后爆满#无一人戴口罩】当地时间14日，美国威斯康星州最高法院于驳回了该州的“居家令”，“居家令”被推翻后，该州一家酒吧重新开门，仅45分钟后就爆满，没有一名顾客佩戴口罩。美媒称这并不是唯一一家，在另一城市西艾利斯也出现了类似情况。酒吧挤满人群的视频很快引发担忧，威斯康星州麦迪逊市市长康韦在接受CNN采访时，表示这将不可避免地使新冠肺炎确诊病例增加。L海客新闻的秒拍视频,,,,美国酒吧开门45分钟后爆满,16,33,55,2020-05-15 15:38,,,"http://miaopai.video.weibocdn.com/mJRZN2WGlx07DhLwmutW010412006N2i0E013.mp4?label=mp4_ld&template=640x360.25.0&trans_finger=40a32e8439c5409a63ccf853562a60ef&Expires=1592211898&ssig=sKhORRtgu6&KID=unistore,video",
4505102256093287,J28Jrpz8P,1803858525,自然的张侃,特朗普的群众基础。不承认不行。,,,,,4,0,2,2020-05-16 06:59,iPhone客户端,,,4504870642131393
4505102247694378,J28JqwhES,2631350743,你的有香蕉大吗,美元强势，O突发！特朗普力挺强势美元，非美货币集体折戟，美国金融霸权在走强，与我的判断是吻合的。疫情之下，美国的金融力量是加强的，衰落的是欧洲等地方，中国则制造业还要有更多机会，以后中美两国在全球当中的优势会更明显。,,北京·天齐金属大厦,,,0,0,0,2020-05-16 06:58,荣耀V30 PRO 5G,,,
4504948726895144,J24JOsVK0,2140585607,天涯社区,【#特朗普与福奇走向决裂#：背后藏着政治与科学的较量】美国疫情暴发以来，特朗普与有着“美国抗疫队长”之称的专家福奇，在检测试剂、疫苗、特效药等许多议题上意见不一，尤其近日在复工问题上，两人的“针锋相对”让美媒认为两人正走向决裂。由于立场和身份的不同，这场政客与科学家的角力或将极大影响美国抗疫工作甚至经济的走向。@时差视频L时差视频的微博视频,,,时差视频,特朗普与福奇走向决裂,13,13,39,2020-05-15 20:48,,,"http://f.video.weibocdn.com/0014QYdlgx07DicKYJxd01041200nBz50E010.mp4?label=mp4_ld&template=360x640.24.0&trans_finger=81b11b8c5ffb62d33ceb3244bdd17e7b&Expires=1592211898&ssig=szmNs39hQq&KID=unistore,video",
4505102243264802,J28JqdHk6,3242257060,爱抱怨的唐老鸭,把握住优学派孩子才有未来,,,,,1,0,0,2020-05-16 06:58,iPhone客户端,,,4504948726895144
4505102243262380,J28JqdGH2,1844941204,李伟平126,"顶你《吴彦祖发文怼特朗普""你不能代表我们""已获3.1万赞》O吴彦祖发文怼特朗普""你不能代表我们""已获3.1万赞来自@网易新闻客户端#网易新闻#",,,网易新闻客户端,网易新闻,0,0,1,2020-05-16 06:58,网易新闻客户端,['http://ww2.sinaimg.cn/large/6df79194ly1getwxy075tj20h90dv79z.jpg'],,
4504785929637943,J20veErgH,2011075080,齐鲁晚报,【特朗普：如果我们不做检测，病例就会变少，这是常识】#特朗普称不做检测病例就会变少#当地时间5月14日，美国总统特朗普访问宾夕法尼亚州的一处医疗物资中心。演讲中他说：“我们有世界上最多的新冠肺炎病例，这是为什么呢，当你检测，你就发现病例，当你检测，你会发现人们有问题，如果我们不做任何检测，病例就会变得非常少”。当日美国卫生与公众服务部下属生物医学高级研究与开发管理局前主任里克·布赖特博士在出席国会听证时表示，特朗普政府没有及时重视早期疫情预警信号，以阻止新冠病毒在美国的传播。#美官员称政府对早期疫情预警不屑一顾#L海客新闻的秒拍视频via.@海客新闻,,,海客新闻,"特朗普称不做检测病例就会变少,美官员称政府对早期疫情预警不屑一顾",7,34,38,2020-05-15 10:02,微博 weibo.com,,"http://miaopai.video.weibocdn.com/bPfIg7AUlx07DhljMbMk010412005BGP0E013.mp4?label=mp4_ld&template=640x360.25.0&trans_finger=40a32e8439c5409a63ccf853562a60ef&Expires=1592211898&ssig=zdNsypA4IM&KID=unistore,video",
4505102226695280,J28Jos5Ko,5523709777,Prosperity_FALL,佩服建国同志总能语出惊人🌚不过好想知道美国人有木有往肺里注射消毒水🧟,,,,,0,0,0,2020-05-16 06:58,iPhone客户端,,,4504785929637943
4505102209417633,J28JmDvXj,2272468741,务需,#腾讯新闻#特朗普声称可以切断中美一切关系，中方回应O特朗普声称可以切断中美一切关系，中方回应来自@腾讯新闻,,,腾讯新闻,腾讯新闻,0,0,0,2020-05-16 06:58,腾讯新闻客户端,['http://ww2.sinaimg.cn/large/87731f05gy1getwyc48waj208605fq32.jpg'],,
4505087399292855,J28ltCZuL,3175288535,EslloveHz,这货已经疯了！静静看他准备疯到什么时候？#特朗普称美国学校应尽快复课#～05DmKgv16。,,,,特朗普称美国学校应尽快复课,0,0,0,2020-05-16 05:59,Android客户端,,,
4504743906594678,J1ZpsrFzM,6498373231,凤凰王又又,#美国疫情#特朗普14号在一个福克斯商业新闻采访中说：相信到今年年底将会有疫苗，如果有疫苗，将由美国军方分发。白宫的目标是到2020年底有3亿剂疫苗。目前有超过一百个疫苗正在开发中。但美国抗疫队长福奇医生12号在出席国会听证时表示，秋天学校和大学复课时将有疫苗的想法是“遥不可及“。L凤凰王又又的微博视频,,,,美国疫情,251,128,1027,2020-05-15 07:15,微博 weibo.com,,"http://f.video.weibocdn.com/TKb07BWwlx07DhaQarBm010412002om70E010.mp4?label=mp4_ld&template=640x360.25.0&trans_finger=40a32e8439c5409a63ccf853562a60ef&Expires=1592211913&ssig=0Dk60RhSpX&KID=unistore,video",
4505087256872080,J28lfsPK0,6450307081,用户6450307081,美军分发？不是发，应该是买。猜猜顺序:先发非洲，然后按顺序发台湾，韩国，日本，欧洲，美国普通平民，美国富商，美国政客，特宝宝！那疫苗开卖的日期确实可以在今年年底或更早时间！,,,,,0,1,0,2020-05-16 05:59,iPhone客户端,,,4504743906594678
4504782712595161,J20q3aT7r,2656274875,央视新闻,【#特朗普吹嘘病毒检测成就被记者狂怼#：全搞砸了！】12日，《纽约时报》科学与健康记者麦克尼尔接受CNN采访时直言，与别国相比，美国在中国疾控中心公开宣布疫情后的前两个月里，“完全搞砸了”。当被问及特朗普本周吹嘘病毒检测成就时，麦克尼尔说：“说要注射消毒液…这个人科学知识还没到三年级水平。想让他根据流行病学统计数据得出正确结论，简直是天方夜谭。”L央视新闻的微博视频,,,,特朗普吹嘘病毒检测成就被记者狂怼,842,769,6008,2020-05-15 09:49,微博云剪,,"http://f.video.weibocdn.com/XerKyNvylx07DhwH1NCU010412005TAH0E010.mp4?label=mp4_ld&template=640x360.25.0&trans_finger=40a32e8439c5409a63ccf853562a60ef&Expires=1592211913&ssig=u%2B4F5CSss7&KID=unistore,video",
4505087253658035,J28lfflCz,2477638482,我不是我我是她,转发微博,,,,,0,0,0,2020-05-16 05:59,iPhone客户端,,,4504782712595161
4505087186231752,J28l8q9a8,7101596351,用户6411792075_49070,睡卧撩诗夜已深，眼心物充一味清，一寸光阴一寸金，寸金难买寸光阴，青山风日夏送春，年华水月思莺心，归家热我沙发卧，初夜雷鸣风断树，雨骤呼呼打叶声，今夜燥降明晴空，风雨送春归夏临，晨夕更惜夏日长，磨刀不误砍柴功，苍山叠重更秀峰，正义也许会迟到，但永远不会缺席，万丈深渊时有底，唯有人心深难测，得意时亲朋万千，潦倒时鲜见人围，世间诗句千古情，人生得失心自知。爱抒莫求出佳句，惆怅闷来咏别离，即以短暂的深爱，愿付余生之慷慨，天上月是万众月，梦中人是难忘人，虽可半点不由人，信命坚决与命争，放不下不爱你心，思念真爱换无情，懂最温情的语言，懂最深刻的情感，除非创造尽需求，他人会知道需要，坏人不定处处坏，好人不定很完美，先用心数量模仿，终形成极致性格，穿越千年的凝眸，回看历史的见证，都可以战胜疫情，但病毒不可战胜，与新冠病毒共存，疫苗是最佳治径，疫闹政客国误卿，口无定数特朗普，美各种恶行杂耍，疾控跌入盘丝洞，政治算计高私利，科学人性踏扭曲，世间难得两全法，不负如来不负卿！,,,,,0,0,2,2020-05-16 05:59,iPhone客户端,,,
4504735388606074,J1ZbIA6PE,1298535315,占豪,【中国就是给特朗普再多好处都是喂不饱的，所以准备好一切，做最坏打算，没什么大不了的！就让美国人省5000亿美元去吧！】【特朗普又语出惊人：和中国“彻底绝交”，我们能省5000亿美元】14日，特朗普在福克斯新闻的采访中将矛头又一次指向中国以及欧洲，并且语出惊人地表示：如果美国和中国“彻底切断关系”，可以省下5000亿美元。特朗普没解释这5000亿美元是怎么算出来的，他紧接着又抱怨起美国这些年来白白保卫着欧洲，而欧洲“还在贸易问题上占美国的便宜”。话毕，道琼斯工业指数在30分钟内急跌450点。L微丢的微博视频,,,,,1887,231,6657,2020-05-15 06:41,HUAWEI Mate 20 X 5G,,"http://f.video.weibocdn.com/xhcl71o1lx07DgLxJRRC010412007JHg0E010.mp4?label=mp4_ld&template=640x360.25.0&trans_finger=40a32e8439c5409a63ccf853562a60ef&Expires=1592211913&ssig=z%2Bpb8TbIL7&KID=unistore,video",
4505087081310940,J28kY5v2c,5642563038,周氏布衣,转发微博,,,,,0,0,0,2020-05-16 05:58,HUAWEI Mate 30,,,4504735388606074
4505087025616048,J28kSnyZq,5223458690,没啥来啥,不干正经事.天天说笑话.搜狐新闻:【美疾控中心发布重启指南–美国确诊病例还在猛涨，特朗普放话：只要我们不做检测，病例就会变少】O网页链接（分享自@搜狐新闻客户端）O网页链接,,,搜狐新闻客户端,,0,0,0,2020-05-16 05:58,搜狐新闻客户端,['http://ww4.sinaimg.cn/large/005Hv6dIly1getv7k9houj30h809qtax.jpg'],,
4504769803182137,J205edlON,5476386628,侠客岛,【特朗普又语出惊人：和中国“彻底绝交”，我们能省5000亿美元】14日，特朗普在福克斯新闻的采访中将矛头又一次指向中国以及欧洲，并且语出惊人地表示：如果美国和中国“彻底切断关系”，可以省下5000亿美元。特朗普没解释这5000亿美元是怎么算出来的，他紧接着又抱怨起美国这些年来白白保卫着欧洲，而欧洲“还在贸易问题上占美国的便宜”。话毕，道琼斯工业指数在30分钟内急跌450点。L微丢的微博视频,,,,,195,382,1103,2020-05-15 08:57,,,"http://f.video.weibocdn.com/xhcl71o1lx07DgLxJRRC010412007JHg0E010.mp4?label=mp4_ld&template=640x360.25.0&trans_finger=40a32e8439c5409a63ccf853562a60ef&Expires=1592211913&ssig=z%2Bpb8TbIL7&KID=unistore,video",
4505086984630873,J28kOjqHv,2185723172,Dear-陈晓丹,恩，不买就是省钱,,,,,0,0,0,2020-05-16 05:58,iPhone客户端,,,4504769803182137
4505071293656163,J27Vvfl8n,3794240230,亮剣,世界上最神奇的一张嘴...#美国##特朗普崩溃了#L亮剣的微博视频,,,,"美国,特朗普崩溃了",18,9,24,2020-05-16 04:55,HUAWEI Mate 20 X,,"http://f.video.weibocdn.com/002Tii4Pgx07DiNrwvq0010412001dVD0E010.mp4?label=mp4_ld&template=360x632.24.0&trans_finger=81b11b8c5ffb62d33ceb3244bdd17e7b&Expires=1592211913&ssig=hUGb9ZIphz&KID=unistore,video",
4505086983896334,J28kOglC6,1004978360,喝喜酒喜上加喜,//@嘉善老顾:希望特朗普连任，反正另一个也是七十多岁的老头，相比之下，还是特朗普有趣。,,,嘉善老顾,,0,0,0,2020-05-16 05:58,荣耀7X 全面屏手机,,,4505071293656163
4504770775588102,J206NnrIG,1887344341,观察者网,【特朗普：医护人员冲向死亡就像士兵冲向子弹，很美丽】5月14日，特朗普在美国宾夕法尼亚州一家医疗物资中心发表演讲，声情并茂地表演了医护“还没准备好就得穿门而入”的情形。他将医护人员称作“战士”，形容“他们就像士兵冲入枪林弹雨一样冲向死亡”，并附上了一句“很美丽”！L微丢的微博视频,,,,,557,795,4884,2020-05-15 09:01,专业版微博,,"http://f.video.weibocdn.com/wQzXAbDYlx07DhskjagM0104120044BU0E010.mp4?label=mp4_ld&template=360x640.24.0&trans_finger=81b11b8c5ffb62d33ceb3244bdd17e7b&Expires=1592211913&ssig=s726wqF1hT&KID=unistore,video",
4505086942818952,J28kKbPkY,3794823534,qazplm880,确实美丽,,,,,0,0,0,2020-05-16 05:58,iPhone客户端,,,4504770775588102
4505086820165091,J28ky0GWL,7392780830,理反i进车白_iH,转发微博,,,,,0,0,0,2020-05-16 05:57,vivo Z3性能实力派,,,4504735388606074
4505086787199518,J28kuucVg,2669822551,心向往之2015,在特朗普和蓬佩奥之流大嘴巴的谎言轰击下，造成了西方世界强大的舆论氛围，中国是有理难辨。——《英媒10多个尖锐问题“紧逼”，中国驻英大使逐一反击！》到今天，中国仍拒绝邀请来自世界卫生组织的科学家参加对该病毒来源的调查。问题还有很多，今天我们有难得的机会就这些问题问中国驻英国大使刘晓明。O网页链接,,,,,0,0,0,2020-05-16 05:57,百度App,['http://ww3.sinaimg.cn/large/9f224257ly1getv2r43kuj208o05sdg5.jpg'],,
4505086707808913,J28kmwLsd,1881451900,寒武纪姜楠,//@网络义勇军壹师:美国要跟中国断绝外交关系，好呀，这样可以放开手脚干事儿了，有这层外交关系碍手碍脚，希望这个混账家伙说话算数，否则你就不是人养的，而是狗揍的！,,,网络义勇军壹师,,0,0,0,2020-05-16 05:57,nova6 5G自拍大不一样,,,4504735388606074
4505086687295110,J28kkuBN4,3008657622,优嘉地材中心,华盛顿恶犬，马上上演疯狗大战。//【特朗普要参议院传唤奥巴马，奥巴马仅用一个词回应】O特朗普要参议院传唤奥巴马，奥巴马仅用一个词回应,,,,,0,0,0,2020-05-16 05:57,手机新浪网,,,
4505086611538138,J28kd6s8G,5675612616,戲課錄發,每次隔个三四天上微博看看热搜总能让我刷新三观，什么美国无耻秀下限，特朗普语出惊人，台绿营脑残想独立，某战粉丝超越底线应援某战，饭圈文化恐怖吓人，私生饭围堵明星啥的，我吐了，这尼玛每次看微博都感觉我不认识这个世界，太狗血黑暗了,,,,,0,4,5,2020-05-16 05:56,nova4自拍极点全面屏,,,
4504764694200138,J1ZWZhCEa,1662214194,北京人不知道的北京事儿,【特朗普又语出惊人：和中国“彻底绝交”，我们能省5000亿美元】14日，特朗普在福克斯新闻的采访中将矛头又一次指向中国以及欧洲，并且语出惊人地表示：如果美国和中国“彻底切断关系”，可以省下5000亿美元。特朗普没解释这5000亿美元是怎么算出来的，他紧接着又抱怨起美国这些年来白白保卫着欧洲，而欧洲“还在贸易问题上占美国的便宜”。话毕，道琼斯工业指数在30分钟内急跌450点。L微丢的微博视频,,,,,501,481,1321,2020-05-15 08:37,iPhone客户端,,"http://f.video.weibocdn.com/xhcl71o1lx07DgLxJRRC010412007JHg0E010.mp4?label=mp4_ld&template=640x360.25.0&trans_finger=40a32e8439c5409a63ccf853562a60ef&Expires=1592211913&ssig=z%2Bpb8TbIL7&KID=unistore,video",
4505086585947433,J28kaoXcl,3708021634,南京的南和南京的京,倒霉的都是韭菜唉评论区还都嚷嚷着赞同,,,,,0,0,1,2020-05-16 05:56,iPhone客户端,,,4504764694200138
4504531360612288,J1TSE2zhC,1907319731,记者王冠,难得请到西方女性政治评论员上我们的节目，昨天算是一次。劳拉对特朗普政府的批评直言不讳，但也坦言美国的州政府一直在全心全意应对疫情。三分之二的美国人信任自己的州政府。她还让我告诉中国观众：白宫政客对中国的责骂和帅锅代表不了整个美国LCGTN_Dialogue的微博视频,,,,,124,85,659,2020-05-14 17:10,iPhone客户端,,"http://f.video.weibocdn.com/6kPZDyMvlx07DgdAUIdO010412006DVn0E010.mp4?label=mp4_ld&template=640x360.25.0&trans_finger=40a32e8439c5409a63ccf853562a60ef&Expires=1592211913&ssig=iPpNZTfW5y&KID=unistore,video",
4505086569775709,J28k8F16J,2210513825,柔道女孩做人实在_700,转发微博,,,,,0,0,1,2020-05-16 05:56,华为手机 畅享玩不停,,,4504531360612288
4505086522363076,J28k49UK8,5422438541,动则不空,转发微博,,,,,0,0,0,2020-05-16 05:56,HUAWEI Mate 10 Pro,,,4504993401352532
