﻿id,bid,user_id,用户昵称,微博正文,头条文章url,发布位置,艾特用户,话题,转发数,评论数,点赞数,发布时间,发布工具,微博图片url,微博视频url,retweet_id
4508167692069153,J3qtH8Ghr,6505845778,云飞扬6505845778,宁舍千亿财，也要帮全球70亿人，中方郑重承诺：疫苗将对各国免费..........要说现在全世界有什么急需解决的问题，那肯定就要属新冠疫情了，这场疫情的危害真的太大了，虽说现在很多国家内的疫情都已经慢慢好转了，但是想要彻底解决，还是得尽快研制出疫苗，这样就能够彻底消灭病毒了。如果疫苗不研制的话，各国的疫情很有可能会反复，甚至是再度大规模扩散。而且为了控制这场疫情，各国付出的代价都太大了，所以疫苗的研制是势在必行。从疫苗的研制来看，希望最大的就是中美这两个国家了。现在中国已经有5种疫苗处于快速推进的阶段。而美国的疫苗也研制的很快，特朗普表示，疫苗早在1月11号的时候就已经开始了，很快就能使用。所以现在大家都对中美两国寄予了厚望。除了研制疫苗以外，后续的推广也是非常关键的，对此，中美两国有不同的想法。美国觉得其他国家想要疫苗也不是不可以，需要用钱来换，美国研发企业更是对疫苗的商业前景充满了期待，有人算过，如果一支疫苗卖100美元，按照全球70亿人口来算，美国就能赚到7000亿美元。如果疫苗卖到500美元/支的话，美国就能赚到35000亿美元，这笔钱确实能够解决美国的经济危机。而中国的想法则跟美国不同，中方表示：如果我国真的研发出来了疫苗，将会无偿提供给大家。也就是说中国放弃了几千亿甚至是几万亿美元的资金，直接无偿给全球人民使用。这个决定再起引起了全球人民的好评，大家再一次见识到了来自中国的友好和担当。如果中国跟美国一样的选择，或者说只有美国一家研制成功了疫苗，那么对于那些落后国家而言，这种价格肯定是他们承受不住的，到头来因为错失疫苗，还是控制不了疫情。幸运的是，中国没有跟美国做出一样的选择，而是跟之前一样，处处为世界其他国家着想。,,,,,1,0,0,2020-05-24 17:59,小米手机,"['http://ww4.sinaimg.cn/large/0076hRGqly1gf3p0mo8y2j30h00bqdgy.jpg', 'http://ww2.sinaimg.cn/large/0076hRGqly1gf3p0n0gohj30hs0bymxp.jpg', 'http://ww4.sinaimg.cn/large/0076hRGqly1gf3p0p743jj30hs0bfglt.jpg']",,
4508167676298927,J3qtFqqDB,6229560516,财经派大星,#财经#【#特朗普与国会达成2万亿金融救助#】3月25日，参议院与特朗普政府就2万亿美元救助计划达成一致。此前首席经济顾问库德洛称，一揽子救助总金额接近6万亿美元，其中大约2万亿是直接援助，4万亿由联储放贷。这将是美国历史上，针对普通民众最大规模的金融救助。该方案仍需国会投票通过。L世面的秒,,,,"财经,特朗普与国会达成2万亿金融救助",0,0,0,2020-05-24 17:59,微博 weibo.com,,,
4508167666585207,J3qtErD71,5370547595,义勇军--鬼谷子,@白呀白Talk:解读华为的精神L白呀白Talk的微博视频,,,白呀白Talk,,11,2,32,2020-05-24 17:59,科技 · 视频社区,,"http://f.video.weibocdn.com/004wQcT3gx07DthB3Yar01041201cpi40E010.mp4?label=mp4_ld&template=640x360.25.0&trans_finger=bdef57f06ae52835a2c783ca389e8517&Expires=1592212883&ssig=f6CTgSmY0v&KID=unistore,video",
4508167630036825,J3qtB09zX,2978185575,天赋太普通,小姑娘深得特朗普真传,,,,,0,0,0,2020-05-24 17:59,红米Note7 4800万相机,"['http://ww3.sinaimg.cn/large/b1838167ly1gf3p0fz1ljj21t00u044x.jpg', 'http://ww4.sinaimg.cn/large/b1838167ly1gf3p0ge41wj20fa08qdg5.jpg']",,
4507677591699495,J3dJd787d,5467852665,紫光阁,"【特朗普说我戴口罩了但不想你们看到】当地21日，美国总统特朗普视察密歇根州福特工厂时，仍未戴口罩。当被记者追问时，特朗普自称在镜头外曾戴口罩，""我不想让媒体看到我因戴口罩而快乐""。密歇根州总检察长称，如果特朗普不戴口罩，他将不能再进入密歇根州任何未封闭设施…L央视新闻的微博视频",,,,,216,257,1023,2020-05-23 09:32,紫宝宝的Android,,"http://f.video.weibocdn.com/EIuuPzU3lx07DtyfMGK401041200lFJK0E010.mp4?label=mp4_ld&template=640x360.25.0&trans_finger=40a32e8439c5409a63ccf853562a60ef&Expires=1592212883&ssig=1vpVeiImmi&KID=unistore,video",
4508167546178512,J3qtspVjq,3871173792,人生若于初见,//@深山俊鸟201706://@人生若于初见:@平安湖北@平安武汉撒谎,,,"深山俊鸟201706,人生若于初见,平安湖北,平安武汉",,0,0,0,2020-05-24 17:59,三星android智能手机,,,4507677591699495
4507751290343446,J3fE51rls,5303369484,蒲城检察,【#特朗普说我戴口罩了但不想你们看到#】当地时间21日，美国总统特朗普视察密歇根州福特工厂时，仍未戴口罩。当被记者追问时，特朗普自称在镜头外曾戴口罩，“我不想让媒体看到我因戴口罩而快乐”。密歇根州总检察长表示，如果特朗普不戴口罩，他将不能再进入密歇根州任何未封闭设施。L央视新闻的微博视频,,,,特朗普说我戴口罩了但不想你们看到,31,34,33,2020-05-23 14:25,HUAWEI P20,,"http://f.video.weibocdn.com/EIuuPzU3lx07DtyfMGK401041200lFJK0E010.mp4?label=mp4_ld&template=640x360.25.0&trans_finger=40a32e8439c5409a63ccf853562a60ef&Expires=1592212883&ssig=1vpVeiImmi&KID=unistore,video",
4508167520413252,J3qtq1Jvm,5833679757,何仲凯2,转发微博,,,,,0,0,0,2020-05-24 17:59,荣耀10 AI变色更潮美,,,4507751290343446
4507931170781696,J3kkd3hm0,6140366560,女神卫视,美国前总统奥巴马再出山狠批总统特朗普，什么水平？L女神卫视的微博视频,,,,,66,77,592,2020-05-24 02:20,微博视频,,"http://f.video.weibocdn.com/5cDwofHXlx07DvnRBvrO01041200svZs0E010.mp4?label=mp4_ld&template=640x360.25.0&trans_finger=40a32e8439c5409a63ccf853562a60ef&Expires=1592212883&ssig=tH6ZK62p8i&KID=unistore,video",
4508167507034680,J3qtotw2A,2932995937,一二三2932995937,转发微博,,,,,0,0,0,2020-05-24 17:59,红米Redmi,,,4507931170781696
4507514844683161,J39uIjEiR,2656274875,央视新闻,【#特朗普说我戴口罩了但不想你们看到#】当地时间21日，美国总统特朗普视察密歇根州福特工厂时，仍未戴口罩。当被记者追问时，特朗普自称在镜头外曾戴口罩，“我不想让媒体看到我因戴口罩而快乐”。密歇根州总检察长表示，如果特朗普不戴口罩，他将不能再进入密歇根州任何未封闭设施。L央视新闻的微博视频,,,,特朗普说我戴口罩了但不想你们看到,2934,3625,27905,2020-05-22 22:45,微博云剪,,"http://f.video.weibocdn.com/EIuuPzU3lx07DtyfMGK401041200lFJK0E010.mp4?label=mp4_ld&template=640x360.25.0&trans_finger=40a32e8439c5409a63ccf853562a60ef&Expires=1592212883&ssig=1vpVeiImmi&KID=unistore,video",
4508167364947970,J3qtakLbY,6233500489,嘟蹬蹬,转发微博,,,,,0,0,0,2020-05-24 17:58,HUAWEI Mate 30,,,4507514844683161
4508167364944947,J3qtakKpd,3213983693,新闻空间站,【美国众议院民主党医院认为政府推出《开放天空条约》违法】美国政府21日对外表示，美方将退出《开放天空条约》。22日，美国众议院外交委员会主席埃利奥特·恩格尔和军事委员会主席亚当·史密斯致信蓬佩奥和埃斯珀，指出特朗普政府向相关方递交退约通知前并未告知国会或展开商讨，这直接违反去年年底生效的2020财年国防授权法案，并要求国务卿蓬佩奥和国防部长埃斯珀对此做出解释。#特朗普政府准备退出开放天空条约#L新闻空间站的微博视频,,,,特朗普政府准备退出开放天空条约,1,0,1,2020-05-24 17:58,微博云剪,,"http://f.video.weibocdn.com/JHvXRPSYlx07Dwnk4x4c010412008sb00E010.mp4?label=mp4_ld&template=640x360.25.0&trans_finger=40a32e8439c5409a63ccf853562a60ef&Expires=1592212883&ssig=X4pPjUkYA7&KID=unistore,video",
4508127402096338,J3pqI8NlU,1656316841,海疆在线,【特朗普疫情期间打高尔夫没有戴口罩】据美媒报道，自从新冠疫情暴发以来，美国总统特朗普当地时间23日第一次前往他的高尔夫球场，距离他上次前往高尔夫球场已时隔75天。目前，美国新冠确诊病例已超过161万例，死亡病例近10万例，全美50个州已开始部分开放。从美媒拍摄到的视频中可见，当地时间23日上午，特朗普的车队将他从白宫带到了位于华盛顿郊区的特朗普国家高尔夫俱乐部，特朗普戴着白色帽子，穿着白色polo衫，并未佩戴口罩。（《环球时报》三缺二视频组）@这视频L这视频的秒拍视频,,,这视频,,2,1,3,2020-05-24 15:19,iPhone客户端,,"http://miaopai.video.weibocdn.com/wlzaaRpelx07DvSPUMVO010412007hE50E013.mp4?label=mp4_ld&template=640x360.25.0&trans_finger=40a32e8439c5409a63ccf853562a60ef&Expires=1592212883&ssig=j1nrhyrctb&KID=unistore,video",
4508167306144824,J3qt4pMy4,1258679960,纯洁善良潘帕斯,打高尔夫当然不需要戴口罩了。,,,,,1,0,3,2020-05-24 17:58,MIX 2Android,,,4508127402096338
4508167290445061,J3qt31RMp,7270053640,安逝子,#拜登发视频批特朗普#不得不说我都对美国人产生了同情前有埃里克地下室采访将疫情下美国人的生死说成是政治阴谋后有特朗普无作为致死十万美国人仍然还能兴致勃勃打高尔夫🙊也是绝了,,,,拜登发视频批特朗普,0,1,2,2020-05-24 17:58,HUAWEI nova 2 Plus,,,
4508167264088145,J3qt0h9vP,6053278987,武汉加油爱橄榄绿,#全球疫情#全球疫情大流行，他们该负什么责？当前，全球疫情蔓延成灾，世界人民深受其苦。在这个需要世界各国团结齐心、共同战“疫”的紧要关头，美国一些无良政客不是把精力放在疫情防控上，而是沉溺于政治算计，千方百计嫁祸抹黑。“或欲盖而名章”，美国一些政客急于甩锅，恰恰表明其做贼心虚。导致这次全球疫情大流行，最应该被追责的，就是这些美国无良政客。#美国疫情##美国新冠病毒感染病例超过161万例##特朗普崩溃了##特朗普这回说漏嘴了##哪一刻你感到中国在变强#L武汉加油爱橄榄绿的微博视频,,,,"全球疫情,美国疫情,美国新冠病毒感染病例超过161万例,特朗普崩溃了,特朗普这回说漏嘴了,哪一刻你感到中国在变强",2,3,7,2020-05-24 17:58,小米MIX 3 滑盖全面屏,,"http://f.video.weibocdn.com/004nuhhhgx07Dwqi34t9010412004ukK0E010.mp4?label=mp4_ld&template=636x360.25.0&trans_finger=40a32e8439c5409a63ccf853562a60ef&Expires=1592212883&ssig=%2BHPsBTSYS0&KID=unistore,video",
4508167193998891,J3qsTgMif,2049205425,虾子面走青,今天接诊了两个华为的员工，被逼得一个失眠一个肾虚，真的很惨，特朗普太狠了，他们都说这次真的很毒很危险,,,,,0,14,0,2020-05-24 17:57,iPhone客户端,,,
4508167096332366,J3qsJqzkW,5719102654,奔跑的既来之则安之,"我正在看【德媒神评论:还好德国没有特朗普,抗疫成绩才比较好】，分享给你，一起看吧！德媒神评论:还好德国没有特朗普,抗疫成绩才比较好O网页链接",,,,,0,0,0,2020-05-24 17:57,UC浏览器Android,['http://ww2.sinaimg.cn/large/006f2LRcly1gf3oy6d28aj30hs09zaam.jpg'],,
4508167083709679,J3qsIfz3x,7031722765,时光博物馆cn,"【没有对比就没有伤害！】《诗经·小雅·巧言》曰：蛇蛇硕言,出自口矣。巧言如簧,颜之厚矣。当特朗普对上“美国钟南山”福奇和美国前任总统奥巴马，一场精彩的舌战开始了……L时光博物馆cn的微博视频",,,,,0,0,1,2020-05-24 17:57,Android,,"http://f.video.weibocdn.com/iEb97u2Wlx07Dwqf4KtO01041200oI1P0E010.mp4?label=mp4_ld&template=640x360.25.0&trans_finger=40a32e8439c5409a63ccf853562a60ef&Expires=1592212883&ssig=tThSaBqHd8&KID=unistore,video",
4508157285535177,J3qcUndX3,6077299654,咪咕头条资讯,#纽约中产开奔驰排队领取救济#到底是因为美国的汽车便宜，还是这些人是真的穷到吃不上饭了，看到这一条条长龙似的队伍，想说一句：这盛世如特朗普所愿。L咪咕头条资讯的微博视频,,,,纽约中产开奔驰排队领取救济,20,23,58,2020-05-24 17:18,全媒体中心iPhone客户端,,"http://locallimit.us.sinaimg.cn/QXLeikGHlx07Dwnzg0CI010412003q9M0E010.mp4?label=mp4_ld&template=360x640.24.0&trans_finger=81b11b8c5ffb62d33ceb3244bdd17e7b&Expires=1592212883&ssig=%2Fw0K4jhU4K&KID=unistore,video",
4508167070981694,J3qsH47nM,1851917524,人民视讯,#纽约中产开奔驰排队领取救济#到底是因为美国的汽车便宜，还是这些人是真的穷到吃不上饭了，看到这一条条长龙似的队伍，想说一句：这盛世如特朗普所愿。,,,,纽约中产开奔驰排队领取救济,0,0,0,2020-05-24 17:57,iPhone客户端,,,4508157285535177
4508167046334889,J3qsEqzZD,7287251162,晓永笑建h,#财经#【油价暴力拉升！特朗普拿枪顶着脑门，沙特“自愿”减产】如不减产，美国威胁将从沙特撤军，而沙特王室的统治，很大程度上仰赖美国军事力量在背后的支持。5月11日沙特宣布，在OPEC+计划之外再“自愿”减产100万桶，以期维护全球能源市场稳定。一时间，油价暴力拉升，WTI原油期货从一度深跌4%转?,,,,财经,0,0,0,2020-05-24 17:57,微博 weibo.com,"['http://ww2.sinaimg.cn/large/768ab125ly1geovpc1s38j20hs0c4gn5.jpg', 'http://ww1.sinaimg.cn/large/768ab125ly1geovpeju9fj20et08cdg6.jpg']",,
4508167042899132,J3qsEcacc,5822514163,Vemonsss,#肖战暗恋特朗普#我TM快被笑死了，哈哈哈,,无锡,,肖战暗恋特朗普,0,0,0,2020-05-24 17:57,小米6 拍人更美,,,
4508167013318790,J3qsBdVmS,6436623482,歌华视讯,#纽约中产开奔驰排队领取救济#到底是因为美国的汽车便宜，还是这些人是真的穷到吃不上饭了，看到这一条条长龙似的队伍，想说一句：这盛世如特朗普所愿。,,,,纽约中产开奔驰排队领取救济,0,0,0,2020-05-24 17:57,iPhone客户端,,,4508157285535177
4508166946457007,J3qsur5Lh,5082232631,时光匆匆留不住忘不了,#特朗普政府计划重启核试验#过去我们对美国人的怕死程度有一些错误的认识，认为美国人比较珍惜生命，比较怕死，美国政府比较重视人权，不敢承受大量的民众伤亡。自从今年的疫情以来，我们发现过去的判断有误。第一，美国人不怕死。疫情尚未结束就强行要求复工。还经常出现大规模聚集活动。第二，美国政府不在乎老百姓的死活。确诊一百多万，死亡人数超过越战，美国政府根本无所谓，继续两党内斗，群众的生命安全不在他们的考虑范围之内。由于美国的人权状况远远低于我们的预估，使得中国的核威慑能力相对地下降了。为了重新回到平衡状态，就只能提高核武器的数量和威力，确保能够有效地杀死更多的美国人。这才是这个扩充核武库的真正原因。,,,,特朗普政府计划重启核试验,0,0,0,2020-05-24 17:57,Redmi Note 8四摄,['http://ww1.sinaimg.cn/large/005xWwS3ly1gf3oxlcewgg30bj05ye81.jpg'],,
4508152592357640,J3q5l9Tks,1214199295,黄胜友,特朗普，太潇洒了。【忍了75天！特朗普终于悠闲地走进高尔夫球场全程违反CDC指南】（来自@一点资讯）O忍了75天！特朗普终于悠闲地走进高尔夫球场全程违反CDC指南,,,一点资讯,,1,0,4,2020-05-24 16:59,一点资讯,['http://ww3.sinaimg.cn/large/485f35ffly1gf3na9zzhsj20ks0dujt7.jpg'],,
4508152568352553,J3q5iz2SB,2309169951,皮茂华,最近看到这个视频，我就来气，特朗普老狗咋做出这样的事，L皮茂华的微博视频,,大冶市,,,0,0,1,2020-05-24 16:59,vivo智能手机,,"http://f.video.weibocdn.com/003JMS7sgx07DwmijvQY01041200279y0E010.mp4?label=mp4_ld&template=360x760.24.0&trans_finger=81b11b8c5ffb62d33ceb3244bdd17e7b&Expires=1592212896&ssig=8borm8UJKg&KID=unistore,video",
4508152538375545,J3q5fz8Rr,2073386423,Willygolf,特朗普疫情期间出现在高尔夫球场并未佩戴口罩O特朗普疫情期间出现在高尔夫球场并未佩戴口罩,,,,,0,0,0,2020-05-24 16:59,新浪体育,,,
4508152526298715,J3q5eqqAb,3982643150,帅帅19771977,闭关瑜伽要想打破特朗普对于A股市场的压制，需要启动低估值蓝筹大金融板块，才能带动上证指数重返3000点上方，如果我说大金融板块已经启动了，你信吗？,,,,,0,1,4,2020-05-24 16:59,闭关瑜伽超话,['http://ww2.sinaimg.cn/large/ed624fcely1gf3n9k7kwsj20hs0p5di2.jpg'],,
4489282058545736,IBsDjzR8s,2596119483,微丢,【特朗普夸“没人比他更懂打太极”，彭斯笑了】4月1日，在白宫新冠肺炎简报会上出现了让人哭笑不得的一幕。当福克斯新闻记者提问有关医保问题时，总统特朗普“甩锅”给了副总统彭斯回答，在彭斯一段“不知所云”的回答后，特朗普指了指彭斯，夸赞他面对媒体“打太极”的功夫一流，“这是我所听到过的最精彩的回答，彭斯可以这么滔滔不绝地说上五分钟，你的问题他居然连碰都没碰！”，弄得彭斯也“羞涩地”笑了。L微丢的微博视频,,,,,149,135,1000,2020-04-02 15:15,微博视频,,"http://f.video.weibocdn.com/0044Xp4Tgx07CbiM7X0b01041200eOwr0E010.mp4?label=mp4_ld&template=640x360.25.0&trans_finger=40a32e8439c5409a63ccf853562a60ef&Expires=1592212896&ssig=RH2dazUTXs&KID=unistore,video",
4508152520903826,J3q5e3N7Q,6339139083,空气里的水煮鱼80407,哈哈哈哈哈,,,,,0,0,0,2020-05-24 16:59,iPhone客户端,,,4489282058545736
4508049517581182,J3np5vOd8,1974576991,环球时报,【特朗普疫情期间打高尔夫没有戴口罩】据美媒报道，自从新冠疫情暴发以来，美国总统特朗普当地时间23日第一次前往他的高尔夫球场，距离他上次前往高尔夫球场已时隔75天。目前，美国新冠确诊病例已超过161万例，死亡病例近10万例，全美50个州已开始部分开放。从美媒拍摄到的视频中可见，当地时间23日上午，特朗普的车队将他从白宫带到了位于华盛顿郊区的特朗普国家高尔夫俱乐部，特朗普戴着白色帽子，穿着白色polo衫，并未佩戴口罩。（《环球时报》三缺二视频组）@这视频L这视频的秒拍视频,,,这视频,,149,571,2025,2020-05-24 10:10,,,"http://miaopai.video.weibocdn.com/wlzaaRpelx07DvSPUMVO010412007hE50E013.mp4?label=mp4_ld&template=640x360.25.0&trans_finger=40a32e8439c5409a63ccf853562a60ef&Expires=1592212896&ssig=kKK3KJWrE5&KID=unistore,video",
4508152504281927,J3q5chXVl,5597638900,李全刚微博,转发微博,,,,,0,0,0,2020-05-24 16:59,荣耀10 AI变色更潮美,,,4508049517581182
4508152496901119,J3q5bsXin,5897869139,用户5897869139,转发微博,,,,,0,0,0,2020-05-24 16:59,荣耀20i,,,4507514844683161
4508149464302878,J3q0ii3ng,1169406732,郑凯MK,凯哥，怎么看美国今年大选？答：特朗普是我们最大的“朋友”，希望特朗普能当选。如果美国换了一个理性务实的总统，我们的苦日子还在后头。美国目前依然是全球最具创新力的国家，音乐，电视，电影，文化，快餐，半导体，医药，高端医疗器械，大学，空间站，甚至剃须刀（吉列）都是世界顶级。如果换了一个务实理性的总统，不敢想象会明里暗里怎么对付中国。再这些美国领先的领域，科技是美国的7寸，打掉美国的7寸就能不战而屈人之兵。打掉的方式有2种：第一种是直接干掉第二种是弯道超车/换道超车直接干掉，我们现在没有这个实力，只能选择弯道/换道超车，但这需要极大的决心和压力，而特朗普刚好给了我们压力和决心，未来4年如果其继续当选，我认为对中国是重大机会。2018年特朗普对中国发难以来，短短2年时间，我们的科技，我们的生物基因工程，我们的国产替代，其实已经有了明显的提升。END,,,,,10,47,410,2020-05-24 16:47,微博 weibo.com,,,
4508152479715659,J3q59ELub,5718469532,卧薪尝胆翠鸟,只有特朗普才让国人认识到差距,,,,,0,0,0,2020-05-24 16:59,HUAWEI Mate 9,,,4508149464302878
4508152442103425,J3q568Pcd,1414138414,殷茂盛Aaron,特朗普：没有人比我更懂疫情，我可能天生就知道！O网页链接,,,,,0,0,0,2020-05-24 16:59,内置浏览器,['http://ww3.sinaimg.cn/large/544a0a2ely1gf3n9mt5mhj209005v407.jpg'],,
4508014729978080,J3muYFRKM,2639278851,悄悄围观,黎智英公然跪求特朗普关注香港，遭批：与汉奸无异甘愿做外国走狗。据香港“东网”23日报道，乱港头目壹传媒创办人黎智英日前在推特开设新账户，并于22日用英文发布了多条帖文，除了污蔑“港区国安法”，他还艾特美国总统特朗普关注香港情况。有香港学者狠批，黎智英公然勾结外国势力，显示他甘愿成为外国走狗。L海客新闻的秒拍视频,,,,,241,722,2294,2020-05-24 07:52,微博会员限量版,,"http://miaopai.video.weibocdn.com/NLktVJCSlx07DvKqUNmg01041200g9ae0E013.mp4?label=mp4_ld&template=640x360.25.0&trans_finger=40a32e8439c5409a63ccf853562a60ef&Expires=1592212896&ssig=KzlV3pWNiq&KID=unistore,video",
4508152386563296,J3q50rxpC,1692169190,Rz旭日东升,回复@圣魔名君:@北京警方请你@圣魔名君喝茶//@圣魔名君:和毛遮洞当年一样，找屎大淋作慈父……,,,"圣魔名君,北京警方请你,圣魔名君喝茶",,0,0,0,2020-05-24 16:59,HUAWEI MatePad Pro,,,4508014729978080
4508052320211598,J3ntC0T2S,2673935403,陳書塵,真的被围脖保护起来了,,,,,35,6,15,2020-05-24 10:21,ApocalyptiPhone客户端,"['http://ww4.sinaimg.cn/large/9f61042bgy1gf3bqwycj3j20yi1k2qin.jpg', 'http://ww2.sinaimg.cn/large/9f61042bgy1gf3bqwhyf9j20yi1nek9y.jpg', 'http://ww2.sinaimg.cn/large/9f61042bgy1gf3bqzpybhj20yi1j7h1s.jpg']",,
4508152379649710,J3q4ZEuku,1828792743,Z_Z_M_,//@银河风格:是福奇在奥巴马政权时牵头主导的这个美中合作项目，后奥巴马感觉有问题给中止了（即不能在美进行了），然福奇将项目转到了武汉并提供了370万美元（分期）。后在特朗普政权时将余下资金也给掐了。在武汉的班子只能解散，美人员撤回……／不会有人恼吗？……福奇全知讶！,,,银河风格,,0,0,1,2020-05-24 16:59,iPhone客户端,,,4508052320211598
4508134556913877,J3pCft0C9,1967795354,胭脂泪叹,推特网友制作了一个特朗普版《西部世界》(WESTWORLD)片头，并取名为《稀巴烂世界》(WORSTWORLD)。L胭脂泪叹的微博视频,,,,,58,16,119,2020-05-24 15:48,iPhone客户端,,"http://f.video.weibocdn.com/001XOtnIgx07DwhmDBxl010412003ykR0E010.mp4?label=mp4_ld&template=640x360.25.0&trans_finger=40a32e8439c5409a63ccf853562a60ef&Expires=1592212896&ssig=%2BT9sade%2F5y&KID=unistore,video",
4508152353365892,J3q4Xe7CA,6220634787,宁卓2017,转发微博,,,,,0,0,0,2020-05-24 16:59,OnePlus 6,,,4508134556913877
4508009243770553,J3mm8fOTn,2656274875,央视新闻,【#纽约时报用整个头版列千名死者生前信息#：他们曾是我们】当地时间23日，#纽约时报提前公布次日头版#——《美国接近10万人死亡，无法计算的损失》。整个头版列出了1000名新冠肺炎死者的姓名、年龄和身份，并在导语中写道：“他们不仅是一个个名字，他们曾经是我们…”截至美东时间23日17点30分，美国已有96875人死于新冠肺炎。（央视记者王逢治）,,,,"纽约时报用整个头版列千名死者生前信息,纽约时报提前公布次日头版",3369,3280,56714,2020-05-24 07:30,微博 weibo.com,['http://ww4.sinaimg.cn/large/9e5389bbly1gf36tk35amj20u01i6hcv.jpg'],,
4508152340752757,J3q4W39Pf,2484837201,Frioniel,人在美国不知道什么时候能结束workfromhome也不知道啥时候可以上街没有控制没有安全感//@Jaio_Solas:特朗普没有一点难受的意思吗？,,,Jaio_Solas,,3,2,3,2020-05-24 16:58,微博国际版,,,4508009243770553
4508072372554731,J3nZXaIBl,1743951792,美国驻华大使馆,扩大全国测试能力的联邦支持测试对于减缓冠状病毒（COVID-19）的传播并减轻其对公共健康的威胁至关重要。特朗普总统领导了历史性工作，以彻底改变美国的测试技术，来应对这一挑战。O网页链接,,,,,47,535,1568,2020-05-24 11:41,,['http://ww3.sinaimg.cn/large/67f297b0ly1gf3e2kmklxj20zk0cmgng.jpg'],,
4508152249011319,J3q4MBOfR,7396714845,盘马引弓99,特朗普总统疫情中的表现，确实可以在历史上留下一笔特殊的记忆,,,,,0,0,0,2020-05-24 16:58,微博 weibo.com,,,4508072372554731
4506443145101038,J2HCalp0O,6405076827,炫物长沙,特朗普：奥巴马最帅，但我最懂，我是懂王啊L炫物长沙的微博视频,,,,,11,3,39,2020-05-19 23:47,微博云剪,,"http://f.video.weibocdn.com/xxLZDjcalx07DnzyxvYQ01041200jqS20E010.mp4?label=mp4_ld&template=480x360.25.0&trans_finger=40a32e8439c5409a63ccf853562a60ef&Expires=1592212896&ssig=vLXKhTVnnA&KID=unistore,video",
4508152211408058,J3q4J5UiC,6550043011,Tiamo加加加,转发微博,,,,,0,0,0,2020-05-24 16:58,前后2000万 OPPO R11,,,4506443145101038
4508152207194684,J3q4IubFi,6628185366,就爱酸柠檬呀,这人为啥这么逗啊，看到他我就想笑年纪一大把了，做的事情说的话跟小孩似的,,,,,0,0,0,2020-05-24 16:58,iPhone客户端,,,4507514844683161
4508029377112835,J3mSBtQn9,1665808371,平民王小石,【生化危机5：精心策划一个末日天启，为了削减地球人口】王小石的石,,,,,138,20,243,2020-05-24 08:50,王小石的石超话,['http://ww3.sinaimg.cn/large/634a37f3gy1gf2u6j4zjsj20eo0kkdjd.jpg'],,
4508152206213419,J3q4Iq4or,1478282405,跑天下2,//@江虚宝豆A://@alan8616:反转一刀切，从来就不承认转基因所谓的科学性。科莫会见特朗普后就说了以为新冠只攻击黄种人。//@平民王小石:阴谋实施者自以为有解药，却不料病毒变异更快！都吻合啊！//@Price113:生化危机也许就是导演隐示共济会的阴谋的电影，T病毒先在美国爆发然后传染全世界。,,,"江虚宝豆A,alan8616,平民王小石,Price113",,0,0,1,2020-05-24 16:58,HUAWEI Mate 20,,,4508029377112835
4507801495926030,J3gX3oRD8,3937348351,共青团中央,特朗普想邀记者看火箭发射，目的挺特别：把你们送上天，让我清静一会儿……（人民日报）L共青团中央的微博视频,,,,,785,1018,6291,2020-05-23 17:44,,,"http://f.video.weibocdn.com/AwEmgmBSlx07DuMqeXmg010412001JWv0E010.mp4?label=mp4_ld&template=360x640.24.0&trans_finger=81b11b8c5ffb62d33ceb3244bdd17e7b&Expires=1592212896&ssig=FbIUumP2OD&KID=unistore,video",
4508152186729850,J3q4GseJY,2949585622,为鉨回眸,特朗普去认证知名搞笑博主吧,,,,,0,0,1,2020-05-24 16:58,iPhone客户端,,,4507801495926030
4508055125351364,J3ny8ms8k,5333693607,武力统一,热锅上的蚂蚁【#黎智英跪求特朗普關註香港#被斥“與漢奸無異”】亂港頭目、“壹傳媒”創辦人黎智英日前在推特開設新賬戶，並於22日用英文發布了多條推文，除了汙蔑“港區國安法”，他還@美國總統特朗普關註香港情況。對此，有香港學者狠批，黎智英公然勾結外國勢力，顯示他甘願成為外國走狗。（視頻來源：海客新聞）#乱港头目黎智英申请离港被拒##香港##港版国安法#L香港中通社的微博视频,,,,"黎智英跪求特朗普關註香港,乱港头目黎智英申请离港被拒,香港,港版国安法",9,57,133,2020-05-24 10:32,武统超话,,"http://f.video.weibocdn.com/7lfy89d6lx07DvU7Z5X201041200f0V20E010.mp4?label=mp4_ld&template=640x360.25.0&trans_finger=40a32e8439c5409a63ccf853562a60ef&Expires=1592212896&ssig=mYw5sN76VK&KID=unistore,video",
4508152119683543,J3q4zED8b,6382367593,武统号,转发微博,,,,,0,2,4,2020-05-24 16:58,武统Android,,,4508055125351364
4508101111940760,J3oKj88SA,6508016609,风闻社区,死亡数逼近10万特朗普跑自家高尔夫球场打球去了L微丢的微博视频,,,,,37,92,558,2020-05-24 13:35,微博 weibo.com,,"http://f.video.weibocdn.com/0041oKCOgx07DvU3Y6WY01041200cYeP0E010.mp4?label=mp4_ld&template=640x360.25.0&trans_finger=40a32e8439c5409a63ccf853562a60ef&Expires=1592212896&ssig=gwjwgGCQRK&KID=unistore,video",
4508152051760125,J3q4t7nT7,1827527712,AMN001,巴西的开摩托艇啊，所以美国总统level和巴西的一模一样,,,,,0,0,0,2020-05-24 16:57,美图M8s·电影级虚化,,,4508101111940760
4508137493988059,J3pGZgJtx,1175228603,流体服务人类,转发微博,,,,,0,0,0,2020-05-24 15:59,HUAWEI Mate 20,,,4507931170781696
4508137446787101,J3pGUstDn,1158787520,白银八千两,历史一次次证明，强行设立的墙一般起不到什么好的效果，刚开始可能一切正常，但是意想不到的后果总会慢慢侵蚀墙的根基，直到其轰然倒塌。比如特朗普的墙，比如人种之间的墙，比如阶层之间的墙。也比如国内的一些墙，高考、户籍、民族、港澳、互联网……。因疫情设起的墙随着疫情的好转渐渐推倒，其他的墙希望也能随着社会环境的改变，慢慢推倒。,,,,,0,0,0,2020-05-24 15:59,三星Galaxy S10e,,,
4505743673848462,J2ppZg99Y,1606911094,金丝狸猫京剧乐园,特朗普的女儿伊万卡日本演讲，语速不快，发音清晰，神态从容，不愠不火，听众完全被吸引了。伊万卡真是个演讲的天才，看来是经历过大场面的人，难怪她那么自信，难怪许多人预言她会是未来的美国总统，不服气也不行啊！L金丝狸猫京剧乐园的微博视频,,,,,193,27,328,2020-05-18 01:27,360安全浏览器,,"http://f.video.weibocdn.com/3bwyqXjIlx07DlKVp4je0104120171PB0E010.mp4?label=mp4_ld&template=640x360.25.0&trans_finger=40a32e8439c5409a63ccf853562a60ef&Expires=1592212908&ssig=owmrTeE%2Fkn&KID=unistore,video",
4508137443123422,J3pGUd6xM,3926570954,带果粒的酸奶丶,转发微博,,,,,0,0,2,2020-05-24 15:59,小米6 拍人更美,,,4505743673848462
4508137393270763,J3pGPdISf,5860401438,断剑天涯,特朗普“退群”事件一直在发酵中，他已经不在乎再被人多指责一次，“让习惯成为自然”，而他这种分分钟退群，分分钟变脸的习惯，在他看来表现的还不够“淋漓尽致”！如果可以，他可以更极致一点，这才像特朗普风格。O特朗普计划重启核试验,,,,,3,3,2,2020-05-24 15:59,,,,
4508137392484886,J3pGPaqqO,1111657362,用户dl35tojuno,发生了什么？中俄紧急通话，向全球发出危险信号！美媒曝特朗普政府计划重启核试验。...[米尔军事]O发生了什么？中俄紧急通话，向全球发出危险信号！,,,,,0,0,0,2020-05-24 15:59,米尔军事网站,['http://ww1.sinaimg.cn/large/42428b92gy1gf3lj94xrtj2046046wed.jpg'],,
4508137371842211,J3pGN7Jf5,1881400551,九港罒,“很多网友”的意见在现实生活的交流中不会出现如同现实中很难找到特朗普的支持者一样,,,,,0,0,2,2020-05-24 15:59,iPhone,,,
4508137338839002,J3pGJB5qy,7367151577,HarryLevine,转发微博,,,,,0,0,0,2020-05-24 15:59,微博国际版,,,4508134556913877
4508137338025851,J3pGJxFTd,5354525339,少少少糖YS,Repost,,,,,0,0,0,2020-05-24 15:59,微博国际版,,,4508134556913877
4508137322007220,J3pGI8qaw,5720771740,不发顶刊不换名,特朗普:没人比我更懂双标,,,,,0,0,1,2020-05-24 15:59,OPPO Reno Z,['http://ww4.sinaimg.cn/large/006f9M3Wgy1gf3lj52vnjj30ih0bbdop.jpg'],,
4508137322004976,J3pGI8pAk,6742264605,方臣玉fcy,李红亮#平均每个美国人获中国出口口罩近40只#美国病毒靠软口罩阻止，但再多也换不来特朗普们的邪恶用心，可惜了中国口罩。至于防政治病毒扩散，只能用硬实力硬招式硬对硬地回击，别无他法。,,苏州·张家港大戏院,,平均每个美国人获中国出口口罩近40只,0,0,0,2020-05-24 15:59,李红亮超话,,,
4508137304294759,J3pGGi1gj,5884194569,朕玉皇大帝_16211,#美国新冠病毒感染病例超过161万例#美国累计死亡病例近10万，特朗普打高尔夫被骂上热搜…L初吻给了糖的微博视频,,,,美国新冠病毒感染病例超过161万例,0,0,1,2020-05-24 15:59,iPhone客户端,,"http://f.video.weibocdn.com/001Pigsagx07Dw4Wmkd20104120018JX0E010.mp4?label=mp4_ld&template=360x632.24.0&trans_finger=81b11b8c5ffb62d33ceb3244bdd17e7b&Expires=1592212908&ssig=3LI2e4GZkm&KID=unistore,video",
4508094111334692,J3oz15Bdi,1686546714,环球网,【#拜登发视频批特朗普#：美国近10万人死亡，总统却忙着打高尔夫】当地时间23日，特朗普来到位于弗吉尼亚州的“特朗普国家高尔夫球俱乐部”打高尔夫。美民主党总统竞选人、前副总统拜登随即在推特上，发文对其进行批评，并发布了一段视频。配文称“近10万人丧生，数千万人失业，与此同时，总统却忙着打高尔夫。”@环视频L环视频的微博视频,,,环视频,拜登发视频批特朗普,80,172,893,2020-05-24 13:07,,,"http://f.video.weibocdn.com/dF8tQqwNlx07Dw7FhHig010412004iPl0E010.mp4?label=mp4_ld&template=640x360.25.0&trans_finger=40a32e8439c5409a63ccf853562a60ef&Expires=1592212908&ssig=ysVGyuGcdj&KID=unistore,video",
4508137275981241,J3pGDp5ZD,7303772339,星战神尊,转发微博,,,,,0,0,0,2020-05-24 15:59,Android,,,4508094111334692
4508137174421296,J3pGtiybe,7413730240,酒顶天下,美国航空公司要求，恢复纽约到北京、上海、成都的航班班次。我们提出五个条件，如果特朗普答应，那么我们才会考虑是否通航！美国现在截止到今天已经确认超过152万人，并且死亡9.2万人，最严重的地区就是纽约，累计确诊37万人之多！人数都能超越其他世界各国排名世界第二多了！特朗普这个时候，想要把纽约通往中国的航班给恢复了。其心可诛！所以如果想要通航，那么至少得答应中国5个条件再说！第一，所有乘客必须是中国国籍，外国人不得进入中国，加入外国国籍的人也不行！第二，所有乘客必须经过核酸检测，提供中国认可的核酸检测证明！第三，所有乘客到中国后，必须隔离一个月以上，费用自理！第四，必须拥有中国认可的健康码！而且必须是绿码！第五，必须自备半年以上的口罩，口罩必须是符合中国认证标准！如果特朗普同意以上五点要求，我们才会做进一步的考虑。如果不同意，那么特朗普想都不要想，凭什么你说停止通航就停止，你说恢复通航就恢复？真以为自己是世界老大了？！中国人不吃你那一套！[强][强],,彭州市,,,0,0,0,2020-05-24 15:58,OPPO Reno,,,
4507995566352026,J3m04qEs2,2803301701,人民日报,【#美国新冠病毒感染病例超过161万例#】据美国约翰斯·霍普金斯大学疫情实时监测系统显示，截至美东时间5月23日下午5时32分，美国已有新冠病毒感染病例1618471例，其中包括死亡病例96875例。与该系统大约24小时前的数据相比，#美国新增感染病例19840例#，新增死亡病例1028例。（郑琪）,,,,"美国新冠病毒感染病例超过161万例,美国新增感染病例19840例",1733,4817,110470,2020-05-24 06:36,微博 weibo.com,['http://ww4.sinaimg.cn/large/a716fd45ly1gf358znljjj20ob0obk0y.jpg'],,
4508137094276425,J3pGlhWuB,5450071244,没节操,美国都这样了还一直要管别的国家，特朗普说好重建美国，这是要推倒了重建吧,,,,,0,0,1,2020-05-24 15:58,,,,4507995566352026
4508137040202847,J3pGg0QLJ,6301301138,萧奇迈Harvey,甚至对社会的责任、对单位工作的责任……就不会倒下。就是一种责任、就有家》。人活在世上、对家庭妻儿的责任；对父母的责任#特朗普称注射消毒液的说法只是讽刺##婚礼秀#,,蚌埠·禹王・西湾国际,,"特朗普称注射消毒液的说法只是讽刺,婚礼秀",0,0,0,2020-05-24 15:58,iPhone客户端,,,
4502763852415706,J19TPa8r0,7209866866,焦点微记录,祖国反黑站特朗普在联合国的演讲被疯狂嘲笑，他自己脸都红了#跟新浪看热点##美国新冠肺炎确诊人数超120万#L焦点微记录的微博视频,,,,"跟新浪看热点,美国新冠肺炎确诊人数超120万",16,0,22,2020-05-09 20:07,祖国反黑站超话,,"http://f.video.weibocdn.com/cWiRiYlflx07D8DM23kA01041200jwk70E010.mp4?label=mp4_ld&template=480x360.25.0&trans_finger=40a32e8439c5409a63ccf853562a60ef&Expires=1592212908&ssig=hHlD2V9qKk&KID=unistore,video",
4508136976961807,J3pG9td5d,1773379961,野性飞黄腾达,转发微博,,,,,0,0,1,2020-05-24 15:57,魅蓝 Note3,,,4502763852415706
4505218022224139,J2bKa9kBd,6508016609,风闻社区,沈逸：从里根到特朗普，美国总统为啥越来越不像总统？“让美国再伟大”口号，里根政府也提出过，那时美国霸权的确逆势上升。但在特朗普这儿，我们看到美国霸权自我击败、自我否定、慢慢内卷化。新冠冲击后，美国影响力和领导力转移将是历史趋势。若干年后，回望这段历史，特朗普可能成为让美国战略霸权发生重大实质性变化的一任总统而被记入史册。L微丢的秒拍视频,,,,,146,21,202,2020-05-16 14:39,专业版微博,,"http://gslb.miaopai.com/stream/PrzKFMv5OCD3invUvYVq3c-gC8Ti~MlfN-xdhQ__.mp4?yx=&refer=weibo_app&vend=weibo&label=mp4_ld&mpflag=16&Expires=1592212908&ssig=2Ndj5zk2%2Bo&KID=unistore,video",
4508136918684485,J3pG3Arel,2204540760,看见了不同,转发微博,,,,,0,0,0,2020-05-24 15:57,微博搜索,,,4505218022224139
4507786379552814,J3gyFE57E,2656274875,央视新闻,【#柳叶刀直指特朗普推荐药会增加死亡风险#】特朗普多次推荐治疗疟疾的羟（qiǎng）氯喹（kuí）可治疗新冠肺炎，并声称自己正用其预防。包括美国科学家在内的多名科学家，日前在国际权威医学杂志《柳叶刀》发表论文称，没有数据能支撑特朗普的观点，相反，数据显示，使用羟氯喹会增加新冠患者死亡风险↓L央视新闻的微博视频,,,,柳叶刀直指特朗普推荐药会增加死亡风险,358,423,2769,2020-05-23 16:44,微博云剪,,"http://f.video.weibocdn.com/RCSx4DFalx07DuKlRarS01041200aPJv0E010.mp4?label=mp4_ld&template=640x360.25.0&trans_finger=40a32e8439c5409a63ccf853562a60ef&Expires=1592212908&ssig=2dmkFSMo4L&KID=unistore,video",
4508136894110532,J3pG1hfkU,5736788381,viola佳0731,转发微博,,,,,0,0,0,2020-05-24 15:57,OPPO Reno2,,,4507786379552814
4508136834215409,J3pFVhGCt,6854657791,卡卡西冕下,成果对于今天的事情，真的，后援会必须得整改，改换的换，做得不好的必须改正，要不然和特朗普先生有什么区别，遇到事情不解决，唯一的解决办法难道就是删别人发的帖？我还是希望这事情就此翻篇，不要再闹大了。另外，对于那些营销号黑粉大家直接举报不要和他们对线，对线只会让他们越来越膨胀，甚至还会影响到狗哥，更不能认为所有xfx都是狗哥的黑粉，其艺人的粉丝也一样。,,,,,0,4,26,2020-05-24 15:57,成果超话,,,
