﻿id,bid,user_id,用户昵称,微博正文,头条文章url,发布位置,艾特用户,话题,转发数,评论数,点赞数,发布时间,发布工具,微博图片url,微博视频url,retweet_id
4506847761987123,J2S8M8kWn,6340026081,茂哥日记,现在大家都了解特朗普，在特朗普刚上任时，你一定没发现他的致命性格缺陷；即使希拉里告诉你了，你也不可能听得进去......因为当时希拉里就精准总结了：他会把美国带上真正危险之路。#我国1.3亿人患糖尿病###91%网友愿意帮助陌生人#视频来自微信公众号清凉趣历史L茂哥日记的微博视频,,,,我国1.3亿人患糖尿病,423,205,1557,2020-05-21 02:35,微博视频,,"http://f.video.weibocdn.com/001Bfpykgx07DqCdhEOY01041202FbbJ0E010.mp4?label=mp4_ld&template=640x360.25.0&trans_finger=40a32e8439c5409a63ccf853562a60ef&Expires=1592212598&ssig=dRsef82uWe&KID=unistore,video",
4506974837238324,J2VrJun1a,5547418700,goodthought,转发微博,,,,,0,0,0,2020-05-21 10:59,HUAWEI nova 2s,,,4506847761987123
4506974832688895,J2VrJbhvh,3148516963,如果海绵没有了宝宝,美国疫情今天特朗普自曝服用羟氯喹后，异性缘很好是怎样的体验现场记者都惊呆了，重复问了一遍：您在服用羟氯喹？现在吗？估计大家当时的第一反应是，难道特朗普感染新冠了？不然干嘛没事吃药。白宫医生今天特别在声明里强调，特朗普身体健康，没有症,,,,,0,0,0,2020-05-21 10:59,红米Redmi,['http://ww1.sinaimg.cn/large/819d8bc5gy1gexlbw1da7j20zk0k041s.jpg'],,
4506974831725388,J2VrJ7eQQ,6213939561,suiyueran_sun,特朗普扬言可以切断整个中美关系，胡锡进听完发了条微博O特朗普扬言可以切断整个中美关系，胡锡进听完发了条微博,,,,,0,0,0,2020-05-21 10:59,iPhone客户端,,,
4506963529315697,J2V9uD5rb,1499104401,新浪军事,【美国病例占全球30%现在该咋办？特朗普耸耸肩：好吧啥都不做】5月20日，记者问特朗普：美国人口占全世界4%，新冠肺炎确诊病例却占到30%现在该怎么办。特朗普很直白地回答：啥都不做，我们现在就挺好的。@海客新闻L海客新闻的秒拍视频,,,海客新闻,,80,58,307,2020-05-21 10:15,微博 weibo.com,,"http://miaopai.video.weibocdn.com/V4EHW2aElx07DqZfezmE010412006ezg0E013.mp4?label=mp4_ld&template=640x360.25.0&trans_finger=40a32e8439c5409a63ccf853562a60ef&Expires=1592212598&ssig=vv364%2FekW%2F&KID=unistore,video",
4506974824621055,J2VrIjo99,5585830853,夏天的微笑好棒_希热旺莫,转发微博,,,,,0,0,0,2020-05-21 10:59,nova4自拍极点全面屏,,,4506963529315697
4506974820078410,J2VrI0koG,3880062872,华侨路街道石头城社区,特朗普称近两天会停止服药，西班牙第五次申请延长国家紧急状态O网页链接,,,,,0,0,0,2020-05-21 10:59,科普中国,,,
4506974819110939,J2VrHCeaD,2850086151,康大宝的王哥,转发微博,,,,,0,0,0,2020-05-21 10:59,Samsung Galaxy S8+,,,4506847761987123
4506974799044525,J2VrFBWTr,6146742358,dhdbdx,奎宁大家都在用啊，国内卖奎宁的厂家，股价还大拉升了一把，这个大哥不笑话二哥吧，真不是特朗普首创，他确实是傻B，但是这个药就是普遍情况下，反正没特效药，就吃这个药了。,,,,,0,0,1,2020-05-21 10:59,小米8周年旗舰手机,,,
4506974756019365,J2VrBpfUx,2596119483,微丢,【美国确诊病例占全球30%，如果能重来…特朗普：我还这么干】5月20日，记者问特朗普：美国人口占全世界4%，新冠肺炎确诊病例却占到30%，你会改变先前的做法吗？特朗普自信答道：我什么都不会变。随后他还说受疫情冲击最严重的纽约和新泽西州死亡率“非常非常低”（实际上分别为7.92%和7.06%）。最后特朗普还不忘自夸疫情初期禁止中国人入境的决定“又好又快”。目前美国确诊和死亡数均远超其他国家，此前特朗普称确诊多是“荣誉勋章”而遭猛烈抨击。L微丢的微博视频,,,,,8,30,110,2020-05-21 10:59,专业版微博,,"http://f.video.weibocdn.com/003EtJPZgx07DraS2OtV010412005NUb0E010.mp4?label=mp4_ld&template=640x360.25.0&trans_finger=40a32e8439c5409a63ccf853562a60ef&Expires=1592212598&ssig=gUeX9uhckU&KID=unistore,video",
4506954355730778,J2UUHo2PU,5370547595,义勇军--鬼谷子,#特朗普称一两天会停用羟氯喹#L海客新闻的秒拍视频,,,,特朗普称一两天会停用羟氯喹,2,6,4,2020-05-21 09:38,微博 weibo.com,,"http://miaopai.video.weibocdn.com/omxPX3ytlx07Dr1eVV60010412005x5G0E013.mp4?label=mp4_ld&template=640x360.25.0&trans_finger=40a32e8439c5409a63ccf853562a60ef&Expires=1592212598&ssig=9stzf1UYH1&KID=unistore,video",
4506974740413222,J2VrA1JuS,7453640391,莫笙201610,转发微博,,,,,0,0,0,2020-05-21 10:59,小米6 拍人更美,,,4506954355730778
4506974735506670,J2Vrzn6xg,2584551281,毛开云623,【毛开云】美国总统特朗普日前致信世卫组织总干事谭德塞，并在其推特账号上公开发布该信，威胁如果世卫组织威胁世卫组织不缴会费和退群，美国找错了对象、打错了算盘O网页链接,,,,,0,0,0,2020-05-21 10:59,UC浏览器Android,['http://ww2.sinaimg.cn/large/9a0d1f71gy1gezw0btipmj20u10gwjsx.jpg'],,
4506632161816656,J2Mx27CAU,5467852665,紫光阁,"【特朗普称美国感染全球第一是荣誉勋章】19日，美国总统特朗普称，美国现在有很多感染病例，他把这看成""好事""，说明美国""检测得更好""。""如果我们只进行100万次检测，而不是1400万次检测，我们的病例数会少很多""，""所以我认为这是一种荣誉勋章。真的，这是荣誉勋章！""L海客新闻的微博视频",,,,,421,471,1245,2020-05-20 12:18,紫宝宝的Android,,"http://f.video.weibocdn.com/NRfhWM5qlx07DpllqKYw010412005GaL0E010.mp4?label=mp4_ld&template=640x360.25.0&trans_finger=40a32e8439c5409a63ccf853562a60ef&Expires=1592212598&ssig=GFEsKgrKJr&KID=unistore,video",
4506974731725943,J2Vrz7eZN,7456607621,所谓爱人丶Gwqg,转发微博,,,,,0,0,0,2020-05-21 10:59,Android客户端,,,4506632161816656
4506902736809649,J2Tzrszv3,1638782947,新浪财经,"【特朗普的2.2万亿正激励美国工人""保持失业""】#美国工人救济金比工资高#当美国大部分的失业工人在家躺在沙发上看着奈飞冲着浪就能赚到更多钱的时候，美国政府将如何激励他们重返工作岗位？芝加哥大学研究显示：68%的美国失业者现在可以通过政府救济拿到比他们实际工作时更多的钱>>>O特朗普的2.2万亿正激励美国工人""保持失业""",,,,美国工人救济金比工资高,959,1310,4231,2020-05-21 06:13,微博 weibo.com,"['http://ww2.sinaimg.cn/large/61add7e3ly1geznpghggtj20fa08mgs3.jpg', 'http://ww3.sinaimg.cn/large/61add7e3ly1geznpl2awfj20fa0bln8t.jpg']",,
4506974686105055,J2VrupCcD,3876903412,JohnZjjjjj,特朗普有点手段的,,,,,0,0,0,2020-05-21 10:59,麦芒 8,,,4506902736809649
4506974668537271,J2VrszOVV,1855309510,DeliaLin2012,【英国首相史上最大谜团，上海公布湖北来沪病例涉及区域和场所这波操作我服】英国首相鲍里斯的发型一直是个迷，刚上任的时候凭着一头凌乱的金发被称为“英国特朗普”。现在他仿佛更加放飞自我了，速度七十迈，心情是自由自在。风大的时候，大自然就是他最得意的发型师,,,,,0,0,0,2020-05-21 10:59,华为麦芒3,"['http://ww4.sinaimg.cn/large/afe278e2gy1gey90u7z72j20i00a0dgc.jpg', 'http://ww4.sinaimg.cn/large/afe278e2gy1gey90ez34tj20m40hzq4u.jpg', 'http://ww1.sinaimg.cn/large/afe278e2gy1gey90kwecrj20gq0c2765.jpg', 'http://ww3.sinaimg.cn/large/afe278e2gy1gey91543zoj20e809hwf9.jpg', 'http://ww4.sinaimg.cn/large/afe278e2gy1gey91v55gxj20hm0m0419.jpg', 'http://ww1.sinaimg.cn/large/afe278e2gy1gey91ns99bj20jk0clgmi.jpg']",,
4506974663755657,J2VrsfL17,7229660402,币圈夏洛克,有意思特朗普最该加强的是谦逊有点像中国古代帝王的傲慢最后结果是闭关锁国唯我独尊,,,,,0,0,0,2020-05-21 10:59,iPhone客户端,['http://ww4.sinaimg.cn/large/007TgUVQly1gezvzcgwx2j30yi22o1kx.jpg'],,
4506971880145741,J2VmY0BUF,6278115474,微美国USA,【疗程结束#特朗普称将在两天内停服羟氯喹#】5月20日，特朗普表示将在两天内停止服用抗疟疾药物羟氯喹。两天前特朗普自曝已服用该药物约10天，以预防感染新冠病毒。尚无科学研究表明羟氯喹可预防新冠。L微美国USA的微博视频,,,,特朗普称将在两天内停服羟氯喹,22,17,30,2020-05-21 10:48,微博视频,,"http://f.video.weibocdn.com/BUTEkZqVlx07Dra5pMeA010412006V6a0E010.mp4?label=mp4_ld&template=640x360.25.0&trans_finger=40a32e8439c5409a63ccf853562a60ef&Expires=1592212598&ssig=cU0yYxR9qg&KID=unistore,video",
4506974660511331,J2Vrs291h,2975267642,追梦传奇,//@微天下:#特朗普称将在两天内停服羟氯喹#@微美国USA,,,"微天下,微美国USA",特朗普称将在两天内停服羟氯喹,0,0,0,2020-05-21 10:59,荣耀Magic 致未来,,,4506971880145741
4506971859112574,J2VmVCeB0,1686546714,环球网,#纽约州长称中国人戴口罩是正确的#【纽约州长：戴口罩有用，中国人是正确的】据CBS新闻报道，当地时间5月20日，纽约州长科莫就新冠疫情相关情况举行例行发布会。科莫在会上表示，纽约州医生、护士和警察等时常接触人群的工种的新冠肺炎感染率低于普通民众，原因在于他们都戴了口罩，“这些医用外科口罩（在降低新冠感染率方面）起了作用”。说到口罩的效用时，科莫还提起了中国，“（你们应该）记得那些中国人总是戴着口罩的照片吧。我知道他们为什么都戴着口罩了。他们是正确的。戴口罩是有用的，口罩能起到保护作用。”@环视频L环视频的秒拍视频,,,环视频,纽约州长称中国人戴口罩是正确的,510,415,2926,2020-05-21 10:48,,,"http://miaopai.video.weibocdn.com/UT0qqCqxlx07Dr8kYkFa010412006dFR0E013.mp4?label=mp4_ld&template=640x360.25.0&trans_finger=40a32e8439c5409a63ccf853562a60ef&Expires=1592212598&ssig=BmmAt7zNMe&KID=unistore,video",
4506974605839415,J2Vrmov67,7000848066,快乐兔2019,//@神奇知识点:特朗普：瞎说什么大实话？糟糕的州长,,,神奇知识点,,0,0,0,2020-05-21 10:59,HUAWEI Mate 20 Pro,,,4506971859112574
4506974600922190,J2Vrm3RU2,6419158868,一条段子君,"企业家向特朗普哭诉疫情期间损失大，特朗普的反应亮了...没倒闭就算不错了,还抱怨.#社交媒体#L搞笑沙雕的微博视频",,,,社交媒体,0,0,0,2020-05-21 10:59,微博 weibo.com,,"http://f.video.weibocdn.com/gNOUlfcrlx07Dr2Zzjeo010412000Wlu0E010.mp4?label=mp4_ld&template=360x640.24.0&trans_finger=81b11b8c5ffb62d33ceb3244bdd17e7b&Expires=1592212598&ssig=%2FKwSCr0Jf8&KID=unistore,video",
4506974593087983,J2VrlcXkb,1267782897,日辰夜星,//@微天下:#特朗普称将在两天内停服羟氯喹#@微美国USA,,,"微天下,微美国USA",特朗普称将在两天内停服羟氯喹,0,0,0,2020-05-21 10:59,iPhone客户端,,,4506971880145741
4506586351770309,J2Ll97qxn,2075811071,洪灝,在《60分钟》专访的加时节目，美联储主席鲍威尔还解释了负利率为什么是危险的货币政策：“在货币政策宽松方面，美联储已经用了前瞻性指引和资产购买等工具来支持经济和市场。虽然川普推崇负利率，但是美联储里的共识认为，并没有确凿证据证明负利率有效。负利率下，人们的存款缩水，无所适从。同时，银行要付钱才能产生贷款，因此也不想放贷。银行利润受损，整个金融体系将收缩。很多国家都尝试过负利率，然而却没有什么成效。美联储内部共识认为负利率是一种危险的政策工具，因为负利率扭曲了整个金融系统”。的确，如果负利率有用的话，那么日本、欧洲等负利率小白鼠，就不会长时期实行负利率之后经济还是萎靡不振。最近，美国国债期货市场预期美联储将实行负利率。然而，鲍威尔明显极力反对。希望他最后不要迫于压力，“空谈误国”。洪灝L洪灝的微博视频,,,,,715,205,1291,2020-05-20 09:16,,,"http://f.video.weibocdn.com/fbGsRg4qlx07DpsSCvfi01041200d7c00E010.mp4?label=mp4_ld&template=644x360.25.0&trans_finger=40a32e8439c5409a63ccf853562a60ef&Expires=1592212598&ssig=gBqgmzfho3&KID=unistore,video",
4506974580475094,J2Vrk1ZAO,1879921701,唐山于跃,//@水皮:鲍威尔碰到特朗普犹如秀才遇到兵有理说不清。,,,水皮,,0,0,1,2020-05-21 10:58,iPhone客户端,,,4506586351770309
4506974572820432,J2VrjbPIQ,6387084534,Amway互联网上安利一月入过万,"上海招聘🥰🥳一手#工作#，一手#带娃#，还做#副业#🥳#月收入近2万#🥳8小时工作——月入4000零碎时间带娃➕做副业，月入一万三觉得值的，➕微V详聊:282329179化妆#房产中介#创业健康养生健身恋爱#创业##减肥#成都兼职上海兼职#美国洛杉矶市中心突发爆炸##深圳离婚排号##鲁冰花作者钟肇政去世##特朗普这回说漏嘴了##钟南山否认商业代言传闻##网红打卡胜地##社交媒体##招聘##职场##兼职##不想上班##设计师##今天不想加班##职场有话说##加薪##眼综合##一起家庭教育##试管婴儿##一首歌,一个故事##魔道祖师##大学生兼职##手机兼职赚钱##毕业前最后一次寝室夜谈##毕业后第一笔工资做了什么##今年毕业生有多惨##应届生的身份到底有多重要##今年应届生太难了##2019年应届生平均起薪5610元##2019年平均工资出炉##工资不高却经常熬夜的工作##全国各地区最低工资标准##gap停发8万员工工资##上官喜爱真名##副业##副业刚需##没搞副业的我太难了##副业推荐##微商推广##微商代理##微商零食代理#中国外交天团#大国外交##美国疫情##全球疫情##疫情#",,柳州,,"工作,带娃,副业,月收入近2万,房产中介,创业,减肥,美国洛杉矶市中心突发爆炸,深圳离婚排号,鲁冰花作者钟肇政去世,特朗普这回说漏嘴了,钟南山否认商业代言传闻,网红打卡胜地,社交媒体,招聘,职场,兼职,不想上班,设计师,今天不想加班,职场有话说,加薪,眼综合,一起家庭教育,试管婴儿,一首歌,一个故事,魔道祖师,大学生兼职,手机兼职赚钱,毕业前最后一次寝室夜谈,毕业后第一笔工资做了什么,今年毕业生有多惨,应届生的身份到底有多重要,今年应届生太难了,2019年应届生平均起薪5610元,2019年平均工资出炉,工资不高却经常熬夜的工作,全国各地区最低工资标准,gap停发8万员工工资,上官喜爱真名,副业刚需,没搞副业的我太难了,副业推荐,微商推广,微商代理,微商零食代理,大国外交,美国疫情,全球疫情,疫情",0,0,2,2020-05-21 10:58,上海招聘超话,['http://ww3.sinaimg.cn/large/006Yfysugy1gezvznfvivj30fa0m8go1.jpg'],,
4506927193395130,J2UcTefea,1149956613,张慧林,#美国新冠肺炎确诊数超154万#当初的预测还是挺准的！今年1、2月份，美国隔岸观火，幸灾乐祸，白白丧失了中国为其争取的2个月多月的宝贵时间。#天天晨读#今天美国新冠肺炎确诊数超154万，单日确实病例回升到2万例以上，特朗普政府不认真反思自己的失职行为，还在到处甩锅，抹黑别国，这样下去，美国疫情哪天是个头...,,,,"美国新冠肺炎确诊数超154万,天天晨读",11,12,10,2020-05-21 07:50,天天晨读超话,['http://ww3.sinaimg.cn/large/448af205gy1gezq1jqk49j20yi1odk3t.jpg'],,
4506929542130309,J2UgG8WbP,2921985712,---青涩柠檬,#美国新冠肺炎确诊数超154万#今天美国新冠肺炎确诊数超154万，单日确实病例回升到2万例以上，特朗普政府不认真反思自己的失职行为，还在到处甩锅，抹黑别国，这样下去，美国疫情哪天是个头...,,,,美国新冠肺炎确诊数超154万,0,0,2,2020-05-21 08:00,iPhone客户端,,,4506927193395130
4506929533726723,J2UgFfDur,5917736079,全搞笑也,特朗普在接受CNN节目采访时表情各异，专家分析这是一种病态的自信和虚伪的表情。#社交媒体#L全搞笑也的微博视频,,,,社交媒体,0,0,0,2020-05-21 07:59,微博视频,,"http://f.video.weibocdn.com/maVx03Y3lx07DqYx05Xi010412000IC20E010.mp4?label=mp4_ld&template=360x632.24.0&trans_finger=81b11b8c5ffb62d33ceb3244bdd17e7b&Expires=1592212637&ssig=PCtgvt1Q1S&KID=unistore,video",
4506929525939173,J2UgEoV37,1734959391,冰彬兵,#世卫称尚未发现羟氯喹对治疗新冠有效#一方面是世卫组织紧急辟谣，一方面是特朗普侃侃而谈，从服用消毒水到不定期服用羟氯喹预防新冠，真的难以想象特朗普的脑回路是怎样的，比较赞同某网友说的一句话：宁可相信世上有鬼，也别信特朗普的嘴，毕竟特特是辩论鬼才......,,,,世卫称尚未发现羟氯喹对治疗新冠有效,21,47,134,2020-05-21 07:59,热搜第一推荐,"['http://ww2.sinaimg.cn/large/6769611fly1gezqt1excbj20u00m7441.jpg', 'http://ww1.sinaimg.cn/large/6769611fly1gezqt0y308j21iw0qkn1q.jpg', 'http://ww4.sinaimg.cn/large/6769611fly1gezqt4y5f4g209e05akjm.jpg']",,
4506929513408639,J2UgDeiK3,6749272716,樱希林LIN,#世卫称尚未发现羟氯喹对治疗新冠有效#或许这个药只对特朗普一家有效，这个奇葩究竟想怎样，真让人看不透,,,,世卫称尚未发现羟氯喹对治疗新冠有效,0,0,1,2020-05-21 07:59,iPhone 7,,,
4506929495301694,J2UgBmfdc,5999102198,阿咪家八号分店,被佩洛西嘲讽“病态肥胖”，特朗普反击：这女人有病L阿咪家八号分店的微博视频,,,,,0,0,0,2020-05-21 07:59,OPPO Reno3 Pro 5G,,"http://f.video.weibocdn.com/0032fC0Fgx07DqYwFQFN010412001zPm0E010.mp4?label=mp4_ld&template=360x640.24.0&trans_finger=81b11b8c5ffb62d33ceb3244bdd17e7b&Expires=1592212637&ssig=a0KkinK6Qy&KID=unistore,video",
4506929463238909,J2UgydAAt,2574043673,临汾新闻网,【#世卫称尚未发现羟氯喹对治疗新冠肺炎有效#】#关注新冠肺炎#世卫组织卫生紧急项目负责人迈克尔·瑞安表示，到目前为止，尚未发现羟氯喹或氯喹对治疗或预防新冠肺炎有效，实际上，恰恰相反，许多机构已就该药物的潜在副作用发出警告，很多国家已限制该药物仅可用于新冠肺炎临床试验，或在医院有医生监督下服用，因为一系列潜在副作用已发生或可能发生。此前，美国总统特朗普称正在服用羟氯喹。（央视新闻）,,,,"世卫称尚未发现羟氯喹对治疗新冠肺炎有效,关注新冠肺炎",0,0,0,2020-05-21 07:59,nova5Pro人像超级夜景,['http://ww3.sinaimg.cn/large/996cca19ly1gezqor60dhj20rs0rs0t2.jpg'],,
4506929462654024,J2Ugyb8qQ,5673967590,Mua叮叮喵,#世卫称尚未发现羟氯喹对治疗新冠有效#特朗普又不爱听了，美国要对世卫组织断供！退群！,,,,世卫称尚未发现羟氯喹对治疗新冠有效,1,0,0,2020-05-21 07:59,社会真实事件超话,,,
4506909799073519,J2TKPC4r5,1784473157,中国新闻网,【#世卫称尚未发现羟氯喹对治疗新冠有效#】#关注新冠肺炎#世卫组织卫生紧急项目负责人迈克尔·瑞安表示，到目前为止，尚未发现羟氯喹或氯喹对治疗或预防新冠肺炎有效，实际上，恰恰相反，许多机构已就该药物的潜在副作用发出警告，很多国家已限制该药物仅可用于新冠肺炎临床试验，或在医院有医生监督下服用，因为一系列潜在副作用已发生或可能发生。此前，美国总统特朗普称正在服用羟氯喹。L中新视频的秒拍视频,,,,"世卫称尚未发现羟氯喹对治疗新冠有效,关注新冠肺炎",178,384,2984,2020-05-21 06:41,微博 weibo.com,['http://ww4.sinaimg.cn/large/6a5ce645ly1gezoirr1bvj21iw0qkb29.jpg'],,
4506929462501370,J2UgyauIG,6427263349,隔b老周,#世卫称尚未发现羟氯喹对治疗新冠肺炎有效#信特朗普的话准完，这糟老头子坏的很，借疫情夹私货，推销自家有股份的药品，关键这药没效还有很大的副作用，已毫无做人底线。建议特朗普团队每人每天喝一升消毒液，每天用消毒液洗澡浸泡一小时，效果最好。这样,,,,世卫称尚未发现羟氯喹对治疗新冠肺炎有效,0,0,1,2020-05-21 07:59,HUAWEI Mate 30 5G,,,4506909799073519
4505895251967036,J2tmt8fIo,5626136031,我是郭杰瑞,街访美国纽约路人，特朗普抗疫做的怎么样？#美国新增确诊病例20747例##郭杰瑞##海外抗疫日记#L我是郭杰瑞的微博视频,,,,"美国新增确诊病例20747例,郭杰瑞,海外抗疫日记",2866,4158,47829,2020-05-18 11:30,日常 · 视频社区,,"http://f.video.weibocdn.com/000SrBM9gx07Dmp03YqX01041201x8Hn0E010.mp4?label=mp4_ld&template=640x360.25.0&trans_finger=bdef57f06ae52835a2c783ca389e8517&Expires=1592212620&ssig=et%2FpPxVRJT&KID=unistore,video",
4506929429276297,J2UguCVbH,1452181131,洋观日本,#洋观速评#纽约那么多人口，如果真如采访的一样大家讨厌特朗普，估计这次大选特朗普挂了。这也是这几天他天天抓狂有更加疯狂的言论的原因吧！,,,,洋观速评,0,0,0,2020-05-21 07:59,iPhone客户端,,,4505895251967036
4506929105354682,J2UfYmsZQ,2275821565,我今天喝奶茶啦,2020.5.21,,,,,13,0,0,2020-05-21 07:58,,,,
4506929425073990,J2UgulhYy,2275821565,我今天喝奶茶啦,#美国新冠肺炎确诊数超154万#只要特朗普还没被感染他就觉得美国的疫情还不算严重他觉得疫情已经被控制住了，没有人比他更懂病毒,,,,美国新冠肺炎确诊数超154万,0,0,0,2020-05-21 07:59,,,,4506929105354682
4506929420612168,J2Ugu2zfG,1254509761,顺势交易,【一文读懂全球疫情:累计确诊逾496万巴西多位高官政要确诊感染】#财经#原标题：一文读懂全球疫情：全球累计确诊逾496万特朗普认为美...O一文读懂全球疫情:累计确诊逾496万巴西多位高官政要确诊感染@新浪财经,,,新浪财经,财经,0,10,3,2020-05-21 07:59,新浪财经Android版,,,
4506929412469496,J2UgtamqA,1265528640,傲娇的薄荷小姐LY,特朗普咋一天跟个傻子一样,,西安·辛家庙,,,0,0,0,2020-05-21 07:59,荣耀10 AI变色更潮美,,,
4506929042656271,J2UfSb915,2820236807,热门视频合集,特朗普在接受CNN节目采访时表情各异，专家分析这是一种病态的自信和虚伪的表情。#社交媒体#L热门视频合集的微博视频,,,,社交媒体,6,4,5,2020-05-21 07:58,微博视频,,"http://f.video.weibocdn.com/CoofIgMmlx07DqYoHd7i010412000HNB0E010.mp4?label=mp4_ld&template=360x632.24.0&trans_finger=81b11b8c5ffb62d33ceb3244bdd17e7b&Expires=1592212637&ssig=VQuEbHLuJY&KID=unistore,video",
4506929407998145,J2UgsxyGl,1152889037,虎妞741022,转发微博,,,,,0,0,0,2020-05-21 07:59,HUAWEI Mate 10 Pro,,,4506929042656271
4506929383309870,J2UgqdT30,6418001968,笑味君,特朗普在接受CNN节目采访时表情各异，专家分析这是一种病态的自信和虚伪的表情。#社交媒体#L笑味君的微博视频,,,,社交媒体,0,0,0,2020-05-21 07:59,微博视频,,"http://f.video.weibocdn.com/PGZuk5CClx07DqYuqS12010412000IbN0E010.mp4?label=mp4_ld&template=360x632.24.0&trans_finger=81b11b8c5ffb62d33ceb3244bdd17e7b&Expires=1592212637&ssig=1wX44S8WaU&KID=unistore,video",
4506929370423078,J2Ugp1M3Q,5225842992,东营区检察院,#美国新冠肺炎确诊数超154万#美国确诊人数一路飙升，遥遥领先于其他国家美国医生终于怒了，公开指责特朗普！都什么阶段了医护人员的装备还不重视起来？L咪咕头条资讯的微博视频,,,,美国新冠肺炎确诊数超154万,0,0,0,2020-05-21 07:59,HUAWEI nova 2,,"http://locallimit.us.sinaimg.cn/krIrZjCplx07DqVEF3VC010412002bGy0E010.mp4?label=mp4_ld&template=360x640.24.0&trans_finger=81b11b8c5ffb62d33ceb3244bdd17e7b&Expires=1592212637&ssig=8wL4AORaf4&KID=unistore,video",
4506616542510669,J2M7Qax8F,2174585797,王冰汝,#美国疫情#今天特朗普在白宫召开了新冠爆发两个多月以来的首次内阁会议，副总统彭斯也来啦，现场大咖云集，但几乎没人戴口罩。内阁会议电视直播，真的是很考验官员们的业务能力，首先第一个任务是要称赞大统领。这一点副总统彭斯的水平可能无人能及，他的开场白就包括了称赞大统领英明的决定，比如在一月底就颁发对华旅行禁令。第二个任务是汇报工作。财长姆努钦上一次是说要把发给美国人民的1200美元支票印上特朗普的名字，今天他宣布不寄支票了，改成借记卡，上面同样也有特朗普的名字，他还现场送了特朗普一张。当然，里面没钱。第三个任务是表决心，支持美国复工复产。令人万万没有想到的是，最有说服力的讲话来自于美国卫生部长阿扎尔。他说新冠引发的美国经济衰退将会导致未来几年内，因自杀，药物过量，酗酒死亡的人数增加至少六万五千人。更厉害的是，他还请来了一位卫生部的心理学家，证明如果不重新开放，更多的人会在家里憋出精神疾病。L王冰汝的微博视频,,,,美国疫情,1773,779,9252,2020-05-20 11:16,,,"http://f.video.weibocdn.com/hZsuMy0slx07DpB6L0X6010412008tk30E010.mp4?label=mp4_ld&template=640x360.25.0&trans_finger=40a32e8439c5409a63ccf853562a60ef&Expires=1592212637&ssig=p18ZR2igno&KID=unistore,video",
4506929365496518,J2Ugon3Tw,1611865122,Panblack,川建国//@2gua://@来去之间://@花猫哥哥713:开眼界了,,,"2gua,来去之间,花猫哥哥713",,7,0,0,2020-05-21 07:59,微博国际版,,,4506616542510669
4506805453417593,J2R2xel4t,2624755655,后沙月光本尊,我记录在此。等着特朗普的道歉。或许近期他不会，但我相信总有一天他会，如果他尚有基本的常识、判断以及良知的话。我不知道特朗普有什么伟业，但是吃错药将会是他一生的污点，唯有道歉可以洗去这个污点。,,,,,85,146,1220,2020-05-20 23:46,HUAWEI P30 Pro,['http://ww4.sinaimg.cn/large/9c7297c7ly1gezcmm7jh7j20oo0gfdg3.jpg'],,
4506929358422327,J2Ugnzl1Z,6545563082,不改弦,有那味儿了//@拆台CT:摘：我记录在此。等着特朗普的道歉。或许近期他不会，但我相信总有一天他会，如果他尚有基本的常识、判断以及良知的话。我不知道特朗普有什么伟业，但是吃错药将会是他一生的污点，唯有道歉可以洗去这个污点。,,,拆台CT,,0,0,0,2020-05-21 07:59,HUAWEI Mate 20 X,,,4506805453417593
4506929299239997,J2UghCLKd,6898149333,烟雨前夕有竹坞,#世卫称尚未发现羟氯喹对治疗新冠有效#特朗普打脸了吧,,,,世卫称尚未发现羟氯喹对治疗新冠有效,0,0,0,2020-05-21 07:59,宝贝千玺的千纸鹤,['http://ww4.sinaimg.cn/large/007wPVL7ly1gezqsgww03j305a05agls.jpg'],,
4506929290385356,J2Ugh1Cfq,2697652010,天然有机芝麻团za,#美国新冠肺炎确诊数超154万#美国感觉破两百万也不太远了特朗普也真的厉害这个时候了还经常嘴巴讨嫌说些疯言疯语。。。,,,,美国新冠肺炎确诊数超154万,0,0,0,2020-05-21 07:59,Android,,,
4506929289828450,J2UggFePo,5241325459,雾都霁月,#美国新冠肺炎确诊数超154万#这也增加的太快了吧，特朗普究竟有没有做好防控#世卫称尚未发现羟氯喹对治疗新冠肺炎有效#特朗普：没人比我更懂新冠,,,,"美国新冠肺炎确诊数超154万,世卫称尚未发现羟氯喹对治疗新冠肺炎有效",5,0,0,2020-05-21 07:59,OPPO智能手机,,,
4506790592763137,J2QEzbAOJ,6498373231,凤凰王又又,#美国疫情#特朗普：祝贺我的女儿Tiffany从乔治城大学法学院毕业毕业。好学生，好学校。我们家需要一个律师。为Tiff感到骄傲！,,,,美国疫情,212,334,1645,2020-05-20 22:47,iPhone 11,['http://ww4.sinaimg.cn/large/0075MvJtly1gezatfnn4wj30lc0lc0w3.jpg'],,
4506914441951896,J2TSk8bMc,2693989145,_夏虫不可语冰__,这老头就是个自恋狂。感染和死亡人数全球第一都能拿来狂吹一番#黄子韬吐槽特朗普#,,,,黄子韬吐槽特朗普,0,0,8,2020-05-21 07:00,荣耀9 美得有声有色,,,4506790592763137
4506657687900695,J2Nccx9kz,3937348351,共青团中央,【特朗普称美国感染全球最高是荣誉勋章】19日，美国总统特朗普在回答媒体提问时表示，美国新冠病毒感染病例数全球最高，那是因为美国开展了最大数量的病毒检测。特朗普说，美国现在有很多感染病例，但他“不把这看成坏事”，某种意义上，他把这看成是“好事”，说明美国“检测得更好”。特朗普进一步称，“如果我们只进行100万次检测，而不是1400万次检测，我们的病例数会少很多”，“所以我认为这是一种荣誉勋章。真的，这是荣誉勋章。”L海客新闻的微博视频,,,,,240,385,1323,2020-05-20 13:59,,,"http://f.video.weibocdn.com/NRfhWM5qlx07DpllqKYw010412005GaL0E010.mp4?label=mp4_ld&template=640x360.25.0&trans_finger=40a32e8439c5409a63ccf853562a60ef&Expires=1592212651&ssig=C88exQB6qG&KID=unistore,video",
4506914388938444,J2TSeBvis,2699392073,洮南共青团,转发微博,,,,,0,0,0,2020-05-21 06:59,HUAWEI Mate 10,,,4506657687900695
4506914375287700,J2TSdmbzu,6499547494,修身养性的宝,【德国联邦议会评估报告：美国没有法律依据因新冠疫情向中国索赔】美国指责中国隐瞒疫情，甚至要求中国为疫情买单。德国联邦议会就美国的这一怪诞索赔要求做了评估。结论是：美国没有理由向中国索赔。但中国的责任还没有澄清。惩罚中国的措施难以实现。据德国《星星》周刊等多份媒体报道，德国联邦议会的科学服务部就美国向中国索赔的可行性做了一份长达20页的评估报告，认为美国政府因新冠危机带来的经济后果向中国索赔的要求是无法实现的。美国政府的要求既缺乏法律根据，也缺乏理由和实现索赔的可能。科学服务部还认为，就目前情形来看，谁该为疫情负责，尚还不清楚。美国如想对中国实行制裁，想通过安理会来进行，是不可能的，因为中国在安理会上有否决权。如果美国政府还是要单方对中国施加制裁，那就很可能遭到以牙还牙的回报。而要司法控制这种制裁战，是很困难的，因为虽然美国个别联邦州在美国法院对中国提起了诉讼，但美国是不能在自己的法院里审理其他国家的主权行为的。两个超级大国过招，由于缺乏相应的国际法庭职权，不会有国际法庭来审理。德国政府已于四月底驳斥了特朗普的索赔要求。“德国政府认为，向中国索求财政赔偿的问题不存在。”（微嘞個勃）,,,,,0,0,2,2020-05-21 06:59,荣耀8X,['http://ww3.sinaimg.cn/large/0075Rrdcgy1gezp20tfc7j30yg0jeafb.jpg'],,
4506914350086748,J2TSb0mza,6389419854,爱国文青,被佩洛西嘲讽“病态肥胖”，特朗普反击：这女人有病。其实你们俩谁也别说谁，都是病入膏肓之人。#社交媒体##全球疫情#L爱国文青的微博视频,,,,"社交媒体,全球疫情",1,4,13,2020-05-21 06:59,微博视频,,"http://f.video.weibocdn.com/N6U6EQO6lx07DqUo5xqo010412001xW00E010.mp4?label=mp4_ld&template=360x640.24.0&trans_finger=81b11b8c5ffb62d33ceb3244bdd17e7b&Expires=1592212651&ssig=jinsd8cB%2Bs&KID=unistore,video",
4506665922160759,J2Npu946X,2185061607,巫师小子,#特朗普称美国确诊数第一是荣誉勋章#怎么办，我觉得这是中邪了。救吗？L巫师小子的微博视频,,,,特朗普称美国确诊数第一是荣誉勋章,243,347,800,2020-05-20 14:32,微博视频,,"http://f.video.weibocdn.com/C3gHNOCClx07DpOB4v8A010412007DUn0E010.mp4?label=mp4_ld&template=360x640.24.0&trans_finger=81b11b8c5ffb62d33ceb3244bdd17e7b&Expires=1592212651&ssig=RhJelT3EJu&KID=unistore,video",
4506914337765991,J2TS9wAhV,6827869543,侯钙muXQ,呼啸过往,,,,,0,0,0,2020-05-21 06:59,iPhone客户端,,,4506665922160759
4506914333282537,J2TS9dLW9,1947814807,笑面人生814807,近一段时间美国白宫方面不断传出各种制裁中国或者让中国赔偿的法案来。冷静下来，仔细想一想。这未必是特朗普个人的主张。这应该是白宫整个智囊团的一个阴谋。叫“虚虚实实，虚实并存”。因为他们现在正疲于应付国内不断加重的疫情。然而侵略的本性又使他时刻警惕，害怕别国趁人之危对他下手偷袭。而中国又是他最大的假想敌。所以故意给中国制造一些麻烦，麻皮，诱导，牵制中国。其实美国不想也不敢跟中国直接开战！他们胜算不大！美国不想再“在错误的时间，错误的地点，跟错误的对手，打一场错误的战争”！这是“虚”。说他“实”，那就是如果中国一旦中计美国则可以堂而皇之耐掉中国的万亿国债！,,运城·芮城县,,,0,0,1,2020-05-21 06:59,vivo智能手机,,,
4506718439042996,J2OMbBWuM,1887344341,观察者网,【听说特朗普在服“神药”崔娃连说十几个No】19日的《每日秀》节目上，崔娃对特朗普服用羟氯喹的一系列神反应亮了。期间，崔娃表示对特朗普的随行特工感到同情，觉得他们承受了太多本不会面对的困难挑战，比如说一不小心就得防着特朗普吞食一些不该吃的东西。崔娃还做出结论，特朗普说他在服用羟氯喹要么是谎言，要么是在哄骗大众，让他们从美国国内其它丑闻中分心。L微丢的微博视频,,,,,1019,416,6319,2020-05-20 18:01,微博 weibo.com,,"http://f.video.weibocdn.com/003VQWs3gx07Dq2NIpvy01041200dNSJ0E010.mp4?label=mp4_ld&template=640x360.25.0&trans_finger=40a32e8439c5409a63ccf853562a60ef&Expires=1592212651&ssig=RVOJ7OulhO&KID=unistore,video",
4506914328794847,J2TS8ATWn,7454453624,_梅呛褪哟皆抠翘,转发微博,,,,,0,0,0,2020-05-21 06:59,小米手机4,,,4506718439042996
4506914283154752,J2TS4deH6,2462370545,郝景望,特朗普，尴尬了……O网页链接,,,,,0,0,1,2020-05-21 06:59,人民日报客户端,['http://ww3.sinaimg.cn/large/92c4caf1ly1gezp2faep8j205u05ujra.jpg'],,
4506913696112500,J2TR7pE8I,3531189190,傻必,#美国新冠肺炎确诊数超154万#特朗普真是集相声、小品、脱口秀于一身的人。吹牛，不打草稿,,,,美国新冠肺炎确诊数超154万,23,34,640,2020-05-21 06:57,搞笑超话,"['http://ww2.sinaimg.cn/large/d279abc6gy1gezozalcjlj20yi1pc7wh.jpg', 'http://ww1.sinaimg.cn/large/d279abc6gy1gezozbp0l7j20yi1pc4qp.jpg', 'http://ww1.sinaimg.cn/large/d279abc6gy1gezozug5r6j20yi1pcqqc.jpg', 'http://ww4.sinaimg.cn/large/d279abc6gy1gezoztjpafj20yi1pce81.jpg', 'http://ww2.sinaimg.cn/large/d279abc6gy1gezozy4ey0j20yi1pcdxb.jpg', 'http://ww1.sinaimg.cn/large/d279abc6gy1gezoz8tli6j20yi1pcdt8.jpg', 'http://ww1.sinaimg.cn/large/d279abc6gy1gezozz9jk2j20yi1pc4qp.jpg', 'http://ww4.sinaimg.cn/large/d279abc6gy1gezozwrxhoj20yi1pc1kx.jpg', 'http://ww2.sinaimg.cn/large/d279abc6gy1gezp004pnuj20yi1pck55.jpg']",,
4506914279738293,J2TS3ERnf,5389985762,bomboom_,特朗普特别会说,,,,,0,0,0,2020-05-21 06:59,2019微博极速版,,,4506913696112500
4506688603878942,J2O04gh5A,5688313870,秦砖汉瓦无言,特朗普：假如不对中国进行单独调查，美国将永久停止对世卫组织的资助！世卫组织：不想交钱直说，拿中国当借口干嘛！特朗普：最后给你们30天时间，你们自己考虑清楚了！世卫组织：我们不会单独去调查任何一个国家，假如你硬要这样做，那么我们也会考虑调查你们国家。特朗普：敬酒不吃吃罚酒，你们这样的态度，我们美国将考虑退出世卫组织！世卫组织：随便你，反正你在里面也不交钱！#邪恶轴心美国#L来点石锤的微博视频,,,,邪恶轴心美国,284,467,3262,2020-05-20 16:02,,,"http://f.video.weibocdn.com/004boWzTgx07CQuepK2c0104120078CI0E010.mp4?label=mp4_ld&template=640x360.25.0&trans_finger=40a32e8439c5409a63ccf853562a60ef&Expires=1592212651&ssig=RNwf%2BfmaSH&KID=unistore,video",
4506914262942743,J2TS2clxB,5378444590,黄瓜炸青汁,转发微博,,,,,0,0,0,2020-05-21 06:59,iPhone客户端,,,4506688603878942
4506914262374995,J2TS29XQn,6028489188,u夕姬月,没有方法能使时钟为我敲已过去了的钟点,,,,,0,0,0,2020-05-21 06:59,iPhone客户端,,,4506665922160759
4506914253969404,J2TS1gECE,6073877199,囊囊囊囊囊囊囊,被佩洛西嘲讽“病态肥胖”，特朗普反击：这女人有病。其实你们俩谁也别说谁，都是病入膏肓之人。L热门表哥的微博视频O网页链接,,,,,0,0,0,2020-05-21 06:59,即刻笔记,,"http://f.video.weibocdn.com/0018fcmUgx07DpMrnAL5010412001voq0E010.mp4?label=mp4_ld&template=360x640.24.0&trans_finger=81b11b8c5ffb62d33ceb3244bdd17e7b&Expires=1592212651&ssig=cPh9iXLR7r&KID=unistore,video",
4506593389095337,J2LwuCa6Z,2356166212,军机不可泄露,#特朗普称美国感染全球最高是荣誉勋章#【特朗普又造“洗脑金句”：美国确诊人数全球第一是因为他们的检测做得最好，这是一种荣誉勋章…L青蜂侠Bee的秒拍视频,,,,特朗普称美国感染全球最高是荣誉勋章,24,83,474,2020-05-20 09:44,吃点好的吧Android,,"http://miaopai.video.weibocdn.com/Jjc9yOBplx07Dpqkkr4c010412007usH0E013.mp4?label=mp4_ld&template=640x360.25.0&trans_finger=40a32e8439c5409a63ccf853562a60ef&Expires=1592212651&ssig=k8T8%2FJL%2BXd&KID=unistore,video",
4506914248982871,J2TS0BGR1,7183358550,用户7183358550,转发微博,,,,,0,0,0,2020-05-21 06:59,坚果手机 Pro 2,,,4506593389095337
4506914246139638,J2TS0pLcq,1703371307,北京晚报,"#世卫称尚未发现羟氯喹对治疗新冠有效#【特朗普称正在服用羟氯喹,#世卫称尚未发现羟氯喹对治疗新冠肺炎有效#】当地时间20日，世卫组织总干事谭德塞表示，73届世界卫生大会卓有成效。世卫组织卫生紧急项目负责人迈克尔·瑞安表示，到目前为止，#尚未发现羟氯喹对治疗新冠肺炎有效#或预防新冠肺炎有效，实际上，恰恰相反，许多机构已就该药物的潜在副作用发出警告，很多国家已限制该药物仅可用于新冠肺炎临床试验，或在医院有医生监督下服用，因为一系列潜在副作用已发生或可能发生。迈克尔·瑞安强调，每个国家当局都应就相关证据权衡和评估是否使用该药物，目前世卫组织已把羟氯喹或氯喹用于“团结试验”项目的部分临床试验，世卫组织建议将其使用限于此类试验中。此前，美国总统特朗普称正在服用羟氯喹。#世卫组织称尚未发现羟氯喹对治疗新冠有效#O网页链接L央视新闻的微博视频",,,,"世卫称尚未发现羟氯喹对治疗新冠有效,世卫称尚未发现羟氯喹对治疗新冠肺炎有效,尚未发现羟氯喹对治疗新冠肺炎有效,世卫组织称尚未发现羟氯喹对治疗新冠有效",4,12,22,2020-05-21 06:59,,,"http://f.video.weibocdn.com/u0m9RPM0lx07DqYH9aoo010412004cDb0E010.mp4?label=mp4_ld&template=640x360.25.0&trans_finger=40a32e8439c5409a63ccf853562a60ef&Expires=1592212651&ssig=X8oh3ZW67V&KID=unistore,video",
4506914241875693,J2TS07RX7,3198547901,道之阅,年前美国说的话，什么工厂关闭，什么小孩满街要钱，等等之类的话，说的就是双关语，暗意指病毒的侵袭，造成的灾难，这是恶毒的人，然又是恶为道，善为道，都是赋性的问题对于特朗普的为人，早就有言论。,,,,,0,1,1,2020-05-21 06:59,vivo AI智慧拍照X21,,,
4506914229278844,J2TRYCVQM,6888620206,明吉玟护士,,,,,,0,0,0,2020-05-21 06:59,iPhone客户端,,,4506665922160759
4506808721818148,J2R7O7CYY,6004281123,梨视频,【#特朗普与奥巴马到底有什么矛盾#？盘点#特朗普奥巴马恩仇录#】5月10日，特朗普发推特诉奥巴马犯下了“美国历史上最大的政治犯罪”，起因是奥巴马在与3000多名前助手和前官员的电话会议中指责特朗普应对此次疫情不力。两人的紧张关系早在2016年总统选举时就已经开始了。@时差视频L时差视频的微博视频,,,时差视频,"特朗普与奥巴马到底有什么矛盾,特朗普奥巴马恩仇录",26,52,286,2020-05-20 23:59,微博 weibo.com,,"http://f.video.weibocdn.com/002A9lYpgx07Dq1SRAEg01041200pT7w0E010.mp4?label=mp4_ld&template=360x640.24.0&trans_finger=81b11b8c5ffb62d33ceb3244bdd17e7b&Expires=1592212651&ssig=DQrhetZt2l&KID=unistore,video",
4506914228239786,J2TRYyzxM,1884930462,没有下巴的小王,转发微博,,,,,0,0,0,2020-05-21 06:59,HUAWEI Mate 20 X,,,4506808721818148
4506607519953815,J2LThFLrp,1914175080,思鸣法槌,【#特朗普称美国确诊数全球第一是荣誉勋章#】当地时间19日，特朗普在白宫表示：“美国新冠确诊病例全球第一是因为我们进行了更多病毒检测。某种角度看这是好事，意味着我们检测工作更好。我将其视为荣誉徽章！”#美国新冠肺炎确诊病例超152万#（央视新闻）L海客新闻的微博视频,,,,"特朗普称美国确诊数全球第一是荣誉勋章,美国新冠肺炎确诊病例超152万",115,16,214,2020-05-20 10:40,iPhone客户端,,"http://f.video.weibocdn.com/NRfhWM5qlx07DpllqKYw010412005GaL0E010.mp4?label=mp4_ld&template=640x360.25.0&trans_finger=40a32e8439c5409a63ccf853562a60ef&Expires=1592212651&ssig=C88exQB6qG&KID=unistore,video",
4506914220942620,J2TRY3Xdy,6380844863,冗长赛中半带子9o,转发微博,,,,,0,0,0,2020-05-21 06:59,iPhone客户端,,,4506607519953815
4506914169710645,J2TRSEKbj,3859999666,zsm微博,特朗普的儿女都很优先，不容易啊。不知道他有什么秘籍～//@欧阳凌军FRANKAU:#美国疫情#特朗普：祝贺我的女儿Tiffany从乔治城大学法学院毕业毕业。好学生，好学校。我们家需要一个律师。为Tiff感到骄傲！PS：这张照片的父女情还是挺温馨的，大统领到底有几个女儿，都是这么优秀👍,,,欧阳凌军FRANKAU,美国疫情,0,0,1,2020-05-21 06:58,HUAWEI Mate 30 5G,,,4506790592763137
