﻿id,bid,user_id,用户昵称,微博正文,头条文章url,发布位置,艾特用户,话题,转发数,评论数,点赞数,发布时间,发布工具,微博图片url,微博视频url,retweet_id
4502353082836851,J0ZdibTZF,2596119483,微丢,【白宫新发言人过往言论被翻出：猛批特朗普激进虚伪】近日，美国有线电视新闻网（CNN）爆料，现在力挺特朗普的白宫新任新闻秘书凯蕾•麦克尼，几年前却是批评特朗普的常客。她曾直接批评特朗普观点激进，应为自己的言论道歉。麦克尼说，“共和党现在只能推举他来竞选的这个局面，令人遗憾。”但随着特朗普支持率上涨，麦克尼开始为他针对墨西哥移民的言论进行辩护。#白宫新任新闻秘书曾猛批特朗普#L微丢的微博视频,,,,白宫新任新闻秘书曾猛批特朗普,21,40,127,2020-05-08 16:54,专业版微博,,"http://f.video.weibocdn.com/lXtBVlgGlx07D6PFL3ny01041200g7OS0E010.mp4?label=mp4_ld&template=640x360.25.0&trans_finger=40a32e8439c5409a63ccf853562a60ef&Expires=1592210676&ssig=cvQCz9ymxR&KID=unistore,video",
4502354386683396,J0Zfos2EI,1756881511,啃瓜醋泪笋丝,转发微博,,,,,0,0,0,2020-05-08 16:59,iPhone客户端,,,4502353082836851
4502290038778687,J0XzBAPJJ,2656274875,央视新闻,【#特朗普或需每天接受新冠病毒检测#】白宫证实，#特朗普一名贴身工作人员确诊#，隶属美国海军现役，协助总统及其家庭处理私人事务，负责总统饮食，有时还陪同总统家庭出行。美国总统特朗普和副总统彭斯已接受病毒检测，结果均为阴性。特朗普今后可能需要每天接受检测。L央视新闻的微博视频,,,,"特朗普或需每天接受新冠病毒检测,特朗普一名贴身工作人员确诊",487,1224,15018,2020-05-08 12:44,微博云剪,,"http://f.video.weibocdn.com/ZbO7YTWvlx07D6ytgMOk01041200bG6K0E010.mp4?label=mp4_ld&template=640x360.25.0&trans_finger=40a32e8439c5409a63ccf853562a60ef&Expires=1592210676&ssig=Ik2e4V8RSZ&KID=unistore,video",
4502354361873294,J0Zfm7Rkq,1979049900,南京高淳城管,转发微博,,,,,0,0,0,2020-05-08 16:59,360安全浏览器,,,4502290038778687
4467919485937109,IsuTyoUvP,5872636712,水山水山水山,PBS前线美国大分裂:从奥巴马到特朗普1/2(2020)#水山汉化#1这是PBS前线2020年开年史诗大片，通盘讲述2008年到2020年间美国两党政斗，如果走到今天这个地步。2上集从奥巴马竞选开始一直讲到2016年离任，从开始的雄心壮志到最后的灰心丧气3本以为黑人总统当选是美国团结新象征，没想到导致右翼最大反弹，造成最大分裂4反弹不仅针对民主党，连共和党建制派的几批人也整的狼狈不堪，使茶党和特朗普得势L水山水山水山的微博视频,,,,水山汉化,7284,648,4883,2020-02-03 16:27,微博视频,,"http://f.video.weibocdn.com/000W6rzElx07AFhdAm8U0104120fJa7C0E060.mp4?label=mp4_ld&template=640x360.25.0&trans_finger=bdef57f06ae52835a2c783ca389e8517&Expires=1592210676&ssig=OldgwIZVZC&KID=unistore,video",
4502354345852830,J0ZfkoyAu,1737416583,随便了的叶子,//@光头六爷:教授隆重推荐，非常优秀的片子,,,光头六爷,,0,0,0,2020-05-08 16:59,HUAWEI Mate30 Pro 5G,,,4467919485937109
4502179504915415,J0UHkkCIT,1847123567,香港商報網,【特朗普向40多国领导人打电话施压，要求“统一甩锅”中国】过去三周，特朗普给40多位盟国的领导人打电话，主题就是统一口径，将疫情责任“甩锅”给中国。但在电话中，多位欧洲领导人对美方执意加剧与中国的紧张关系保持警惕。而推动特朗普采取这些更强硬立场的人之一，就是特朗普的高级顾问，女婿库什纳。L小央视频的秒拍视频,,,,,917,911,7751,2020-05-08 05:25,微博 weibo.com,,"http://miaopai.video.weibocdn.com/CLV7Usqxlx07D5nqnGRq010412009jTw0E013.mp4?label=mp4_ld&template=640x360.25.0&trans_finger=40a32e8439c5409a63ccf853562a60ef&Expires=1592210651&ssig=JjRLlEcmgD&KID=unistore,video",
4502354294391863,J0Zffiqwv,7383402244,改可g比那大_t,转发微博,,,,,0,0,0,2020-05-08 16:59,HUAWEI nova 2s,,,4502179504915415
4502354278026036,J0ZfdxFWc,7187603857,Ro65206,#晒出正能量#《国际疫情丨美国疫情刻不容缓，特朗普却带着女助手“休假”去了？》特朗普的随行人员还有她的女婿以及特朗普的绯闻情人，这也就更加深了许多媒体的猜测。O网页链接,,,,晒出正能量,0,0,0,2020-05-08 16:59,百度App,['http://ww1.sinaimg.cn/large/007Qqs6tgy1gel5cqbw8dj308o05s3yl.jpg'],,
4502354256330177,J0ZfbqyLD,1980481147,盘和林经济观察,【#特朗普将每天接受新冠病毒检测#】本次疫情全球什么时候转折，以什么形式转折。搞不好会以特朗普感染新冠疫情为转折。因为这样，才会引起全世界大部分国家足够的重视。特朗普身边工作人员检测出新冠肺炎，而特朗普，前几天在视察口罩工厂的时候没有戴口罩。甚至于号召州民反抗居家禁令。其态度一直是反对隔离，从而让美国疫情整体失控。如果总统没有防护意识，那么身边工作人员如何能够充分防护，病毒又不挑人。对于美国，总统患病的心理冲击会比较大，对于特朗普，他年纪不小，属于高危人群，而英国首相约翰逊似乎没有警示到美国人。,,,,特朗普将每天接受新冠病毒检测,0,0,0,2020-05-08 16:59,微博 weibo.com,['http://ww2.sinaimg.cn/large/760bbe7bly1gel5csctmuj20bv0adweq.jpg'],,
4502089097215885,J0Slvuhbf,5964184998,安徽反邪教,【白宫确认#特朗普一名贴身工作人员确诊#新冠肺炎】当地时间今天，美国有线电视新闻网称特朗普的一名贴身工作人员确诊新冠肺炎。该工作人员隶属美国海军，为白宫精英部队的成员之一，需要和特朗普近距离接触。白宫随后发表声明确认了这一消息。为确保安全，#特朗普再次接受新冠病毒测试#。目前，#特朗普每周都接受新冠病毒测试#。（央视）,,,,"特朗普一名贴身工作人员确诊,特朗普再次接受新冠病毒测试,特朗普每周都接受新冠病毒测试",50,57,57,2020-05-07 23:25,OPPO R15x,['http://ww4.sinaimg.cn/large/006vD6Yely1gekawh2tk7j30m80m8abv.jpg'],,
4502354240206180,J0Zfa0RDu,6311272256,池州反邪教,白宫确认#特朗普一名贴身工作人员确诊#新冠肺炎,,,,特朗普一名贴身工作人员确诊,0,0,0,2020-05-08 16:59,微博 weibo.com,,,4502089097215885
4502210542624413,J0Vvob0Jf,2656274875,央视新闻,【#靠近特朗普工作人员被紧急检测病毒#】CNN报道，当地时间7日，美国白宫证实#特朗普一名贴身工作人员确诊#新冠肺炎，白宫紧急为上百名工作人员安排病毒检测，包括任何可能靠近特朗普的特勤局特工和军人。特朗普表示，与确诊工作人员“并无太多接触”，白宫内部病毒检测将从每周一次改为每日一次。（央视记者王逢治）,,,,"靠近特朗普工作人员被紧急检测病毒,特朗普一名贴身工作人员确诊",1578,3204,66848,2020-05-08 07:28,微博 weibo.com,['http://ww1.sinaimg.cn/large/9e5389bbly1gekow3sm2mj20m80m8tfg.jpg'],,
4502354236234059,J0Zf9q9Ll,6380456031,天天向上1593358,哈哈哈😄//@股市股道:怕什么？特朗普最懂病毒，还有独家喝消毒液治疗法。,,,股市股道,,0,0,0,2020-05-08 16:59,iPhone客户端,,,4502210542624413
4502354227339963,J0Zf8uNsv,7431855536,eternalinterest,转发微博,,,,,0,0,0,2020-05-08 16:59,荣耀V8 脱影而出,,,4502353082836851
4502296320738247,J0XJK363d,3304413334,律师陆伟民,世界上最大粮食进口国在讲世界上粮食最大出口国的五分之一的儿童吃不饱，如果友们不信的话我可信了，因为这是人民日报发布的......,,,,,129,43,238,2020-05-08 13:09,iPhone客户端,['http://ww4.sinaimg.cn/large/c4f55896ly1gekyonralnj20v91vo1kx.jpg'],,
4502354210315232,J0Zf71k0o,2172977800,billjoe,//@蒋祖权评论:美帝应该立即采取“忙时吃干，闲时吃稀”的措施，就是不知道特朗普有没有这个脑子？,,,蒋祖权评论,,0,1,0,2020-05-08 16:59,iPhone客户端,,,4502296320738247
4502354147221159,J0Zf0uiyj,1314678545,山下小野菊地,转发微博,,,,,0,0,0,2020-05-08 16:59,HUAWEI Mate 20 Pro,,,4502290038778687
4502010672114958,J0Qj18Sce,1893801487,微天下,【#白宫发言人一口气怼遍4家美媒#】5月6日，记者质问白宫新任发言人麦肯尼：在加入白宫前，你在福克斯电视台上称特朗普不会让“新冠病毒”感染全美国，你现在会不会收回当时的话？麦肯尼直接一口气怼遍台下4家美媒：你们曾说流感比病毒严重，你们会收回当时的话吗？说完扭头就走。@海客新闻L海客新闻的秒拍视频,,,海客新闻,白宫发言人一口气怼遍4家美媒,93,159,471,2020-05-07 18:14,专业版微博,,"http://miaopai.video.weibocdn.com/HcZFVczjlx07D52O6bfG01041200bp800E013.mp4?label=mp4_ld&template=640x360.25.0&trans_finger=40a32e8439c5409a63ccf853562a60ef&Expires=1592210676&ssig=o8EaJYXHGw&KID=unistore,video",
4502354080637405,J0ZeU2FOJ,2310816392,布梅路AL,//@josephine与chris:怼得很在点上。长得也漂亮。,,,josephine与chris,,0,0,0,2020-05-08 16:58,小米6X 拍人更美,,,4502010672114958
4502354060609994,J0ZeS2yGC,5099054952,浊酒纵欢,#特朗普一名贴身工作人员确诊#贴身工作人员都确诊了，特朗普难怪要每天检测,,,,特朗普一名贴身工作人员确诊,0,0,0,2020-05-08 16:58,,,,
4502085134119185,J0Sf7hhAt,1499104401,新浪军事,【特朗普向40多国领导人打电话施压，要求“统一甩锅”中国，幕后是他女婿怂恿？】过去三周，特朗普给40多位盟国的领导人打电话，主题就是统一口径，将疫情责任“甩锅”给中国。但在电话中，多位欧洲领导人对美方执意加剧与中国的紧张关系保持警惕。而推动特朗普采取这些更强硬立场的人之一，就是特朗普的高级顾问，女婿库什纳。L小央视频的秒拍视频@小央视频,,,小央视频,,709,867,4942,2020-05-07 23:10,微博 weibo.com,,"http://miaopai.video.weibocdn.com/CLV7Usqxlx07D5nqnGRq010412009jTw0E013.mp4?label=mp4_ld&template=640x360.25.0&trans_finger=40a32e8439c5409a63ccf853562a60ef&Expires=1592210651&ssig=JjRLlEcmgD&KID=unistore,video",
4502354060319485,J0ZeS1l6Z,1909554731,小胡同里赶猪,没有人比我更懂得甩锅,,,,,0,0,0,2020-05-08 16:58,小米6 拍人更美,,,4502085134119185
4502354038842101,J0ZePB6ex,7383061855,战到q口确带_lF,转发微博,,,,,0,0,0,2020-05-08 16:58,魅蓝 5,,,4502010672114958
4502260774539146,J0WOpj2Q2,5044281310,澎湃新闻,【#特朗普一名贴身工作人员确诊#，#特朗普每日接受新冠检测#】当地时间5月7日，美国总统特朗普的一名贴身随从新冠检测结果呈阳。特朗普表示与这名随从的接触很少，同时将把每周接受检测改为每日一测。最近两天他的检测结果均为阴性。O贴身随从确诊，特朗普每日接受新冠检测L澎湃新闻的微博视频,,,,"特朗普一名贴身工作人员确诊,特朗普每日接受新冠检测",45,120,323,2020-05-08 10:47,微博视频,,"http://f.video.weibocdn.com/8LcRr0TXlx07D6qtV8G401041200bIjb0E010.mp4?label=mp4_ld&template=640x360.25.0&trans_finger=40a32e8439c5409a63ccf853562a60ef&Expires=1592210690&ssig=%2Fgz8md2JsA&KID=unistore,video",
4502339286790901,J0YR2suCF,2073728040,怀宁春之声,特朗普自信地说皮厚之人可以不戴口罩。,,,,,0,0,0,2020-05-08 15:59,OPPO R9s Plus,,,4502260774539146
4502306408710797,J0Y00Ay4J,1663072851,中国日报,【#特朗普或需每天接受新冠病毒检测#】白宫证实，#特朗普一名贴身工作人员确诊#，隶属美国海军现役，协助总统及其家庭处理私人事务，负责总统饮食，有时还陪同总统家庭出行。美国总统特朗普和副总统彭斯已接受病毒检测，结果均为阴性。特朗普今后可能需要每天接受检测。@央视新闻L央视新闻的微博视频,,,央视新闻,"特朗普或需每天接受新冠病毒检测,特朗普一名贴身工作人员确诊",11,45,100,2020-05-08 13:49,,,"http://f.video.weibocdn.com/ZbO7YTWvlx07D6ytgMOk01041200bG6K0E010.mp4?label=mp4_ld&template=640x360.25.0&trans_finger=40a32e8439c5409a63ccf853562a60ef&Expires=1592210690&ssig=S%2BAu7DxPSB&KID=unistore,video",
4502339286782706,J0YR2ssuu,5642258825,泓先森,转发微博,,,,,0,0,0,2020-05-08 15:59,HUAWEI P30,,,4502306408710797
4502324217133030,J0YsJtVCS,1974561081,网易财经,【#盖茨妻子给特朗普政府抗疫打分D-#：整整错失了两个月】5月8日消息，比尔·盖茨的妻子梅琳达·盖茨在接受采访时表示，给特朗普政府的应对疫情打分D-（勉强及格）。她表示，“我们需要国家一级的领导，我们国家整整错失了几乎两个月的反应时间。“现在的美国有“50个州各自不同的解决方案，而不是国家应对方案。”L大佬时间的微博视频,,,,盖茨妻子给特朗普政府抗疫打分D-,10,4,14,2020-05-08 15:00,微博 weibo.com,,"http://f.video.weibocdn.com/mi83BxXklx07D6FfOKUg010412008m2V0E010.mp4?label=mp4_ld&template=360x640.25.0&trans_finger=bdef57f06ae52835a2c783ca389e8517&Expires=1592210690&ssig=hrv7ILDaFz&KID=unistore,video",
4502339279668018,J0YR1Ez5M,1585396097,金粉洒家,转发,,,,,0,0,0,2020-05-08 15:59,iPhone客户端,,,4502324217133030
4502320183188690,J0Ymednwu,7283364547,来点石锤,#白宫新发言人曾称特朗普是个表演者#美国白宫新发言人凯莉•麦肯内妮上任后，CNN扒出她在2015年曾抨击特朗普是个“表演者”、“言论天真”，尴尬不大统领，净说大实话L小央视频的秒拍视频,,,,白宫新发言人曾称特朗普是个表演者,2,5,20,2020-05-08 14:44,微博 weibo.com,,"http://miaopai.video.weibocdn.com/D59vhBKnlx07DeRBvrv2010412002Moq0E013.mp4?label=mp4_ld&template=360x640.25.0&trans_finger=40a32e8439c5409a63ccf853562a60ef&Expires=1592210690&ssig=Xj5ggIK8CY&KID=unistore,video",
4502339265757501,J0YR0o9MV,6206186814,秋阳生含濛,转发微博,,,,,0,0,0,2020-05-08 15:59,HUAWEI Mate 20,,,4502320183188690
4502062095051798,J0RDXlccC,1944375784,大象军事,委内瑞拉俘获的前绿色贝雷帽雇佣军也被证明是特朗普的安全成员同时，几乎所有的西方“媒体”都意料之中地保持“无线电静默”（沉默），华盛顿与懂王否认一切（他们别无选择）。#猪湾2.0事件#的笨猪们让全世界的小伙伴们都惊呆了，居然可以发生这么“名垂青史”的故事...#委内瑞拉好样的#,,,,"猪湾2.0事件,委内瑞拉好样的",9,8,28,2020-05-07 21:38,360安全浏览器,"['http://ww2.sinaimg.cn/large/73e4d1e8gy1gek7qzb9ttj20p00c43zr.jpg', 'http://ww1.sinaimg.cn/large/73e4d1e8gy1gek7r2wjd3j20iv0dfjsa.jpg']",,
4502339199357197,J0YQTDgex,1825604774,钟信咖啡哥,特朗普怎么还不被传染新冠病毒呀，这种人无德，是该教训一下的时候了。,,,,,0,0,0,2020-05-08 15:59,vivo 全新水滴屏手机,,,4502062095051798
4502337572164034,J0YOh94XM,2183570524,雪球,【#盖茨妻子给特朗普政府抗疫打分D-#：整整错失了两个月】5月8日消息，比尔·盖茨的妻子梅琳达·盖茨在接受采访时表示，给特朗普政府的应对疫情打分D-（勉强及格）。她表示，“我们需要国家一级的领导，我们国家整整错失了几乎两个月的反应时间。“现在的美国有“50个州各自不同的解决方案，而不是国家应对方案。”@时间视频L大佬时间的微博视频,,,时间视频,盖茨妻子给特朗普政府抗疫打分D-,84,71,262,2020-05-08 15:53,专业版微博,,"http://f.video.weibocdn.com/mi83BxXklx07D6FfOKUg010412008m2V0E010.mp4?label=mp4_ld&template=360x640.25.0&trans_finger=bdef57f06ae52835a2c783ca389e8517&Expires=1592210690&ssig=hrv7ILDaFz&KID=unistore,video",
4502339128617132,J0YQMA9I0,7189703009,学海无涯_19686,mark,,,,,0,0,0,2020-05-08 15:59,微博 weibo.com,,,4502337572164034
4502339128168386,J0YQMygYa,1891711061,传媒李明,#川普总统##特朗普一名贴身工作人员确诊#特朗普一名贴身工作人员确诊新冠肺炎，白宫紧急为上百名工作人员安排病毒检测，包括任何可能靠近特朗普的特勤局特工和军人。特朗普表示：与确诊工作人员并无太多接触。#美国##全球疫情##美国疫情##美国大选#L风之子FC的微博视频,,,,"川普总统,特朗普一名贴身工作人员确诊,美国,全球疫情,美国疫情,美国大选",0,0,0,2020-05-08 15:59,iPhone X,,"http://f.video.weibocdn.com/004GljcJgx07D6oVAdRB010412000wSC0E010.mp4?label=mp4_ld&template=360x636.24.0&trans_finger=81b11b8c5ffb62d33ceb3244bdd17e7b&Expires=1592210690&ssig=FdhAAMjzAe&KID=unistore,video",
4502078104009537,J0S3MgP3X,5370547595,义勇军--鬼谷子,#白宫发言人一口气怼遍4家美媒#L海客新闻的秒拍视频,,,,白宫发言人一口气怼遍4家美媒,10,19,40,2020-05-07 22:42,微博 weibo.com,,"http://miaopai.video.weibocdn.com/HcZFVczjlx07D52O6bfG01041200bp800E013.mp4?label=mp4_ld&template=640x360.25.0&trans_finger=40a32e8439c5409a63ccf853562a60ef&Expires=1592210690&ssig=JTeg2Cp79I&KID=unistore,video",
4502339111048906,J0YQL4oRQ,5561950530,我是爱吃猪肉的阿訇,转发微博,,,,,0,0,0,2020-05-08 15:59,微博 weibo.com,,,4502078104009537
4502306592663717,J0Y0jbaXb,1974576991,环球时报,【#白宫信仰顾问称特朗普会恢复一切#】当地时间5月7日，白宫信仰顾问宝拉·怀特在活动上为疫情中的美国祈祷，她把特朗普比作圣经中的大卫王，称他将恢复一切。（《环球时报》三缺二视频组）@这视频L这视频的秒拍视频,,,这视频,白宫信仰顾问称特朗普会恢复一切,149,355,1038,2020-05-08 13:50,微博 weibo.com,,"http://miaopai.video.weibocdn.com/m2quqfQnlx07DeQLtswg010412006oI70E013.mp4?label=mp4_ld&template=640x360.25.0&trans_finger=40a32e8439c5409a63ccf853562a60ef&Expires=1592210690&ssig=lBeyQ3UM2X&KID=unistore,video",
4502339107078231,J0YQKtHn1,1099438984,qq平心静气,//@老兵_eastmoney:神棍巫婆国//@财富密钥:【神棍巫婆都亮相了】特朗普的“天选灭国团队”很惊艳！,,,"老兵_eastmoney,财富密钥",,0,0,0,2020-05-08 15:59,360安全浏览器,,,4502306592663717
4502339064788506,J0YQGk5HY,1731933973,周刊江西,【#盖茨夫人给特朗普政府抗疫打D-#：没有国家层面的应对方案】当地时间5月7日，盖茨夫人梅琳达·盖茨在接受采访时，给特朗普政府在这次疫情中的工作打D-分。她表示，疫情需要国家发挥领导作用时，几乎缺失两个月反应时间。有50个州不同的解决方案，而不是国家层面的应对方案。@老板联播L老板联播的微博视频,,,老板联播,盖茨夫人给特朗普政府抗疫打D-,0,0,0,2020-05-08 15:59,微博 weibo.com,,"http://f.video.weibocdn.com/S9GyOs2olx07D6y4MdtK01041200835v0E010.mp4?label=mp4_ld&template=360x640.25.0&trans_finger=bdef57f06ae52835a2c783ca389e8517&Expires=1592210690&ssig=Z%2B1fjTzb9T&KID=unistore,video",
4502339056600323,J0YQFrH2P,2014407730,奇哩猜,这分打得太高了。//@麦田:这分打高了。要我打的话，特朗普，负分，滚粗。,,,麦田,,2,1,6,2020-05-08 15:59,Android,,,4502337572164034
4502339048186501,J0YQEylGl,1094487352,红果-儿,确诊近126万，死亡7.5万，昨日新增2千多……然后，白宫信仰顾问宣布美国抗疫成功了！并把特朗普总统比作圣经中的大卫！再没有比这更荒谬的事了！不愧为“世界第一”的国家！,,,,,0,0,0,2020-05-08 15:59,HUAWEI Mate30 Pro 5G,['http://ww4.sinaimg.cn/large/413c8d38gy1gel3hibntaj20u01h9jw0.jpg'],,
4502339023207114,J0YQCdsjE,6364463624,咪眼看地球,【美国前副总统：特朗普失职，只会做旁观者】事实证明，不只是在中国，在美国高层也没有多少人喜欢特朗普，谁叫他做的都不是些人事儿呢现在前副总统拜登要抢他总统之位，戈尔也站出来指责特朗普，这一丢丢心疼是怎么回事儿L咪眼看地球的微博视频,,,,,0,0,1,2020-05-08 15:58,微博 weibo.com,,"http://f.video.weibocdn.com/7zlHcbx5lx07D6LQp0yc010412001idB0E010.mp4?label=mp4_ld&template=360x640.24.0&trans_finger=81b11b8c5ffb62d33ceb3244bdd17e7b&Expires=1592210690&ssig=dVnmDwfzwn&KID=unistore,video",
4502339010577658,J0YQB2qh4,1778662890,MBA张琪,发表了博文《美国要求韩国防卫费分摊13亿美元较去年增加近50%》据《东亚日报》5月7日报道，美国特朗普政府向韩国提出的每年防卫费分摊额规模达13亿美元。这要比前一年韩方分摊额上涨49%。由于上调幅度是O美国要求韩国防卫费分摊13亿美元较去年增加近50%,,,,,0,0,0,2020-05-08 15:58,新浪博客,['http://ww3.sinaimg.cn/large/6a043dealy1gel3lrp4zsj20hk08ndh6.jpg'],,
4502313702123185,J0YbM8UkV,1765373140,福布斯中文网,#特朗普推特发视频宣布美国开放了#【新冠病例迫近130万，特朗普推特发视频：美国要重新开放啦！】7日，美国总统在推特上发布视频，宣布美国开放了。他宣城要让美国经济强势复苏，要迎来一个难以置信的下一年。同日，美国新冠确诊人数已经迫近130万，死亡超过7.5万人。L小央视频的秒拍视频,,,,特朗普推特发视频宣布美国开放了,62,75,94,2020-05-08 14:18,微博 weibo.com,,"http://miaopai.video.weibocdn.com/KOiWyyCUlx07DeR6pKw00104120076eb0E013.mp4?label=mp4_ld&template=640x360.25.0&trans_finger=40a32e8439c5409a63ccf853562a60ef&Expires=1592210690&ssig=nlozq%2FCIVz&KID=unistore,video",
4502339009999777,J0YQAFXoJ,2472653431,飞天猫翼,转发,,,,,0,0,0,2020-05-08 15:58,iPhone客户端,,,4502313702123185
4502337929291396,J0YOQCZ7e,3488787807,最新热点,白宫高官笑着感谢特朗普：全美只死了7.2万人#全球疫情#L最新热点的微博视频,,,,全球疫情,6,39,195,2020-05-08 15:54,微博视频,,"http://f.video.weibocdn.com/004iI5l4gx07D6LxPReE010412001reo0E010.mp4?label=mp4_ld&template=360x640.24.0&trans_finger=81b11b8c5ffb62d33ceb3244bdd17e7b&Expires=1592210690&ssig=wbpducZ%2FEZ&KID=unistore,video",
4502338993757807,J0YQzfLzN,1764085591,JIANHAO_CHANG,,,,,,0,0,0,2020-05-08 15:58,,,,4502337929291396
4502338993554271,J0YQzeUCX,2108118305,北部湾在线,#今日时政速递#人民日报评论员：疫情阻击战交出“中国答卷”O网页链接【中国梦实践者】坚守志愿者阵地的这群90后，在战“疫”一线书写最美好的青春O坚守志愿者阵地的这群90后，在战“疫”一线书写最美好的青春【中国梦·践行者】扎根偏僻海岛教书育人辛勤耕耘她还自掏腰包补贴学生O【中国梦·践行者】扎根偏僻海岛教书育人辛勤耕耘她还自掏腰包补贴学生病毒源自武汉实验室？蓬佩奥改口称不确定病毒来源O网页链接续：美媒知名评论员：白宫正逼迫情报部门得出“病毒是中国泄漏”结论<O网页链接>美前驻华大使：美高官为推卸责任嫁祸中国对华攻击毫无根据<O网页链接>续：北美观察丨究竟想隐瞒什么？福奇等多位“真话者”遭特朗普报复<O网页链接>中国驻美大使崔天凯：美一些政客位置高智商未必高经贸不应是中美唯一“压舱石”O网页链接意大利专家：所谓“新冠病毒源于实验室”纯属谣言毫无事实依据O网页链接CNN：新的基因分析显示新冠病毒去年底已开始在全球传播O网页链接福奇接受美国《国家地理》专访指责无依据的病毒起源争论是“循环论证”O福奇接受美国《国家地理》专访指责无依据的病毒起源争论是“循环论证”主播说联播丨李梓萌@美国政客：打脸来得太快？是因为甩锅甩得太急O网页链接,,,美国政客,今日时政速递,0,0,0,2020-05-08 15:58,360安全浏览器,,,
4502338980562626,J0YQy2mmC,2424698290,合肥-周亮,有没有一种可能，特朗普它们已经在去年它们美国流感的时候就中招了，现在已经患病过了好了，已经有抗体了,,,,,0,0,1,2020-05-08 15:58,小米9,,,4502290038778687
4502324179305477,J0YsFD2Ml,5945912447,外汇轻仓趋势大赢家,#原油#原油交易提醒：特朗普再度施压沙特，但页岩油厂商暗自增产+经济下行，仍需警惕多头陷阱周四沙特上调官方原油销售价格、中国数据好于预期，加上各国逐渐的解除封锁措施，美原油一度涨逾8%。但是晚间公布的美国上周首次申请失业救济人数连续第七周超300万，凸显就业压力加剧，同时有迹象显示随着油价回升，部分美原油厂商正在逐步的停止减产。不过随着近期各国逐渐解除封锁，美国的汽油需求已经出现明显回升的迹象，同时美国从沙特撤出“爱国者”导弹，这可能也会给油价带来部分支撑。（1）非农公布前美国经济数据疲软，令油价跌去周四所有涨幅，日内关注非农数据（2）部分美原油公司停止减产以解决债务问题（3）市场对于近期油市的预期可能过于乐观（4）美国汽油消费回升，或带动炼厂开工率回升，有助于消化过剩供应（5）美国从沙特撤出“爱国者”导弹，继续施压沙特减产石油,,,,原油,0,0,6,2020-05-08 14:59,微博 weibo.com,"['http://ww2.sinaimg.cn/large/006uorrFly1gel1wbqp4jj30ic0b8jyu.jpg', 'http://ww3.sinaimg.cn/large/006uorrFly1gel1wbr0upj30ib0bb46c.jpg', 'http://ww2.sinaimg.cn/large/006uorrFly1gel1wbpvhpj30ia0awwkv.jpg']",,
4502324167429711,J0YsEvaO3,5617042847,夏钧姗分析师,"#外汇黄金投资理财#　　夏钧姗：5.8黄金午间走势分析，黄金能否继续上涨　　　　时光匆匆脚步，又一次被岁月牵扯迈近年末岁尾,回首经年,多少梦想还来不及实现，已被无奈地搁浅到流年彼岸，成为这一年无法拾起的遗憾。再美丽的风景也明媚不了一颗麻木晦暗的心灵，再舒怡的清风也润泽不了浮躁不安的心情。很多人都是为了赚钱而来，最后却踏上了漫漫回本路，清淡的行情焦躁的心，努力放错时机也只是洗盘的炮灰。【文末见联系方式】　　　　黄金消息面：　　　　近期，美国总统特朗pu表示，考虑削减薪酬税和调整资本利得税。为的是帮助在疫情背景之下失业的人。不过，特朗普的观点，遭到了美国众议院议长南希·佩洛西反对。佩洛西强调，这帮助不了因新冠疫情而失业的几千万人及其他处境艰难的人。佩洛西在接受彭博电视台采访时称，众议院可能下周对新的疫情应对纾困法案进行投票，这个版本不谋求增加“新领域”，而是在解决国家需求方面“进一步深耕”。　　　　关于特朗pu的税改要求，佩洛西表示不同意将此作为优先事项。她说：“某些事情很紧急，”关于税收政策的讨论可以再等等。双方分歧严重，会让很多措施和计划变得难以推进。这并不是一件好事，更何况在这种危机时刻。避险加剧，黄金依然有很大的支撑　　　　黄金行情分析：　　　　周线非农收官，周四，受美债收益率下行影响，金银同时大幅攀升。亚盘和欧盘黄金徘徊于1685-1695美元之间，美盘时段多头突然发力，现货黄金连破1700、1710和1720美元3大关口，日内一度涨超2%，创下两周来的最大单日涨幅；黄金大阳，所以回落做多，关注ma5日均线支撑1705附近，短线4小时级别1710附近支撑，我们关注后续回落机会，到达支撑位置做多即可。最佳点位为均线支撑，所以选择1705附近做多即可,激进可在1710支撑做多。综合来看，操作上钧姗建议回调做多为主，反弹做空为主。上方关注1725-1730阻力，下方关注1705-1710支撑；破位顺势跟进！　　　　黄金操作建议：　　　　1、金价回调至1705-1710附近做多，止损1700，目标1720-1725；　　　　2、金价反弹至1725-1730附近做空，止损1735，目标1715-1720；　　　　今天又一位学员加入我的战队，一起备战晚上非农！！！！！　　　　投资是长期与短期的平衡，也是自己与市场间的平衡，还是预期与现实的平衡。从微观一点讲，投资亦是数据与感知的平衡，是绝对和相对的平衡。当然，投资还是多头与空头的平衡，是风险与收益的平衡，更是坚守与放弃之间的平衡。投资是一门平衡的艺术，懂得了权衡与取舍，才算成熟，才不为固执所累。　　　　本文作者：夏钧姗　　　　扣扣：3365413694唯心：xjs776　　　V心公众号：夏钧姗",,,,外汇黄金投资理财,0,0,0,2020-05-08 14:59,微博搜索,,,
4502324153683372,J0YsDfsde,6493207311,望穿千古999,随着多哈回合多边贸易谈判的破裂，全球贸易自由化受到了打击，接下来的十年，贸易保护主义措施（包括关税和非关税贸易壁垒）将逐步成为全球贸易的主要特征。疫情爆发后，由于担心疫情引发经济衰退，各国再次设立贸易壁垒，随着“自给自足”运动在各国获得支持（没错，特朗普，说的就是你！），一些经济体缩短了供应链，导致全球生产率进一步受到了影响。不过，多边合作仍然在不同经济体之间进行：3月底，新西兰和新加坡承诺取消对基本货物贸易的限制，并保持其供应链开放，随后加拿大、澳大利亚、智利等国加入了该协议。两国4月中旬进一步声明，取消与新冠肺炎相关产品的关税、出口管制和非关税壁垒。一旦危机过去，期待欧美也更加强调全球合作，而不是供应链的“独立自主”。,,,,,0,4,1,2020-05-08 14:59,iPhone客户端,['http://ww2.sinaimg.cn/large/0075qPQbly1gel1w5zy5gj30kr0ulapm.jpg'],,
4502324150616915,J0YsD2Auf,5617042847,夏钧姗分析师,"#外汇黄金投资理财#　　夏钧姗：5.8黄金午间走势分析，黄金能否继续上涨　　　　时光匆匆脚步，又一次被岁月牵扯迈近年末岁尾,回首经年,多少梦想还来不及实现，已被无奈地搁浅到流年彼岸，成为这一年无法拾起的遗憾。再美丽的风景也明媚不了一颗麻木晦暗的心灵，再舒怡的清风也润泽不了浮躁不安的心情。很多人都是为了赚钱而来，最后却踏上了漫漫回本路，清淡的行情焦躁的心，努力放错时机也只是洗盘的炮灰。【文末见联系方式】　　　　黄金消息面：　　　　近期，美国总统特朗pu表示，考虑削减薪酬税和调整资本利得税。为的是帮助在疫情背景之下失业的人。不过，特朗普的观点，遭到了美国众议院议长南希·佩洛西反对。佩洛西强调，这帮助不了因新冠疫情而失业的几千万人及其他处境艰难的人。佩洛西在接受彭博电视台采访时称，众议院可能下周对新的疫情应对纾困法案进行投票，这个版本不谋求增加“新领域”，而是在解决国家需求方面“进一步深耕”。　　　　关于特朗pu的税改要求，佩洛西表示不同意将此作为优先事项。她说：“某些事情很紧急，”关于税收政策的讨论可以再等等。双方分歧严重，会让很多措施和计划变得难以推进。这并不是一件好事，更何况在这种危机时刻。避险加剧，黄金依然有很大的支撑　　　　黄金行情分析：　　　　周线非农收官，周四，受美债收益率下行影响，金银同时大幅攀升。亚盘和欧盘黄金徘徊于1685-1695美元之间，美盘时段多头突然发力，现货黄金连破1700、1710和1720美元3大关口，日内一度涨超2%，创下两周来的最大单日涨幅；黄金大阳，所以回落做多，关注ma5日均线支撑1705附近，短线4小时级别1710附近支撑，我们关注后续回落机会，到达支撑位置做多即可。最佳点位为均线支撑，所以选择1705附近做多即可,激进可在1710支撑做多。综合来看，操作上钧姗建议回调做多为主，反弹做空为主。上方关注1725-1730阻力，下方关注1705-1710支撑；破位顺势跟进！　　　　黄金操作建议：　　　　1、金价回调至1705-1710附近做多，止损1700，目标1720-1725；　　　　2、金价反弹至1725-1730附近做空，止损1735，目标1715-1720；　　　　今天又一位学员加入我的战队，一起备战晚上非农！！！！！　　　　投资是长期与短期的平衡，也是自己与市场间的平衡，还是预期与现实的平衡。从微观一点讲，投资亦是数据与感知的平衡，是绝对和相对的平衡。当然，投资还是多头与空头的平衡，是风险与收益的平衡，更是坚守与放弃之间的平衡。投资是一门平衡的艺术，懂得了权衡与取舍，才算成熟，才不为固执所累。　　　　本文作者：夏钧姗　　　　扣扣：3365413694唯心：xjs776　　　　V心公众号：夏钧姗",,,,外汇黄金投资理财,0,0,0,2020-05-08 14:59,微博搜索,,,
4502005994920407,J0QbtkE1p,5897927369,上官荣雲,十年前的中国纪录片，是怎样介绍特朗普的。viaL看鉴地理的微博视频,,,,,1210,59,328,2020-05-07 17:55,iPhone客户端,,"http://f.video.weibocdn.com/DKVI0x6xlx07D3HTspB601041201EAMa0E010.mp4?label=mp4_ld&template=778x360.25.0&trans_finger=40a32e8439c5409a63ccf853562a60ef&Expires=1592210699&ssig=NyKUOMAF40&KID=unistore,video",
4502324150423296,J0YsD1M7m,6262097766,明月山世界,转发微博,,,,,0,0,1,2020-05-08 14:59,微博 weibo.com,,,4502005994920407
4499865147168034,IFTWOu4Js,7086871492,沙娱,懂了，霉霉等众明星在台下的神反应，特朗普假发被抓掉！L沙娱的微博视频,,,,,35,3,138,2020-05-01 20:08,微博云剪,,"http://f.video.weibocdn.com/XYkPZ9Czlx07CV0VXcyc01041201xJbk0E010.mp4?label=mp4_ld&template=640x360.25.0&trans_finger=40a32e8439c5409a63ccf853562a60ef&Expires=1592210699&ssig=FLFg41HXlw&KID=unistore,video",
4502324108065558,J0YsyxQdE,7332777071,吴霖霖,转发微博,,,,,0,0,0,2020-05-08 14:59,HUAWEI P30 Pro,,,4499865147168034
4502214669966295,J0VC2FOGH,6535448373,X挽诗_,#美国新冠肺炎确诊超125万#太可怕了太可怕了🙏🙏怎么就美国不行#特朗普一名贴身工作人员确诊#放心特朗普没事，因为他了解病毒,,,,"美国新冠肺炎确诊超125万,特朗普一名贴身工作人员确诊",5,0,1,2020-05-08 07:44,蜜橘实事播报超话,,,
4502324104160672,J0YsyhsnC,2384201432,Soenm西恩,#美国新冠肺炎确诊超125万#太可怕了太可怕了🙏🙏怎么就美国不行#特朗普一名贴身工作人员确诊#放心特朗普没事，因为他了解病毒,,,,"美国新冠肺炎确诊超125万,特朗普一名贴身工作人员确诊",0,0,0,2020-05-08 14:59,Soenmmm超话,,,4502214669966295
4502307134278037,J0Y1bhWUB,5044281310,澎湃新闻,【#美国前副总统指责特朗普失职#，只会做旁观者】当地时间5月7日，美国前副总统戈尔在采访中指责特朗普作为总统抗疫不力，忽视前期疫情警告，不会积极应对新冠只做了旁观者的角色。O美国前副总统：特朗普失职，只会做旁观者L澎湃新闻的微博视频,,,,美国前副总统指责特朗普失职,81,125,622,2020-05-08 13:52,微博视频,,"http://f.video.weibocdn.com/PvA12Upxlx07D6D8V4ve0104120064bS0E010.mp4?label=mp4_ld&template=640x360.25.0&trans_finger=40a32e8439c5409a63ccf853562a60ef&Expires=1592210699&ssig=74OUmxZbl6&KID=unistore,video",
4502324099279954,J0YsxCW8G,5696246557,有蛀牙的外星人小明,转发微博,,,,,0,0,0,2020-05-08 14:59,更好用的全面屏魅蓝S6,,,4502307134278037
4502324091467211,J0Ysx69GH,1733634782,煙雨秦淮夢,#美国新冠肺炎确诊超125万#太可怕了太可怕了🙏🙏怎么就美国不行#特朗普一名贴身工作人员确诊#放心特朗普没事，因为他了解病毒,,,,"美国新冠肺炎确诊超125万,特朗普一名贴身工作人员确诊",0,0,0,2020-05-08 14:59,鞠婧祎九州天空城超话,,,4502214669966295
4502319322695291,J0YkQbjar,6004281123,梨视频,【#盖茨夫人给特朗普政府抗疫打D-#：没有国家层面的应对方案】当地时间5月7日，盖茨夫人梅琳达·盖茨在接受采访时，给特朗普政府在这次疫情中的工作打D-分。她表示，疫情需要国家发挥领导作用时，几乎缺失两个月反应时间。有50个州不同的解决方案，而不是国家层面的应对方案。@老板联播L老板联播的微博视频,,,老板联播,盖茨夫人给特朗普政府抗疫打D-,40,38,184,2020-05-08 14:40,专业版微博,,"http://f.video.weibocdn.com/S9GyOs2olx07D6y4MdtK01041200835v0E010.mp4?label=mp4_ld&template=360x640.25.0&trans_finger=bdef57f06ae52835a2c783ca389e8517&Expires=1592210699&ssig=QhwthYUQwj&KID=unistore,video",
4502324066018715,J0YsupfK3,2374088305,bolocc,转发微博,,,,,0,0,0,2020-05-08 14:59,荣耀V20 4800万3D相机,,,4502319322695291
4500093883035263,J02rqcJBR,6157151766,鸡毛蒜皮,奥巴马和特朗普绝对是仇人，损起来毫不手软，老特很尴尬L鸡毛蒜皮的微博视频,,,,,111,29,579,2020-05-02 11:17,微博云剪,,"http://f.video.weibocdn.com/s4ozvA17lx07CWBzuDLW010412007a4y0E010.mp4?label=mp4_ld&template=640x360.25.0&trans_finger=40a32e8439c5409a63ccf853562a60ef&Expires=1592210699&ssig=Gf8XrvCSTd&KID=unistore,video",
4502324058632122,J0YstAdBM,6907312829,爱江山更爱美人_199904,转发微博,,,,,0,0,0,2020-05-08 14:59,vivo智能手机,,,4500093883035263
4502324041335630,J0Yss5Bsq,6632967143,挚爱之馨800,#腾讯新闻#小央视频:【特朗普向40多国领导人打电话施压，要求“统一甩锅”中国，幕后是他女婿怂恿？】过去三周，特朗普给40多位盟国的领导人打电话，主题就是统一口径，将疫情责任“甩锅”给中国。但在电话中，多位欧洲领导人对美方执意加剧与中国的紧张关系保持警惕。而推动特朗普采取这些更强硬立场的人之一，就是特朗普的高级顾问，女婿库什纳。O腾讯新闻·热推L特朗普向40多国领导人打电话施压要“统一甩锅”中国幕后他女婿怂恿？来自@腾讯新闻,,,腾讯新闻,腾讯新闻,0,1,1,2020-05-08 14:59,腾讯新闻客户端,,http://type=feedvideo&objectid=2003338005:4502066270240789&keys=4502066276860353&cover_img=//puui.qpic.cn/qqvideo_ori/0/p09639mhvh5_496_280/0&card_height=280&card_width=496&play_count=923&short_url=http://t.cn/A6A0Z53H&encode_mode=&bitrate=277&biz_id=231268&current_mid=0&key=tblog_card&title=特朗普向40多国领导人打电话施压 要“统一甩锅”中国 幕后他女婿怂恿？&full_url=//m.v.qq.com/play.html?vid=p09639mhvh5&ptag=887&object_id=2003338005:4502066270240789&video_src=https://multimedia.api.weibo.com/2/multimedia/redirect_tencent_video.json?vid=p09639mhvh5,
4502324033406602,J0Ysreidc,2512432802,金山网,【北美观察丨究竟想隐瞒什么？福奇等多位“真话者”遭特朗普报复】当地时间5月5日，美国前卫生部高级官员里克·布莱特向独立调查和检察机构提出举报，要求调查特朗普政府将卫生部工作政治化的举动。此前，布莱特因限制特朗普推荐使用的药物而被变相贬职，因此这一举报备受关注。O北美观察丨究竟想隐瞒什么？福奇等多位“真话者”遭特朗普报复,,,,,0,0,1,2020-05-08 14:59,微博 weibo.com,,,
4502323994772671,J0Ysnk1Az,2244667592,我爱我点,转发微博,,,,,0,0,0,2020-05-08 14:59,微博 weibo.com,,,4502179504915415
4502242428591900,J0WkOA392,5637065453,湖北新闻,【#特朗普#：#我和这名随从#“#几乎没有私人接触#”，#我每天接受新冠病毒检测#，6日、7日#所做的检测结果均为阴性#！】L湖北新闻的微博视频,,,,"我和这名随从,几乎没有私人接触,我每天接受新冠病毒检测,所做的检测结果均为阴性",1,0,0,2020-05-08 09:35,360安全浏览器,,"http://f.video.weibocdn.com/001KSTVUgx07D6lu4fxK010412000vU00E010.mp4?label=mp4_ld&template=360x640.24.0&trans_finger=81b11b8c5ffb62d33ceb3244bdd17e7b&Expires=1592210699&ssig=Fjsk7dpMLZ&KID=unistore,video",
4502323995829271,J0Ysnossv,2654808454,明照夏,转发微博,,,,,0,0,0,2020-05-08 14:59,微博 weibo.com,,,4502242428591900
4502323957462547,J0YsjvjlF,1931192953,中华民族琉球特别自治区筹委会,特朗普回应贴身随从确诊新冠肺炎：现在白宫每天检测_琉球网O网页链接,,,,,0,0,0,2020-05-08 14:59,iPhone客户端,,,
4502323957148688,J0YsjtZHq,2512432802,金山网,【美前驻华大使：美高官为推卸责任嫁祸中国对华攻击毫无根据】“过分了，像麦卡锡时期也像希特勒时期”，美国前驻华大使马克斯·博卡斯6日接受CNN采访时，用这种对比抨击特朗普政府一味措辞强硬地甩锅中国给美国带来的政治风气。这位奥巴马时期的驻华大使甚至这样吐槽：“现在在美国，如果有人说了些关于中国的公道话，他/她会感到害怕，对吧？因为说出来就会受到攻击......”O美前驻华大使：美高官为推卸责任嫁祸中国对华攻击毫无根据,,,,,0,0,0,2020-05-08 14:59,微博 weibo.com,,,
4502323956552770,J0YsjruFQ,6078522958,热门搞笑贴,一位美国女子说，戴口罩让她呼吸困难，所以她就用剪刀剪了个口子，这样让她呼吸轻松一点#特朗普一名贴身工作人员确诊##纽约州长称近七成新冠患者在家被感染#L热门视频合集的微博视频,,,,"特朗普一名贴身工作人员确诊,纽约州长称近七成新冠患者在家被感染",0,1,0,2020-05-08 14:59,微博 weibo.com,,"http://f.video.weibocdn.com/003szX6Kgx07D6l4QCGc010412006phq0E010.mp4?label=mp4_ld&template=360x636.24.0&trans_finger=81b11b8c5ffb62d33ceb3244bdd17e7b&Expires=1592210699&ssig=P5abk%2FWr7V&KID=unistore,video",
4502323945380060,J0YsimzBa,2884673720,IAMUHEY,转发微博,,,,,0,0,0,2020-05-08 14:59,iPhone客户端,,,4502290038778687
4502309093366407,J0Y4le7KT,5362473234,KOBEHU222,哈哈哈哈哈哈哈哈哈嗝…,,,,,0,0,0,2020-05-08 13:59,荣耀 9X,,,4502306592663717
4502239194592618,J0WfBjgKu,3147142857,运城身边事,#特朗普一名贴身工作人员确诊#【#特朗普回应贴身工作人员感染新冠#：几乎没有私人接触，将每天接受检测】当地时间7日，美国总统特朗普在回应其贴身工作人员感染新冠病毒一事时表示，他与这名男子“几乎没有私人接触”。特朗普还表示，自己将每天接受新冠病毒检测，他于6日、7日所做的检测结果均为阴性。彭斯补充说：不仅是总统和我每天都要接受检测，而且我认为每一个接触到总统的人每天都会接受检测。”#靠近特朗普工作人员被紧急检测病毒#L海客新闻的秒拍视频,,运城,,"特朗普一名贴身工作人员确诊,特朗普回应贴身工作人员感染新冠,靠近特朗普工作人员被紧急检测病毒",2,0,2,2020-05-08 09:22,微博热搜Android,,"http://miaopai.video.weibocdn.com/nrIQjkgMlx07DeKG8Ius01041200aOMc0E013.mp4?label=mp4_ld&template=640x360.25.0&trans_finger=40a32e8439c5409a63ccf853562a60ef&Expires=1592210710&ssig=Mbl49g2lHe&KID=unistore,video",
4502309067724156,J0Y4iwppa,5498431898,运城捣怂,转发微博,,,,,0,0,0,2020-05-08 13:59,全屏双摄 OPPO A5,,,4502239194592618
4502309063524781,J0Y4ieMXj,3230173042,可劲神经大闺女,转发微博,,,,,0,0,0,2020-05-08 13:59,HUAWEI Mate30 Pro 5G,,,4502260774539146
4502309062977068,J0Y4icute,6362632222,小央视频,#特朗普推特发视频宣布美国开放了#【新冠病例迫近130万，特朗普推特发视频：美国要重新开放啦！】7日，美国总统在推特上发布视频，宣布美国开放了。他宣城要让美国经济强势复苏，要迎来一个难以置信的下一年。同日，美国新冠确诊人数已经迫近130万，死亡超过7.5万人。@央视网视频L小央视频的秒拍视频,,,央视网视频,特朗普推特发视频宣布美国开放了,11,34,68,2020-05-08 13:59,微博 weibo.com,,"http://miaopai.video.weibocdn.com/KOiWyyCUlx07DeR6pKw00104120076eb0E013.mp4?label=mp4_ld&template=640x360.25.0&trans_finger=40a32e8439c5409a63ccf853562a60ef&Expires=1592210710&ssig=QqEmClwXcX&KID=unistore,video",
4502309050909483,J0Y4h3OB5,2318265821,半月谈,【不专心抗疫特朗普要花35亿把“墙”涂黑？官员：我们拦不住！】#疫情全球动态#美国总统特朗普再次坚持将南部边境墙涂成黑色，这样一来它就能吸收太阳的温度，由于表面温度太热而让人无法触碰，借此打消人们企图翻越的想法，尤其是在夏季。L燃新闻的秒拍视频,,,,疫情全球动态,7,16,36,2020-05-08 13:59,谈谈萌新iPhone XS Max,,"http://miaopai.video.weibocdn.com/udhkWXNclx07D5kSoVjW0104120056Ye0E013.mp4?label=mp4_ld&template=640x360.25.0&trans_finger=40a32e8439c5409a63ccf853562a60ef&Expires=1592210710&ssig=OeWPvbMBo%2F&KID=unistore,video",
4502309046446680,J0Y4gr34I,7303497455,资信会,【#特朗普或需每天接受新冠病毒检测#】资信会5月08日丨白宫证实，#特朗普一名贴身工作人员确诊#，隶属美国海军现役，协助总统及其家庭处理私人事务，负责总统饮食，有时还陪同总统家庭出行。美国总统特朗普和副总统彭斯已接受病毒检测，结果均为阴性。特朗普今后可能需要每天接受检测。L资信会的微博视频,,,,"特朗普或需每天接受新冠病毒检测,特朗普一名贴身工作人员确诊",0,0,0,2020-05-08 13:59,搜狗高速浏览器,,"http://f.video.weibocdn.com/003HzYCggx07D6DF2djF01041200buhq0E010.mp4?label=mp4_ld&template=640x360.25.0&trans_finger=40a32e8439c5409a63ccf853562a60ef&Expires=1592210710&ssig=18W10dquom&KID=unistore,video",
4502006888439554,J0QcUzpvQ,1621377144,抚州南城发布,【#白宫发言人一口气怼遍4家美媒#】5月6日，记者质问白宫新任发言人麦肯尼：在加入白宫前，你在福克斯电视台上称特朗普不会让“新冠病毒”感染全美国，你现在会不会收回当时的话？麦肯尼直接一口气怼遍台下4家美媒：你们曾说流感比病毒严重，你们会收回当时的话吗？说完扭头就走。L海客新闻的秒拍视频,,,,白宫发言人一口气怼遍4家美媒,6,2,3,2020-05-07 17:59,HUAWEI P30,,"http://miaopai.video.weibocdn.com/HcZFVczjlx07D52O6bfG01041200bp800E013.mp4?label=mp4_ld&template=640x360.25.0&trans_finger=40a32e8439c5409a63ccf853562a60ef&Expires=1592210710&ssig=pn9ScAnRo5&KID=unistore,video",
4502309033541560,J0Y4feRjW,7288458589,落水三千6456649911,,,,,,0,0,0,2020-05-08 13:59,360安全浏览器,,,4502006888439554
4502309024943829,J0Y4ekK7b,7402706918,茶馆论道,【#美国前副总统指责特朗普失职#，只会做旁观者】当地时间5月7日，美国前副总统戈尔在采访中指责特朗普作为总统抗疫不力，忽视前期疫情警告，没有积极应对新冠而只做了旁观者。#美国新冠肺炎确诊人数超115万#L寰宇快评的微博视频,,,,"美国前副总统指责特朗普失职,美国新冠肺炎确诊人数超115万",2,1,3,2020-05-08 13:59,微博视频,,"http://f.video.weibocdn.com/ZggFOYrhlx07D6DEDOI8010412005X6M0E010.mp4?label=mp4_ld&template=640x360.25.0&trans_finger=40a32e8439c5409a63ccf853562a60ef&Expires=1592210710&ssig=%2FZF3b8%2F1cP&KID=unistore,video",
4502309024943796,J0Y4ekK6E,5232597037,_夜航船客_,信仰顾问？,,,,,0,0,0,2020-05-08 13:59,,,,4502306592663717
4502309009521331,J0Y4cDWVR,3015848615,悠悠悠悠无里头_693,转发微博,,,,,0,0,0,2020-05-08 13:59,OPPO Find X2 Pro,,,4502290038778687
4502309000444051,J0Y4c1Rw7,2414369130,正义南康,【#美国前副总统指责特朗普失职#，只会做旁观者】当地时间5月7日，美国前副总统戈尔在采访中指责特朗普作为总统抗疫不力，忽视前期疫情警告，不会积极应对新冠只做了旁观者的角色。O美国前副总统：特朗普失职，只会做旁观者L澎湃新闻的微博视频,,,,美国前副总统指责特朗普失职,0,6,15,2020-05-08 13:59,微博国际版,,"http://f.video.weibocdn.com/PvA12Upxlx07D6D8V4ve0104120064bS0E010.mp4?label=mp4_ld&template=640x360.25.0&trans_finger=40a32e8439c5409a63ccf853562a60ef&Expires=1592210710&ssig=sTZ%2BWXFeiy&KID=unistore,video",
4501526388714784,J0DHUAz72,1977581633,北冥乘海生,满洲人的势力，让人瑟瑟发抖,,,,,692,321,7431,2020-05-06 10:09,HUAWEI P30 Pro,['http://ww2.sinaimg.cn/large/75df8041ly1geii8ptraaj20u01q7dno.jpg'],,
4502308991299753,J0Y4b5s7L,6361142692,绪轶,//@吐槽鬼:哈哈哈哈哈哈，美国总统，只是个小例子，宇宙的事才能算点正事～～//@维稳先锋卡菊轮:傅满洲么？//@磁暴铁塔蟹什卡:吉瑟斯//@渡鸦三号机:特朗普上台我也在电视前面点头//@DDD的车神:建议和犹太人打一架去//@椟菽荫://@捷尔宁斯基:谢谢你，李硕,,,"吐槽鬼,维稳先锋卡菊轮,磁暴铁塔蟹什卡,渡鸦三号机,DDD的车神,椟菽荫,捷尔宁斯基",,0,0,0,2020-05-08 13:59,Android,,,4501526388714784
4502308980082399,J0Y4a0lr1,1341756511,胖尊者,外国官员只要带个“前”字的都会说人话,,,,,0,0,0,2020-05-08 13:59,HUAWEI Mate30 Pro 5G,,,4502307134278037
4502220387048422,J0VLgtzCe,1875293522,卢克文,新浪：特朗普向40多国领导人打电话施压，要求“统一甩锅”中国，幕后是他女婿怂恿？过去三周，特朗普给40多位盟国的领导人打电话，主题就是统一口径，将疫情责任“甩锅”给中国。但在电话中，多位欧洲领导人对美方执意加剧与中国的紧张关系保持警惕。而推动特朗普采取这些更强硬立场的人之一，就是特朗普的高级顾问，女婿库什纳。L小央视频的秒拍视频@小央视频,,,小央视频,,55,91,707,2020-05-08 08:07,HUAWEI Mate30 Pro 5G,,"http://miaopai.video.weibocdn.com/CLV7Usqxlx07D5nqnGRq010412009jTw0E013.mp4?label=mp4_ld&template=640x360.25.0&trans_finger=40a32e8439c5409a63ccf853562a60ef&Expires=1592210710&ssig=zG8%2Fsn8RiE&KID=unistore,video",
4502308979413095,J0Y49DuM7,1853336190,不一样的疯里疯心理咨询,转发微博,,,,,0,0,0,2020-05-08 13:59,iPhone客户端,,,4502220387048422
4502308975882360,J0Y49oGgM,5645756008,价值投资日志,巴西经济部长格德斯（PauloGuedes）5月7日警告，新型冠状病毒肺炎（COVID-19）带来的封锁措施将导致巴西经济在一个月内崩溃，并引起粮食短缺和社会不稳。同行的总统博尔索纳罗（JairBolsonaro）也指，封锁措施损害经济。格德斯指出，在大约30日内，巴西将出现商品短缺，生产遇阻，导致经济崩溃和社会不稳。博尔索纳罗则表示，明白病毒的问题，认同要拯救生命，不过更令人担忧的问题是就业问题和瘫痪的经济，并指抗疫不应该引起比病毒更严重的伤害。他批评部份州份的减少社交接触措施过火，必须采取行动将经济从“深切治疗部”拯救出来。博尔索纳罗和格德斯当日与商界开会，随后前往最高法院托与首席大法官福利（DiasToffoli）会面。博尔索纳罗早前入禀要求法院推翻措施，不过法院裁定州和地区政府有权制定减少社交接触措施，判联邦政府败诉。在#美国新冠肺炎确诊超125万#之际，#美国总统特朗普#又要甩锅、自嗨啦，#美国疫情#对他来说不重要，重要的是他的大选！,,,,"美国新冠肺炎确诊超125万,美国总统特朗普,美国疫情",10,4,12,2020-05-08 13:59,iPhone X,['http://ww1.sinaimg.cn/large/006a512Mgy1gel05jw6w4j30p00e276u.jpg'],,
4502308954860517,J0Y47korr,3703666321,南宫萧辰88,转发微博,,,,,0,0,0,2020-05-08 13:59,微博 weibo.com,,,4502307134278037
4502308950658608,J0Y472LkI,6396478403,黑风,【#特朗普或需每天接受新冠病毒检测#】资信会5月08日丨白宫证实，#特朗普一名贴身工作人员确诊#，隶属美国海军现役，协助总统及其家庭处理私人事务，负责总统饮食，有时还陪同总统家庭出行。美国总统特朗普和副总统彭斯已接受病毒检测，结果均为阴性。特朗普今后可能需要每天接受检测。L黑风的微博视频,,,,"特朗普或需每天接受新冠病毒检测,特朗普一名贴身工作人员确诊",0,0,0,2020-05-08 13:59,搜狗高速浏览器,,"http://f.video.weibocdn.com/001ZM7sZgx07D6DDq9yD01041200bulJ0E010.mp4?label=mp4_ld&template=640x360.25.0&trans_finger=40a32e8439c5409a63ccf853562a60ef&Expires=1592210710&ssig=qIiCxM%2FUUP&KID=unistore,video",
4502274338370251,J0Xahz7u3,1893801487,微天下,【#白宫信仰顾问宣布疫情胜利#：以耶稣之名宣布胜利】本周四，白宫信仰顾问宝拉·怀特在活动上为美国祈祷：噢，主，我宣布不再延迟对新冠病毒的拯救，不再延迟治疗和疫苗，不再延迟重启这个伟大的国家，我宣布神的介入和超自然的转变，主，你必使这片土地恢复；已经受够新冠病毒了，受够死亡了，受够恐惧了，受够贫穷了，让我们为特朗普夫妇，为彭斯夫妇，为这届政府祈祷，用你们的手臂来支持特朗普总统，你们的支持将为特朗普总统带来胜利，我们以耶稣之名宣布胜利。怀特还把特朗普比作圣经中的大卫，称他会恢复一切。怀特说完，特朗普：了不起，宝拉，谢谢。L微天下的微博视频,,,,白宫信仰顾问宣布疫情胜利,2175,2480,12025,2020-05-08 11:41,微博视频,,"http://f.video.weibocdn.com/AdZP8iGelx07D6ubFCRW010412007gY40E010.mp4?label=mp4_ld&template=640x360.25.0&trans_finger=40a32e8439c5409a63ccf853562a60ef&Expires=1592210710&ssig=Mn0CvfJeDR&KID=unistore,video",
4502308925684403,J0Y44nQLV,6820327497,月朗星稀246,//@Aioros先生://@陈如是说:加冕//@头条新闻:#白宫信仰顾问宣布疫情胜利#，还将特朗普比作圣经中的大卫，称他会恢复一切,,,"Aioros先生,陈如是说,头条新闻",白宫信仰顾问宣布疫情胜利,0,0,0,2020-05-08 13:59,微博 weibo.com,,,4502274338370251
4502308913071782,J0Y43cT6S,2203413637,我是常箐,可惜不能因此发动罢免特朗普——【澎湃视频：失败！美国前副总统指责特朗普抗疫失职】(分享自@澎湃新闻)#我读澎湃#O失败！美国前副总统指责特朗普抗疫失职,,,澎湃新闻,我读澎湃,0,0,0,2020-05-08 13:59,澎湃新闻,,,
4502308912698558,J0Y43bk18,7272702602,荻花宫秋夜月白,转发微博,,,,,0,0,0,2020-05-08 13:59,华为手机,,,4502290038778687
4502293938190637,J0XFTymL3,6403649870,vv只想一个人待着,聪明人才能看见吗,,,,,0,0,0,2020-05-08 12:59,Android,,,4502290038778687
4502291242521429,J0XByazWd,1974576991,环球时报,【#特朗普回应参观口罩厂未戴口罩#：我戴了只不过你们没看见】5月6日，特朗普回应参观口罩工厂时未戴口罩一事。他表示，自己在工厂内曾戴过一段时间，但公司高层表示并不需要，所以没有再继续佩戴。5月5日，特朗普参观霍尼韦尔口罩厂时仅戴了护目镜，其行为受到广泛批评。L世面的秒拍视频@世面,,,世面,特朗普回应参观口罩厂未戴口罩,114,361,1255,2020-05-08 12:49,微博 weibo.com,,"http://miaopai.video.weibocdn.com/AanQPnZZlx07D4KRcpsc01041200eyGf0E013.mp4?label=mp4_ld&template=640x360.25.0&trans_finger=40a32e8439c5409a63ccf853562a60ef&Expires=1592210718&ssig=go2SRl77%2FA&KID=unistore,video",
4502293937983883,J0XFTxuYj,5497503790,三姐就是三胖他姐,笑死我了笑死我了笑死我了,,,,,0,0,0,2020-05-08 12:59,iPhone客户端,,,4502291242521429
4502293905841381,J0XFQovBP,1231348801,GEO老腿腿儿,//@欧阳潼舢:有点迷……//@我是豆子://@头条新闻:#白宫信仰顾问宣布疫情胜利#，还将特朗普比作圣经中的大卫，称他会恢复一切,,,"欧阳潼舢,我是豆子,头条新闻",白宫信仰顾问宣布疫情胜利,0,0,0,2020-05-08 12:59,,,,4502274338370251
4502293900380498,J0XFQ1AZ4,1662310323,终南辋川,//@水山水山水山:我1月翻译这部片子最近火了。自己不转一下会觉得不好意思的//@一玶海岸:特别详实的纪录片，强烈推荐，甚至可以说让我对美国政治的三观都更加清晰。以前很多没有注意到的人，事，因果关系都得以重新链接起来。强排,,,"水山水山水山,一玶海岸",,0,0,0,2020-05-08 12:59,微博手机版,,,4467919485937109
4502293892423728,J0XFPaawo,1880597634,tina咪咪,//@头条新闻:#白宫信仰顾问宣布疫情胜利#，还将特朗普比作圣经中的大卫，称他会恢复一切,,,头条新闻,白宫信仰顾问宣布疫情胜利,0,0,0,2020-05-08 12:59,华为P9手机摄影再突破,,,4502274338370251
4502292756194773,J0XDZpZxH,1699540307,中国之声,【#特朗普或需每天接受新冠病毒检测#】白宫证实，#特朗普一名贴身工作人员确诊#，隶属美国海军现役，协助总统及其家庭处理私人事务，负责总统饮食，有时还陪同总统家庭出行。美国总统特朗普和副总统彭斯已接受病毒检测，结果均为阴性。特朗普今后可能需要每天接受检测。L央视新闻的微博视频,,,,"特朗普或需每天接受新冠病毒检测,特朗普一名贴身工作人员确诊",15,22,32,2020-05-08 12:55,,,"http://f.video.weibocdn.com/ZbO7YTWvlx07D6ytgMOk01041200bG6K0E010.mp4?label=mp4_ld&template=640x360.25.0&trans_finger=40a32e8439c5409a63ccf853562a60ef&Expires=1592210718&ssig=cTvO0Vxm76&KID=unistore,video",
4502293875837978,J0XFNouIW,1584455722,jtcl河边行,转发微博,,,,,0,0,0,2020-05-08 12:59,,,,4502292756194773
4502293875835382,J0XFNou34,1895735983,CC_生长的南瓜,#特朗普一名贴身工作人员确诊#美前驻华大使：美高官为推卸责任嫁祸中国对华攻击毫无根据UP主:大象视频#bilibili#O美前驻华大使：美高官为推卸责任嫁祸中国对华攻击毫无根据(哔哩哔哩客户端下载O网页链接),,,,"特朗普一名贴身工作人员确诊,bilibili",0,0,0,2020-05-08 12:59,iPhone客户端,,,
4502293846950743,J0XFKtacL,2276397720,做一个人_吞没世界,哈哈哈哈哈哈哈哈哈哈哈哈哈哈哈哈哈哈好哈哈哈哈哈哈哈哈哈哈哈哈哈哈//@头条新闻:#白宫信仰顾问宣布疫情胜利#，还将特朗普比作圣经中的大卫，称他会恢复一切,,,头条新闻,白宫信仰顾问宣布疫情胜利,1,1,0,2020-05-08 12:59,Share微博客户端,,,4502274338370251
4502293846651970,J0XFKrUtQ,1676210513,人造地球新闻眼,【#特朗普或需每天接受新冠病毒检测#】白宫证实，#特朗普一名贴身工作人员确诊#，隶属美国海军现役，协助总统及其家庭处理私人事务，负责总统饮食，有时还陪同总统家庭出行。美国总统特朗普和副总统彭斯已接受病毒检测，结果均为阴性。特朗普今后可能需要每天接受检测。L央视新闻的微博视频,,,,"特朗普或需每天接受新冠病毒检测,特朗普一名贴身工作人员确诊",0,0,0,2020-05-08 12:59,坚果 Pro 2 特别版,,"http://f.video.weibocdn.com/ZbO7YTWvlx07D6ytgMOk01041200bG6K0E010.mp4?label=mp4_ld&template=640x360.25.0&trans_finger=40a32e8439c5409a63ccf853562a60ef&Expires=1592210718&ssig=cTvO0Vxm76&KID=unistore,video",
4502293809081910,J0XFGC6Cq,2613956755,柚获,一文读懂全球疫情：全球累计确诊逾383万例特朗普一名贴身随从感染新冠病毒O一文读懂全球疫情：全球累计确诊逾383万例特朗普一名贴身随从感染新冠病毒,,,,,0,0,0,2020-05-08 12:59,vivo浏览器,['http://ww1.sinaimg.cn/large/9bcdd093ly1gekyevc3jij205k05kweh.jpg'],,
4502293808542574,J0XFGzQjs,6169400441,不要给自己找借口立刻去学习,哈哈哈哈哈哈只有聪明的人才可以看到,,,,,0,0,0,2020-05-08 12:59,HUAWEI Mate 9 Pro,,,4502291242521429
4502293791718412,J0XFF7d2k,2519649434,x璇x璇x,有多少人出现症状都得不到检测，凭什么他就能每日检测？可以救该救的人，别浪费资源吗？,,,,,0,0,0,2020-05-08 12:59,HUAWEI nova 2s,,,4502290038778687
4502293787512270,J0XFEvwhE,6102658810,我是虎小喵,转发微博,,,,,0,0,0,2020-05-08 12:59,HUAWEI P30,,,4502290038778687
4502293787075534,J0XFEtGFw,2821578274,水木小匠,//@武志红:特朗普一位保镖——其实是帮他洗衣服处理一些事情的军人，被确诊，据说大统领暴怒。可能特朗普是得感染一下新冠病毒，这样才能破掉他一直使用的否认心理机制，然后能面对疫情，也带领美国直面现实，而不是各种自欺欺人。,,,武志红,,0,0,0,2020-05-08 12:59,HUAWEI P10 Plus,,,4502274338370251
4502293775429129,J0XFDmMmB,6753224771,秦驴技穷,//@Aioros先生://@陈如是说:加冕//@头条新闻:#白宫信仰顾问宣布疫情胜利#，还将特朗普比作圣经中的大卫，称他会恢复一切,,,"Aioros先生,陈如是说,头条新闻",白宫信仰顾问宣布疫情胜利,0,0,0,2020-05-08 12:59,微博 weibo.com,,,4502274338370251
4502293753684722,J0XFBfsz0,3513049050,-叶玮-,转发微博,,,,,0,0,0,2020-05-08 12:59,HUAWEI Mate 20 X,,,4502290038778687
4502293745956279,J0XFAoZv1,1280795897,今日聊城头条,德国：我们退出索赔英国：我们退出索赔法国：我们退出索赔澳大利亚：我们退出索赔加拿大：我们退出索赔美国：我们坚决不退出各国：为什么呢？特朗普：很简单，因为我想要连任，这是我唯一的办法，我只有不停地甩锅中国才能转移国内矛盾，掩盖我抗疫不利的事实。,,,,,6,9,17,2020-05-08 12:59,iPhone 7,['http://ww3.sinaimg.cn/large/4c5764f9ly1gekyeemnncj20c206uaav.jpg'],,
4502293732656605,J0XFzb96t,5648628585,白龙江林区检察,#特朗普一名贴身工作人员确诊#【#特朗普或需每天接受新冠病毒检测#】白宫证实，#特朗普一名贴身工作人员确诊#，隶属美国海军现役，协助总统及其家庭处理私人事务，负责总统饮食，有时还陪同总统家庭出行。美国总统特朗普和副总统彭斯已接受病毒检测，结果均为阴性。特朗普今后可能需要每天接受检测。L央视新闻的微博视频,,,,"特朗普一名贴身工作人员确诊,特朗普或需每天接受新冠病毒检测",0,1,1,2020-05-08 12:58,iPhone客户端,,"http://f.video.weibocdn.com/ZbO7YTWvlx07D6ytgMOk01041200bG6K0E010.mp4?label=mp4_ld&template=640x360.25.0&trans_finger=40a32e8439c5409a63ccf853562a60ef&Expires=1592210718&ssig=cTvO0Vxm76&KID=unistore,video",
4502293669542348,J0XFsE2oQ,1175179832,AIRPOLLUTION丁丁_拼一把,//@微观映像://@水山水山水山:我1月翻译这部片子最近火了。自己不转一下会觉得不好意思的//@一玶海岸:特别详实的纪录片，强烈推荐，甚至可以说让我对美国政治的三观都更加清晰。以前很多没有注意到的人，事，因果关系都得以重新链接起来。强排,,,"微观映像,水山水山水山,一玶海岸",,0,0,0,2020-05-08 12:58,HUAWEI Mate30 Pro 5G,,,4467919485937109
4501983211673734,J0PAJ71pI,2230631943,新浪新闻品牌官,【地球没整明白就惦记上月球了？特朗普政府欲在月球建立“安全区”】路透社报道知情人士称特朗普政府正起草一份名为《阿尔忒弥斯协议》的月球开采国际协议。特朗普提出要在月球基地建立“安全区”，防止美国遭到其他国家或公司的干扰。该协议计划与加拿大、日本、阿联酋以及欧洲国家进行商议，而航空大国俄罗斯被排除在外。网友：这又是星球大战的节奏了？@老板联播L老板联播的微博视频,,,老板联播,,3,14,25,2020-05-07 16:25,微博 weibo.com,,"http://f.video.weibocdn.com/wueRGFQwlx07D3H7zC5O01041200aD7S0E010.mp4?label=mp4_ld&template=360x640.25.0&trans_finger=bdef57f06ae52835a2c783ca389e8517&Expires=1592210731&ssig=HgPcYMP9O8&KID=unistore,video",
4502278894267572,J0XhDhUbO,2430199614,準妈瞎晃悠,先整一下他脑壳里的问题吧,,,,,0,0,0,2020-05-08 11:59,iPhone客户端,,,4501983211673734
4502278801605620,J0Xhu6JH6,2723434505,开姆乐宠物羊奶粉,针对近期热点话题的讨论，大家看看，可以发表一下您的看法！#中国##95后天才少年一天两登Nature##美确诊老人死前向语音助手求助##疫情不一定是发源中国##全球天空一个月航班变化图##特朗普批评美国州长不懂感恩##美国疫情##欧洲疫情##西班牙##香港#,,,,"中国,95后天才少年一天两登Nature,美确诊老人死前向语音助手求助,疫情不一定是发源中国,全球天空一个月航班变化图,特朗普批评美国州长不懂感恩,美国疫情,欧洲疫情,西班牙,香港",0,0,1,2020-05-08 11:59,华为手机 畅享玩不停,"['http://ww1.sinaimg.cn/large/a2545009ly1gekwkh3w7nj20vf0hkdic.jpg', 'http://ww1.sinaimg.cn/large/a2545009ly1gekwkhokahj20v70hhacj.jpg', 'http://ww1.sinaimg.cn/large/a2545009ly1gekwki8rp7j20v80hhgpn.jpg', 'http://ww3.sinaimg.cn/large/a2545009ly1gekwkitf83j20vg0hqtdm.jpg', 'http://ww1.sinaimg.cn/large/a2545009ly1gekwkjeobfj20vb0hkwhm.jpg', 'http://ww3.sinaimg.cn/large/a2545009ly1gekwkka4idj20ve0hiwl7.jpg', 'http://ww2.sinaimg.cn/large/a2545009ly1gekwkkv7wpj20v90hg77a.jpg', 'http://ww3.sinaimg.cn/large/a2545009ly1gekwklcv7zj20va0higpi.jpg', 'http://ww3.sinaimg.cn/large/a2545009ly1gekwklzpnyj20v90hmgp8.jpg']",,
4502278796990787,J0XhttkCD,6476793391,静水流深20192020,//@双黄连的夏天:转发微博,,,双黄连的夏天,,0,0,0,2020-05-08 11:59,nova4e 3200W立体美颜,,,4502005994920407
4502206202734050,J0VoobtfA,1959185150,总裁精粹,【TED演讲：去运动吧，这是你对大脑最好的投资】时间较长，先马再看！L总裁精粹的微博视频,,,,,125,2,53,2020-05-08 07:11,HUAWEI P30,,"http://f.video.weibocdn.com/00010zbMgx07D6bB6mMw01041201ln8U0E010.mp4?label=mp4_ld&template=636x360.25.0&trans_finger=40a32e8439c5409a63ccf853562a60ef&Expires=1592210731&ssig=xCp3aMS9iX&KID=unistore,video",
4502278785209655,J0XhslRgH,3496471275,Anna9_zhang,//@总裁视野:【TED演讲：去运动吧，这是你对大脑最好的投资】时间较长，先马再看！#特朗普一名贴身工作人员确诊#,,,总裁视野,特朗普一名贴身工作人员确诊,0,0,0,2020-05-08 11:59,iPhone客户端,,,4502206202734050
4502057791333875,J0Rx15B07,5391596582,掌上镇江,【PBS纪录片《美国大分裂：从奥巴马到特朗普》】2020开年史诗大片，通过追溯分析2008-2020这12年间，从奥巴马到特朗普时期的美国两党政斗，揭示出走到如今这一步的必然性。全片分上下两集，上集讲述奥巴马的8年任期及特朗普的崛起，下集讲述特朗普如何利用并加深国家的分歧。（by水山水山水山）上集：L水山水山水山的微博视频下集：L水山水山水山的微博视频,,,,,19,0,19,2020-05-07 21:21,,,"http://f.video.weibocdn.com/000W6rzElx07AFhdAm8U0104120fJa7C0E060.mp4?label=mp4_ld&template=640x360.25.0&trans_finger=bdef57f06ae52835a2c783ca389e8517&Expires=1592210731&ssig=y0BIbXrXdV&KID=unistore,video",
4502278763348280,J0Xhqe32w,6529348424,找的昵称都不让用,转发微博,,,,,0,0,0,2020-05-08 11:59,小米6X 拍人更美,,,4502057791333875
4502246445899290,J0WrioKFQ,1887344341,观察者网,【熔岩级愤怒？随从确诊特朗普：将每日检测】5月7日，特朗普贴身随从新冠病毒检测结果呈阳性。特朗普回应此事，表示他与这名随从“几乎没有私人接触”，并且自己将每天接受检测。该随从日常负责特朗普的饮食，与其居住在白宫的家人关系密切。美媒报道，面对潜在感染风险，特朗普“熔岩级愤怒”（lavalevelmad）。L微丢的微博视频#特朗普一名贴身工作人员确诊#,,,,特朗普一名贴身工作人员确诊,80,273,1551,2020-05-08 09:51,微博 weibo.com,,"http://f.video.weibocdn.com/F67SD9Nxlx07D6m3b5wA010412003PPn0E010.mp4?label=mp4_ld&template=640x360.25.0&trans_finger=40a32e8439c5409a63ccf853562a60ef&Expires=1592210731&ssig=vYg%2BaZNMsu&KID=unistore,video",
4502278756041087,J0XhpplyT,1980174350,火星人-01,川普……还是很顽强，天天不戴口罩，天天开记者会。一直没中招……病毒一步步逼近着，看看鹿死谁手!,,,,,0,0,0,2020-05-08 11:59,火星Android,,,4502246445899290
4502278750991917,J0Xhp4a2F,1192632825,网络诈骗405,//@水山水山水山:我1月翻译这部片子最近火了。自己不转一下会觉得不好意思的//@一玶海岸:特别详实的纪录片，强烈推荐，甚至可以说让我对美国政治的三观都更加清晰。以前很多没有注意到的人，事，因果关系都得以重新链接起来。强排,,,"水山水山水山,一玶海岸",,0,0,0,2020-05-08 11:59,iPhone客户端,,,4467919485937109
4502208261011316,J0VrI4f5y,1590753120,中国反邪教,【白宫确认#特朗普一名贴身工作人员确诊#新冠肺炎】当地时间7日，美国有线电视新闻网称特朗普的一名贴身工作人员确诊新冠肺炎。该工作人员隶属美国海军，为白宫精英部队的成员之一，需要和特朗普近距离接触。白宫随后发表声明确认了这一消息。为确保安全，#特朗普再次接受新冠病毒测试#。目前，#特朗普每周都接受新冠病毒测试#。（央视新闻）,,,,"特朗普一名贴身工作人员确诊,特朗普再次接受新冠病毒测试,特朗普每周都接受新冠病毒测试",369,49,86,2020-05-08 07:19,无邪君的Android,['http://ww4.sinaimg.cn/large/5ed0f760ly1gekol6hbwzj20m80m8go7.jpg'],,
4502278692333791,J0Xhj9N7N,5934229185,玉林反邪,【白宫确认#特朗普一名贴身工作人员确诊#新冠肺炎】,,,,特朗普一名贴身工作人员确诊,0,0,0,2020-05-08 11:59,360安全浏览器,,,4502208261011316
4502278683269070,J0XhidIqW,1630319681,当阿波罗遇到雅典娜,#美国新冠肺炎确诊超125万#再怎么折腾，美国军事实力还依旧是世界第一，特朗普依旧还是那么嘴硬说没事。也许到了最后，美国新冠疫情神奇迹一般的全好了，那么就是解药问世牟利的时刻。如果真有这种可能，你觉得特朗普会成功连任吗？,,,,美国新冠肺炎确诊超125万,1,1,1,2020-05-08 11:59,,,,
4501974106118488,J0Pm2pFHi,2803301701,人民日报,【#白宫发言人一口气怼遍4家美媒#】5月6日，记者质问白宫新任发言人麦肯尼：在加入白宫前，你在福克斯电视台上称特朗普不会让“新冠病毒”感染全美国，你现在会不会收回当时的话？麦肯尼直接一口气怼遍台下4家美媒：你们曾说流感比病毒严重，你们会收回当时的话吗？说完扭头就走。L海客新闻的秒拍视频,,,,白宫发言人一口气怼遍4家美媒,2445,2808,54135,2020-05-07 15:48,微博 weibo.com,,"http://miaopai.video.weibocdn.com/HcZFVczjlx07D52O6bfG01041200bp800E013.mp4?label=mp4_ld&template=640x360.25.0&trans_finger=40a32e8439c5409a63ccf853562a60ef&Expires=1592210731&ssig=3kvt2oUDTT&KID=unistore,video",
4502278672214876,J0Xhh9ibO,2549964007,双黄连的夏天,轻描淡写的摆出证据才能狠狠一击//@北京梅梅may:真漂亮//@导演米家山://@何兵:挺有性格的,,,"北京梅梅may,导演米家山,何兵",,3,2,14,2020-05-08 11:59,iPhone(脑残粉),,,4501974106118488
4502271649560316,J0X5WE74E,6059218988,最走心的视频,印度主播嘲讽特朗普的治疗新冠肺炎野路子，病毒夏天自动消失、注射消毒液、把阳光打入体内、吞电灯泡？  #走心视频##搞笑视频#L最走心的视频的微博视频,,,,"走心视频,搞笑视频",6,8,125,2020-05-08 11:31,微博视频,,"http://f.video.weibocdn.com/000zfM3zgx07D6tshKLt01041200hKgD0E010.mp4?label=mp4_ld&template=460x360.25.0&trans_finger=40a32e8439c5409a63ccf853562a60ef&Expires=1592210731&ssig=v5IZ6V%2BDyt&KID=unistore,video",
4502278645831356,J0Xheot08,5860568693,用户5860568693,转发微博,,,,,0,0,0,2020-05-08 11:58,华为MateRS保时捷设计,,,4502271649560316
4502278608927578,J0XhaBstc,6022224592,服突然的关心,人害怕的：太阳会升起：有白天和黑夜，人生也一样；有些人一辈子都活在太阳的照耀下#生活贴士##特朗普称注射消毒液的说法只是讽刺#,,,,"生活贴士,特朗普称注射消毒液的说法只是讽刺",0,0,0,2020-05-08 11:58,iPhone客户端,,,
4502207825829389,J0Vr0osup,2174585797,王冰汝,"#特朗普一名贴身工作人员确诊##美国疫情#白宫贴身随从感染新冠，患者是美国海军派驻在白宫，给特朗普当贴身工作人员的军人。英文叫valet,他的工作职责包括帮助特朗普就餐，熨衣服，擦鞋这种日常类的工作。NBC和CNN引用白宫官员的话说，特朗普知道跟他近距离接触的人确诊后，是熔岩级发飙（lavalevelmad），指责白宫工作人员没有做好防范工作。从昨天开始，包括今天与未来一段时间，特朗普说他每天都会接受新冠测试。L王冰汝的微博视频",,,,"特朗普一名贴身工作人员确诊,美国疫情",439,448,1996,2020-05-08 07:17,,,"http://f.video.weibocdn.com/mB1Bbukylx07D6c2GWta01041200hdSZ0E010.mp4?label=mp4_ld&template=640x360.25.0&trans_finger=40a32e8439c5409a63ccf853562a60ef&Expires=1592210731&ssig=X0kPvxYKnd&KID=unistore,video",
4502278583706016,J0Xh8fy6s,7163073421,Lin黄黄,转发微博,,,,,0,0,0,2020-05-08 11:58,小米CC9 Pro 一亿像素,,,4502207825829389
4502278562674457,J0Xh6bdKp,1016461022,505zjhz,《两个老年人的战争：无论谁胜，都要带病上岗》特朗普是共和党不二的人选，而拜登也成了民主党的唯一候选。谁胜谁败，不到最后一刻还难以判断。O网页链接,,,,,0,0,0,2020-05-08 11:58,百度极速版,['http://ww3.sinaimg.cn/large/3c95f6dely1gekwnn868fj208o05smxc.jpg'],,
4502278558958280,J0Xh5BAso,2822771827,猎云网,【贴身工作人员确诊，特朗普再次接受检测，结果出炉了……】据新华社5月8日消息，美国白宫于5月7日证实，一名在白宫为总统特朗普和总统家庭服务的美国海军现役人员新冠病毒检测结果呈阳性。白宫副新闻秘书霍根·吉德利5月7日在一份声明中说，在这名海军人员确诊后，特朗普和副总统彭斯接受了新冠病毒检测。两人的检测结果都是阴性，他们“身体状况良好”。特朗普5月7日下午在白宫对媒体说，他与这名海军人员几乎没有个人接触，在此人确诊前他已数日没有接受检测。特朗普说，今后或将每天接受检测。据美国媒体报道，这名海军人员是在白宫西翼工作的服务人员之一，他们协助总统和总统家庭处理各种私人事务，负责总统的饮食，有时也陪伴总统出行。报道说，特朗普、彭斯和白宫高级职员每周都会接受一次新冠病毒检测。,,,,,0,0,0,2020-05-08 11:58,专业版微博,['http://ww2.sinaimg.cn/large/a8401473ly1gekwnt7xctj207g09fq34.jpg'],,
4502278549756301,J0Xh4EW3H,6963189750,全报,【#一文读懂全球疫情#：#全球累计确诊逾383万例#特朗普一名贴身随从感染新冠病毒】美国约翰斯·霍普金斯大学发布的实时统计数据显示，截至北京时间5月8日6时30分，全球累计确诊新冠肺炎病例3833957例，累计死亡病例268877例。随着新冠病毒在全球范围内持续扩散，各国进一步采取有力措施应对疫情：意大利拟推出病毒唾液检测试剂盒，几分钟就能出结果；西班牙国家紧急状态再延长两周；土耳其正加速建设两所方舱医院；俄日两国首脑通电话，确认就疫情等问题开展合作。#战疫全时区#O网页链接,,,,"一文读懂全球疫情,全球累计确诊逾383万例,战疫全时区",0,0,1,2020-05-08 11:58,小米8 SE,,,
4502278549956436,J0Xh4FM7G,1845864154,看看新闻KNEWS,【贴身随从确诊感染新冠肺炎特朗普病毒检测从每周一次改成每天一次】据美国媒体5月7日报道，美国总统特朗普的贴身随从新冠病毒检测结果呈阳性，为此白宫紧急为上百名工作人员安排了检测，包括任何可能靠近总统或副总统的特勤局特工和军人。白宫方面予以证实，并表示特朗普和副总统彭斯检测结果呈阴性。当天，特朗普表示他与确诊随从“几乎没有私人接触”，不过自己会从每周改成每天接受一次病毒检测。L全球眼News的秒拍视频,,,,,11,40,80,2020-05-08 11:58,微博 weibo.com,,"http://miaopai.video.weibocdn.com/6jh7CfYBlx07DeOUbIwU0104120086sW0E013.mp4?label=mp4_ld&template=640x360.25.0&trans_finger=40a32e8439c5409a63ccf853562a60ef&Expires=1592210731&ssig=XOYDYGy%2BTo&KID=unistore,video",
4502278536590126,J0Xh3rEom,6393627201,稻青稻黄稻乡人,日本：安倍与特朗普举行电话会谈希望美方尽早提供瑞德西韦7日，日本厚生劳动省批准使用瑞德西韦以治疗新冠肺炎，优先向重症患者提供。这是日本国内首个获批承认的，用于治疗新冠肺炎的药物。,,,,,0,0,0,2020-05-08 11:58,iPhone客户端,,,
4502278516687251,J0Xh1s3ET,1846260432,peterdu78,哈哈枕后病就是枕头出现后才有病症，都是可以通过抛弃枕头，水平躺卧，无枕无忧，恢复自然康复，健康长寿，解决枕后病包括曹操脑中风，和现在流行枕头新肺病毒，都是枕头病毒，抛弃枕头就远离枕头病毒，远离生老病死，恢复自然人，如彭祖八百，国外玛土撒拉969岁，都是自然人，健康长寿。,,,,,0,0,0,2020-05-08 11:58,微博 weibo.com,,,4502085134119185
4502228053893306,J0VXDgkPg,2282670150,宿迁之声,#特朗普一名贴身工作人员确诊#【#特朗普回应贴身工作人员感染新冠#：几乎没有私人接触，将每天接受检测】当地时间7日，美国总统特朗普在回应其贴身工作人员感染新冠病毒一事时表示，他与这名男子“几乎没有私人接触”。特朗普还表示，自己将每天接受新冠病毒检测，他于6日、7日所做的检测结果均为阴性。彭斯补充说：不仅是总统和我每天都要接受检测，而且我认为每一个接触到总统的人每天都会接受检测。”#靠近特朗普工作人员被紧急检测病毒#L海客新闻的秒拍视频,,,,"特朗普一名贴身工作人员确诊,特朗普回应贴身工作人员感染新冠,靠近特朗普工作人员被紧急检测病毒",8,8,10,2020-05-08 08:37,iPhone客户端,,"http://miaopai.video.weibocdn.com/nrIQjkgMlx07DeKG8Ius01041200aOMc0E013.mp4?label=mp4_ld&template=640x360.25.0&trans_finger=40a32e8439c5409a63ccf853562a60ef&Expires=1592210731&ssig=sQpPE8D%2FcF&KID=unistore,video",
4502278512700954,J0Xh1bkDM,6642005131,大宿迁爽快人,,,,,,0,0,0,2020-05-08 11:58,微博 weibo.com,,,4502228053893306
