﻿id,bid,user_id,用户昵称,微博正文,头条文章url,发布位置,艾特用户,话题,转发数,评论数,点赞数,发布时间,发布工具,微博图片url,微博视频url,retweet_id
4506175431558684,J2AEn6xu4,1893801487,微天下,【#特朗普自曝正在服用羟氯喹预防新冠#】美媒18日消息，美国总统特朗普当地时间18日在白宫向记者透露，为预防感染新冠病毒，自己正在服用羟氯喹。特朗普说：“我正在服用羟氯喹。几周前，我开始服用它。因为我认为这药很好，我听到了很多好的故事。”羟氯喹是一种抗疟疾药物。有多项研究显示，这种药物不但无法预防感染新冠病毒，还可能对心脏造成伤害。美国食品药品管理局曾警告，不要在医院和临床试验之外使用羟氯喹。#美国抗疫日记#L微天下的微博视频,,,,"特朗普自曝正在服用羟氯喹预防新冠,美国抗疫日记",1127,2981,43719,2020-05-19 06:03,专业版微博,,"http://f.video.weibocdn.com/hX5jAAnglx07DnEKjiY8010412003Wif0E010.mp4?label=mp4_ld&template=536x360.25.0&trans_finger=40a32e8439c5409a63ccf853562a60ef&Expires=1592212396&ssig=6fZeTKQJjU&KID=unistore,video",
4506189663555779,J2B1keV1h,1731766617,cxj小马,//@头条新闻:#特朗普自爆正在服用羟氯喹预防新冠#有多项研究显示，这种药物不但无法预防感染新冠病毒，还可能对心脏造成伤害。,,,头条新闻,特朗普自爆正在服用羟氯喹预防新冠,0,0,0,2020-05-19 06:59,坚果手机 R1,,,4506175431558684
4506189657957133,J2B1jxo0R,1223006050,凤姐很提神,看到很多印度人说喝牛尿饮恒河水预防效果更好,,,,,0,0,0,2020-05-19 06:59,华为手机 畅享玩不停,,,4506175431558684
4506188718511168,J2AZNzI8U,1561015262,我是西蒙周,金一南谈美国为什么一再打压华为，却放过阿里和腾讯！L糗事小酱的微博视频,,,,,119,54,106,2020-05-19 06:56,HUAWEI P10 Plus,,"http://f.video.weibocdn.com/003mcPrSgx07BY2jL1R601041200prKx0E010.mp4?label=mp4_ld&template=682x360.25.0&trans_finger=40a32e8439c5409a63ccf853562a60ef&Expires=1592212396&ssig=m%2B5HrUJWHe&KID=unistore,video",
4506189646753818,J2B1iskYy,6869641555,海里游泳的螃蟹哥86,转发微博,,,,,0,0,0,2020-05-19 06:59,HUAWEI P30 Pro,,,4506188718511168
4505332981125049,J2eJA4IFX,1618051664,头条新闻,【#特朗普称美国1月就开始研制疫苗#希望年底面世】5月15日，特朗普在白宫透露，美国科学家在1月11日便已经开始研发新冠病毒疫苗，希望年底面世。“就在病毒的遗传密码被发布到网上的几小时内，即使根本不知道我们所面对的究竟是什么”。他还表示，不管有没有病毒，美国都将会重启。@微丢L微丢的微博视频,,,微丢,特朗普称美国1月就开始研制疫苗,195,277,1138,2020-05-16 22:15,,,"http://f.video.weibocdn.com/003DQBeJgx07Dj1KHxDi010412003r4j0E010.mp4?label=mp4_ld&template=360x640.24.0&trans_finger=81b11b8c5ffb62d33ceb3244bdd17e7b&Expires=1592212396&ssig=xdknwKpFwt&KID=unistore,video",
4506189620158050,J2B1g0F7c,7456077187,锞辂亦久亦舊0,转发微博,,,,,1,0,0,2020-05-19 06:59,小米手机4,,,4505332981125049
4506189611760247,J2B1f7nV5,5803459391,图灵听风者,【#特朗普称正在服用抗疟疾药物羟氯喹#】美国总统唐纳德·特朗普表示，他目前正在服用自己推广为治疗新冠病毒药品的抗疟疾药羟氯喹。特朗普周一在白宫表示，他已经服药超过一个星期。医疗专家此前曾警告不要使用羟氯喹，因为对冠状病毒的疗效尚未得到证实，而且可能对健康造成严重副作用。O特朗普说他正在服用抗疟疾药物羟氯喹,,,,特朗普称正在服用抗疟疾药物羟氯喹,0,3,9,2020-05-19 06:59,,,,
4506189297297657,J2B0JuCs9,6112526877,兰州微聚焦,【#特朗普儿子称新冠病毒11月会消失#】近日，美国总统特朗普的二儿子埃里克在接受福克斯新闻网采访时抛出了一番引起大量美国网民关注的言论。他说，今年11月3日之后，美国的新冠肺炎疫情就会神奇地消失。他认为，这场已导致上百万美国人感染、近10万美国人死亡的疫情，是政敌编造出来要打到他父亲的阴谋乃至骗局！有美国网民注意到，他似乎是躲在他家的地下室接受的远程采访……（环球时报）L青蜂侠Bee的秒拍视频来源:青蜂侠,,,,特朗普儿子称新冠病毒11月会消失,2,18,8,2020-05-19 06:58,兰州微聚焦Android,,"http://miaopai.video.weibocdn.com/4dz6uEM5lx07DmtdjTcA0104120083pN0E013.mp4?label=mp4_ld&template=640x360.25.0&trans_finger=40a32e8439c5409a63ccf853562a60ef&Expires=1592212374&ssig=%2Bxgu5lBKnX&KID=unistore,video",
4506189611759164,J2B1f7nDC,1402324311,沈阳sz1961sy,关键问题是选举在哪个月？,,,,,0,0,0,2020-05-19 06:59,三星 Galaxy Note9,,,4506189297297657
4506188798970968,J2AZVBDL2,7360594450,海客新闻,【#特朗普自曝正在服用羟氯喹#预防新冠病毒专家警告：有明显副作用】特朗普18日在白宫向记者透露，为预防感染新冠病毒，自己正在服用羟氯喹，每天一片。特朗普说：“我正在服用羟氯喹……几周前我就开始服用了。”羟氯喹是一种抗疟疾药物。有多项研究显示，这种药物不但无法预防感染新冠病毒，还可能对心脏造成伤害。L海客新闻的秒拍视频,,,,特朗普自曝正在服用羟氯喹,37,21,112,2020-05-19 06:56,微博 weibo.com,,"http://miaopai.video.weibocdn.com/eSsJtL7nlx07DnIpmBag0104120069wi0E013.mp4?label=mp4_ld&template=640x360.25.0&trans_finger=40a32e8439c5409a63ccf853562a60ef&Expires=1592212396&ssig=2qGXG9mQkP&KID=unistore,video",
4506189507766179,J2B14wAkX,2343002381,历史改变命运,转发微博,,,,,0,0,0,2020-05-19 06:59,iPhone客户端,,,4506188798970968
4506189495278971,J2B13m9iH,1569839770,2020改为嘿哥,转发微博,,,,,0,0,0,2020-05-19 06:59,小米6 拍人更美,,,4506188718511168
4506189478742091,J2B11AGdt,6115416323,十二IN_K,精神昏迷//@头条新闻:#特朗普自爆正在服用羟氯喹预防新冠#有多项研究显示，这种药物不但无法预防感染新冠病毒，还可能对心脏造成伤害。,,,头条新闻,特朗普自爆正在服用羟氯喹预防新冠,0,0,0,2020-05-19 06:59,OPPO超视野全面屏R15,,,4506175431558684
4506189444028974,J2B0YgU7s,3946307527,栖凤山D,转发微博,,,,,0,0,0,2020-05-19 06:59,坚果手机 Pro,,,4506188718511168
4506189436256794,J2B0XqfG2,1974561081,网易财经,#美国加州计划6月重启体育赛事#【#美国体育赛事损失超50亿美元#，再停两个月要超100亿！特朗普和加州州长罕见想法一致：尽快恢复体育赛事】据央视新闻，美国加州州长纽森在5月18日新冠疫情新闻发布会上表示，职业体育赛事可能会从6月的第一周起返回加利福尼亚州，并透露这些体育赛事将在没有观众的情况下举行。纽森同时指出，只有在该州能稳定控制新冠病毒传播，并使传染率降低的情况下，才会在全州范围内重启赛事回归这一计划。根据美国商业杂志《福布斯》的一项统计，在过去两个月里，由于疫情造成的赛事暂停和取消，美国主流职业体育联赛的损失超过50亿美元，其中美职棒大约损失20亿，美职篮大约为12亿，包括篮球“疯狂三月”在内的美国大学生体育协会（NCAA）旗下系列赛事损失为10亿，而北美职业冰球联赛、美国足球大联盟和纳斯卡（NASCAR）赛车比赛加起来的损失将近10亿美元。,,,,"美国加州计划6月重启体育赛事,美国体育赛事损失超50亿美元",0,0,1,2020-05-19 06:59,Android,,,
4505895251967036,J2tmt8fIo,5626136031,我是郭杰瑞,街访美国纽约路人，特朗普抗疫做的怎么样？#美国新增确诊病例20747例##郭杰瑞##海外抗疫日记#L我是郭杰瑞的微博视频,,,,"美国新增确诊病例20747例,郭杰瑞,海外抗疫日记",2866,4158,47829,2020-05-18 11:30,日常 · 视频社区,,"http://f.video.weibocdn.com/000SrBM9gx07Dmp03YqX01041201x8Hn0E010.mp4?label=mp4_ld&template=640x360.25.0&trans_finger=bdef57f06ae52835a2c783ca389e8517&Expires=1592212396&ssig=FUTYqR5qGJ&KID=unistore,video",
4506189386354419,J2B0SqF4D,3265832943,计划还是计划,转发微博,,,,,0,0,0,2020-05-19 06:58,荣耀NOTE8  2K大屏,,,4505895251967036
4506189386351639,J2B0SqElN,1624867290,剧有你我,#中国新冠疫苗将作为全球公共产品#只能说太厉害了所谓的大国担当是什么这就是美国一下子就显得猥琐了太多特朗普天天怼天怼地的甩锅实在是太low了,,,,中国新冠疫苗将作为全球公共产品,0,0,3,2020-05-19 06:58,Redmi 7,,,
4506186676452767,J2AWvr4ET,1893801487,微天下,【#特朗普回应蓬佩奥让下属遛狗洗衣服#：因为他老婆不在身边】当地时间18日，特朗普在回应有媒体报道国务卿蓬佩奥私下要求工作人员为其遛狗洗衣服的新闻时称，也许这是因为他老婆不在身边。特朗普说：“我宁愿让蓬佩奥和某个世界领导人通电话，也不愿让他洗碗……也许是因为他的老婆不在身边，或者孩子不在。”此前，有媒体报道有人举报蓬佩奥滥用权力，私下要求工作人员为其遛狗、洗衣服，帮他和妻子预定餐厅。L微天下的微博视频,,,,特朗普回应蓬佩奥让下属遛狗洗衣服,89,151,615,2020-05-19 06:48,专业版微博,,"http://f.video.weibocdn.com/OMW12xC2lx07DnHOBEAg010412001Xd20E010.mp4?label=mp4_ld&template=640x360.25.0&trans_finger=40a32e8439c5409a63ccf853562a60ef&Expires=1592212396&ssig=8xSRKa5%2FmR&KID=unistore,video",
4506189322858612,J2B0MbZEE,2395957447,仙逸飞天,转发微博,,,,,0,0,0,2020-05-19 06:58,微博国际版,,,4506186676452767
4506189310760338,J2B0L3bNw,1959185150,总裁精粹,【是时候学点金融知识了】美股暴跌？特朗普批美联储？想参与讨论，却不懂基本的金融知识？想了解财经新闻，却被“市盈率”“开放式基金”吓住？…什么是“过桥资金”？债券和股票有啥不同？”55个基础金融名词↓↓从基础知识到行情术语都有！转存，是时候学点金融知识了！#美股#,,,,美股,100,3,39,2020-05-19 06:58,HUAWEI P30,"['http://ww1.sinaimg.cn/large/74c6cafely1gexdsy2pvvj20dw11yn0c.jpg', 'http://ww4.sinaimg.cn/large/74c6cafely1gexdsye9a6j20dw1jcwk9.jpg', 'http://ww2.sinaimg.cn/large/74c6cafely1gexdsyoacqj20dw146ads.jpg', 'http://ww1.sinaimg.cn/large/74c6cafely1gexdsyuneuj20dw17tn18.jpg', 'http://ww4.sinaimg.cn/large/74c6cafely1gexdsz48m0j20dw0zhdil.jpg', 'http://ww2.sinaimg.cn/large/74c6cafely1gexdszflr9j20dw14677x.jpg', 'http://ww3.sinaimg.cn/large/74c6cafely1gexdszn7cjj20dw13s77w.jpg', 'http://ww4.sinaimg.cn/large/74c6cafely1gexdszvensj20dw11pq6b.jpg', 'http://ww3.sinaimg.cn/large/74c6cafely1gexdt05a9uj20dw17twic.jpg']",,
4506189260212162,J2B0G0TbY,2712101077,彩云之南许俊,直白——按紧钱包小鸡肚肠的特朗普政府。【华为因美施压遭遇生死存亡关头？别急，还有变数】,,,,,0,0,0,2020-05-19 06:58,网易新闻,,,
4506189234930074,J2B0DkGxk,2460815485,大咖茶,【特朗普手中的中国泄露病毒“核心证据”公布，笑掉美媒大牙】（来自@一点资讯）O特朗普手中的中国泄露病毒“核心证据”公布，笑掉美媒大牙,,,一点资讯,,0,0,0,2020-05-19 06:58,一点资讯小米,['http://ww4.sinaimg.cn/large/92ad107dly1gexdsp4oxrj20db08vaax.jpg'],,
4461088915823347,IpDcvoqUX,5643224579,猛犸君侯,"【2020新片.片段】【纪录片.PBS.美国大分裂：从奥巴马到特朗普.FRONTLINE.2020.America's.Great.Divide.From.Obama.to.Trump】美国陷入分裂。奥巴马2008年当选为美国总统之后，许诺变革政局、弥合分歧，但种族、文化的分裂造就特朗普的崛起。全片时长四小时。A站英字.片段已发，本片不发布完整版视频。America'sGreatDivide:FromObamatoTrumpAtwo-partinvestigationintoAmerica’sincreasinglybitter,dividedandtoxicpolitics.PartOneofthedocumentarytraceshowBarackObama’spromiseofunitycollapsedasincreasingracial,culturalandpoliticaldivisionslaidthegroundworkfortheriseofDonaldTrump.L猛犸君侯的微博视频",,,,,49,6,50,2020-01-15 20:05,微博视频,,"http://f.video.weibocdn.com/002Xxllalx07AbdfZ1oY01041200MF770E010.mp4?label=mp4_ld&template=640x360.25.0&trans_finger=40a32e8439c5409a63ccf853562a60ef&Expires=1592212410&ssig=GvsHkZCWn8&KID=unistore,video",
4506174559860877,J2ACXFngp,2693386141,我纯粹无聊,//@洛梅笙:这个有完整的片源吗？想看。,,,洛梅笙,,0,0,0,2020-05-19 05:59,iPhone客户端,,,4461088915823347
4506174488262607,J2ACQyFtR,6639611187,小何视频,"发布了头条文章：《特朗普反水?“撕毁”《问责法案》,所有对华索赔全部失效!》O特朗普反水?“撕毁”《问责法案》,所有对华索赔全部失效!",http://t.cn/A62hgVMl,,,,0,0,0,2020-05-19 05:59,微博 weibo.com,,,
4506174416903646,J2ACJsXX8,6788499283,微博财经7X24小时,特朗普称，要帮助卡车司机们（交通运输业人员），“他们已经来了”。微博财经7X24小时频道,,,,,0,0,0,2020-05-19 05:59,微博股票,,,
4506113258969500,J2z25BDnm,3857117767,网络热新闻,【特朗普为啥不戴口罩？白宫“神回复”：我们都戴就是保护他】#白宫称所有人戴口罩就是保护特朗普#新冠病毒已经“入侵”白宫，但美国总统特朗普一直坚持不戴口罩。对此，白宫新闻发言人凯莉·麦肯内妮解释说：“那是他的选择，他每天都接受检测。为了保护他我们都戴口罩了。他每天的检测结果都呈阴性。”此外，特朗普的女儿伊万卡也说，特朗普无需戴口罩：“没有人会不戴口罩接近他，包括我。”L看看新闻今日事的微博视频,,,,白宫称所有人戴口罩就是保护特朗普,2,0,5,2020-05-19 01:56,微博云剪,,"http://f.video.weibocdn.com/zLw4B2qDlx07DltUcs9201041200fHSk0E010.mp4?label=mp4_ld&template=640x360.25.0&trans_finger=40a32e8439c5409a63ccf853562a60ef&Expires=1592212410&ssig=vMfLy99gcX&KID=unistore,video",
4506174375138911,J2ACFlyRF,1700332695,不系舟tuili,大统领有放毒权,,,,,0,0,0,2020-05-19 05:59,360安全浏览器,,,4506113258969500
4506174366534116,J2ACErpOY,1876624944,jinpaiyihao,美媒文章：特朗普在一场危机中激怒整个国家O网页链接,,,,,0,0,0,2020-05-19 05:59,HUAWEI Mate 20,,,
4505549738153986,J2knbyddU,5227820733,猫星观察团,【犹太集团代理人特朗普指控奥巴马犯罪，如果奥巴马继续搅局，让他小心肯尼迪林肯的下场】特朗普指控奥巴马犯什么罪？白宫发言人反问记者：你应该去查下，白宫新闻秘书麦肯内尼在发布会上，被问特朗普指控奥巴马犯了什么罪？并被要求说出罪行，她没有直接回应记者提问，而是列举了一些针对奥巴马政府的指控和不满，并表示记者有责任回答奥巴马的哪些行为是违法的，“也许你应该调查一下，给我一些答案”然而记者指出，回答有关总统所说的话是白宫新闻秘书的职责。L猫星观察团的微博视频,,,,,72,46,266,2020-05-17 12:37,UC浏览器电脑版,,"http://f.video.weibocdn.com/002xvNbcgx07DkU0hfDi010412007Dmz0E010.mp4?label=mp4_ld&template=640x360.25.0&trans_finger=40a32e8439c5409a63ccf853562a60ef&Expires=1592212410&ssig=%2BWp8zzkKN2&KID=unistore,video",
4506174345311309,J2ACCmhIh,2841342007,嗒嘀哒滴滴,转发微博,,,,,0,0,0,2020-05-19 05:59,vivo AI智慧拍照X21i,,,4505549738153986
4506174274646394,J2ACvjuJQ,6599780549,琴书仪灬灵敏,【世界四大合法赌城】拉斯维加斯——“一夜暴富”的超级赌城；澳门——世界最富裕的大赌城；蒙特卡洛——“袖珍王国”中的赌城；大西洋城——赌王特朗普的发家地。如果不能赌博，你更喜欢去那座赌城？#厦门旅游攻略#,,萍乡·大老坪,,厦门旅游攻略,0,0,0,2020-05-19 05:58,iPhone客户端,['http://ww1.sinaimg.cn/large/006XE9ruly1gb3mqgjpduj30ae07waa8.jpg'],,
4506174223815234,J2ACqg0w2,5880663374,梦点神鉴588,【为遏制疫情特朗普宣布重大计划：堪比研制原子弹】（来自@一点资讯）O为遏制疫情特朗普宣布重大计划：堪比研制原子弹,,,一点资讯,,0,0,0,2020-05-19 05:58,一点资讯,['http://ww1.sinaimg.cn/large/006pYFbgly1gexc2ms4unj30fg08o74v.jpg'],,
4506174218898245,J2ACpBkQ5,6141671075,yifei一飞,//@航空新视野-赤卫:郭杰瑞好样的。,,,航空新视野-赤卫,,0,0,0,2020-05-19 05:58,360安全浏览器,,,4505895251967036
4506072407005571,J2xYctot5,3173633817,CGTN,"【#特朗普儿子称新冠病毒11月会消失#，还称疫情是政敌阻止特朗普连任的一个骗局】网友：这家人太仰仗魔法和奇迹了。EricTrump,sonofU.S.PresidentDonaldTrump,hasclaimedthatthecoronaviruswill""magicallyallofasuddengoawayanddisappear""afterthepresidentialelectiononNovember3,sayingtheCOVID-19pandemicispartofa""verycognizantstrategy""bytheDemocratstotakedownhisfatherduringthisyear'selection.LCGTN的微博视频",,,,特朗普儿子称新冠病毒11月会消失,67,114,305,2020-05-18 23:14,微博 weibo.com,,"http://f.video.weibocdn.com/4KjOCBJZlx07DnaCMZFe010412001zHn0E010.mp4?label=mp4_ld&template=360x640.24.0&trans_finger=81b11b8c5ffb62d33ceb3244bdd17e7b&Expires=1592212410&ssig=LpPWezFbhs&KID=unistore,video",
4506174173467820,J2ACley8A,6249802918,用户喜乐88,转发微博,,,,,0,0,0,2020-05-19 05:58,OPPO智能手机,,,4506072407005571
4506152802631447,J2A3Sb2yH,1638782947,新浪财经,#美国新冠感染病例超过150万#【#特朗普称自己正在吃羟氯喹#】美国总统唐纳德·特朗普表示，他目前正在服用自己推广为治疗新冠病毒药品的抗疟疾药羟氯喹。特朗普周一在白宫表示，他已经服药超过一个星期。医疗专家此前曾警告不要使用羟氯喹，因为对冠状病毒的疗效尚未得到证实，而且可能对健康造成严重副作用。O特朗普说他正在服用抗疟疾药物羟氯喹,,,,"美国新冠感染病例超过150万,特朗普称自己正在吃羟氯喹",122,170,379,2020-05-19 04:33,微博 weibo.com,['http://ww2.sinaimg.cn/large/61add7e3ly1gex9siqolpj20be07jglm.jpg'],,
4506174136106387,J2AChpCy7,5021152729,溥薄,不是可能，是肯定，对精神健康的严重副作用已经非常非常明显，如果服用剂量加大十倍，那特朗普总统就做了一件非常棒的事，对美国抗疫非常非常有利。,,,,,0,0,0,2020-05-19 05:58,HUAWEI Mate 9 Pro,,,4506152802631447
4506174109518658,J2ACeDWeK,5667983457,向往友谊5667983457,转,,,,,0,0,0,2020-05-19 05:58,荣耀7X 全面屏手机,,,4505895251967036
4506174094125940,J2ACdhjlq,5076943444,天下闻张,《特朗普甩锅目的，他儿子又强调了一遍》当地时间16日，美国总统特朗普的二儿子埃里克在接受福克斯新闻网采访时，抛出上述令人瞠目结舌的言论。O网页链接,,,,,0,0,0,2020-05-19 05:58,百度App,['http://ww1.sinaimg.cn/large/005xAkUAgy1gexc23bur3j308o05smx6.jpg'],,
4506174064738128,J2ACajSBq,1203544040,沈瑞存医生,【特朗普说他正在服用抗疟疾药物羟氯喹】美国总统唐纳德·特朗普表示，他目前正在服用自己推广为治疗新冠...O特朗普说他正在服用抗疟疾药物羟氯喹@新浪财经,,,新浪财经,,0,0,1,2020-05-19 05:58,新浪财经Android版,,,
4506174064008077,J2ACagOGp,2770722975,每天开心的老孙,美国的人口并不是世界上最多的，而且美国的医疗设施在国际上也是较为先进的。为何此次爆发的新冠病毒却在美国如此猖獗？这就要“归功”于他们的领导者特朗普了。新冠病毒爆发的初期中方就曾给过他们一些科学的建议，但特朗普目空一切，且态度傲慢！完全没有将中方的意见听进去，依旧盲目地乐观。这才导致了疫情在美国的一发不可收拾。每天从美国传出来的一个个噩耗时刻牵动着全世界各国的心，在这万众一心抗击疫情的关键时刻，希望美国能够收起自己的高姿态，虚心向疫情控制良好的国家学习。不要再任性妄为，目空一切。毕竟现在美国的疫情已经威胁到全世界的安全了。美国的一意孤行而导致如今疫情肆虐的局面不应该连累到其他无辜的国家！任性妄为终是要付出惨痛的代价！,,,,,0,0,1,2020-05-19 05:58,iPhone客户端,['http://ww3.sinaimg.cn/large/a525e09fly1gexc1xqr4xg208i0at7wh.jpg'],,
4506059445947578,J2xDioXeG,6209092845,馨悦博翔017,金一南教授谈：特朗普为何全力打压华为L糗事小酱的微博视频,,,,,18,1,5,2020-05-18 22:22,国防军事Android,,"http://f.video.weibocdn.com/003mcPrSgx07BY2jL1R601041200prKx0E010.mp4?label=mp4_ld&template=682x360.25.0&trans_finger=40a32e8439c5409a63ccf853562a60ef&Expires=1592212410&ssig=6Eg6AgDxRs&KID=unistore,video",
4506174047538991,J2AC8vDeD,5676739585,wxy清风归客,//@平常心LFX://@yikecat:美国急了。,,,"平常心LFX,yikecat",,0,4,5,2020-05-19 05:57,荣耀10 AI变色更潮美,,,4506059445947578
4506164191383478,J2Amf5NUa,2656274875,央视新闻,【#美国新冠肺炎确诊病例超150万#】据美国约翰斯·霍普金斯大学数据，截至美东时间5月18日16时24分，美国新冠肺炎确诊病例超150万例，为1500753例；#美国新冠肺炎死亡病例超9万例#，为90312例。（央视记者许弢）,,,,"美国新冠肺炎确诊病例超150万,美国新冠肺炎死亡病例超9万例",599,759,4710,2020-05-19 05:18,微博 weibo.com,['http://ww4.sinaimg.cn/large/9e5389bbly1gexawu1985j20u01hcb2b.jpg'],,
4506174034625180,J2AC7jpdG,3166544752,长福新鲜胡同51,特朗普应给美国人民解释,,,,,0,0,0,2020-05-19 05:57,HUAWEI Mate 20 X,,,4506164191383478
4506173702851362,J2ABAbXLI,2144532662,论语66,美国的疫情暴发持续，感染死亡人数不断增加，国内对特朗普政府批评的人会越来越多，这是民国民主制度和良知政治人士存在的必然。美国政府和极右政治集团、利益集团，会加速疯狂向世界甩锅和忌妒中国抗击疫情的甩锅。证明自己是对的。但世界各国政治家己经达成抗击疫情尊重科学的共识。,,,,,0,0,0,2020-05-19 05:56,微博 HTML5 版,,,
4506173632218058,J2ABt9j18,1086978541,二不庐,【特朗普手中的中国泄露病毒“核心证据”公布，笑掉美媒大牙】大家都知道，美国特朗普当局为了推卸他们防疫失职的责任，在过去这两个多月里一直在疯狂攻击我们中国，甚至把新冠病毒的源头栽赃给了我们武汉的病毒实验室。而即便全世界的...O特朗普手中的中国泄露病毒“核心证据”公布，笑掉美媒大牙,,,,,0,0,0,2020-05-19 05:56,iPhone客户端,['http://ww3.sinaimg.cn/large/40c9f9edly1gexbzz9zhpj21hg0u0ngo.jpg'],,
4506058817560200,J2xChvIKI,1499104401,新浪军事,金一南少将谈：特朗普为何全力打压华为L糗事小酱的微博视频,,,,,243,75,395,2020-05-18 22:20,微博 weibo.com,,"http://f.video.weibocdn.com/003mcPrSgx07BY2jL1R601041200prKx0E010.mp4?label=mp4_ld&template=682x360.25.0&trans_finger=40a32e8439c5409a63ccf853562a60ef&Expires=1592212419&ssig=LUq4mgnqM7&KID=unistore,video",
4506159426494534,J2Aeyrfwy,5861481425,觀雅軒,轉發微博,,,,,0,0,0,2020-05-19 04:59,微博 weibo.com,,,4506058817560200
4506159363776970,J2AesfQyS,5084136996,华盛7x24,【特朗普自述服用抗疟药物羟氯喹】特朗普表示，他目前正在服用抗疟疾药物羟氯喹，这是他大力推广的治疗新冠病毒的药物。特朗普说他已经服药一周半了，白宫医生说可以按照意愿服用。特朗普称服药是个人决定，他觉得这种药物很大可能会有效果。不过，此前医疗专家曾警告称，不应服用羟氯喹，因为其治疗新冠病毒的疗效未得到验证，且可能对健康造成严重副作用。,,,,,0,0,0,2020-05-19 04:59,华盛通,,,
4506140757866889,J2zKrx0xj,6059218988,最走心的视频,“妈妈，我可以吃这个苹果吗”？“不行，那是洋葱。”“是苹果！”“是洋葱啦。”“是苹果！！”“好吧，既然你那么坚决，就吃吧！”接下来，妈妈拍下了这个视频……这小子有种，死不认输！  #走心视频##搞笑视频#L最走心的视频的微博视频,,,,"走心视频,搞笑视频",39,16,152,2020-05-19 03:45,微博视频,,"http://f.video.weibocdn.com/004vKyqQgx07DnvhJ6lF010412004iCL0E010.mp4?label=mp4_ld&template=480x360.25.0&trans_finger=40a32e8439c5409a63ccf853562a60ef&Expires=1592212419&ssig=ZZUfJPP6Sq&KID=unistore,video",
4506159312174755,J2Aen97KH,2499031324,柳寒玉34,特朗普小时候,,,,,0,0,0,2020-05-19 04:59,荣耀8X Max,,,4506140757866889
4501184202054493,J0uO08CsZ,5626136031,我是郭杰瑞,为何有些美国人特别“反智”！大部分还是特朗普支持者？#美国反智？##郭杰瑞##共同战疫#L我是郭杰瑞的微博视频,,,,"美国反智？,郭杰瑞,共同战疫",27707,21064,268092,2020-05-05 11:30,日常 · 视频社区,,"http://f.video.weibocdn.com/002dubFNgx07D1Ewq7vy01041201dvE20E010.mp4?label=mp4_ld&template=640x360.25.0&trans_finger=bdef57f06ae52835a2c783ca389e8517&Expires=1592212419&ssig=UcObu1WO7I&KID=unistore,video",
4506159282792917,J2AekbIz3,6319549536,吴琰恩,多了解增加认知,,,,,0,0,0,2020-05-19 04:59,HUAWEI Mate30 Pro 5G,,,4501184202054493
4506159224666883,J2AeejA4j,7450303893,醉里秋波_搅,转发微博,,,,,0,0,0,2020-05-19 04:59,小米手机4,,,4506058817560200
4505851351000623,J2sdF4cj5,1893801487,微天下,【#特朗普儿子称新冠病毒11月会消失#：只因它是拜登害我爸的骗局】5月17日，特朗普的二儿子埃里克接受福克斯采访时称，“新冠病毒会在11月奇迹般地消失”，因为这整件事情是拜登团队编造出来要打倒他父亲的阴谋乃至骗局。该言论一出，便引起美国网友的一致声讨。L青蜂侠Bee的秒拍视频@青蜂侠Bee,,,青蜂侠Bee,特朗普儿子称新冠病毒11月会消失,393,786,4903,2020-05-18 08:35,专业版微博,,"http://miaopai.video.weibocdn.com/4dz6uEM5lx07DmtdjTcA0104120083pN0E013.mp4?label=mp4_ld&template=640x360.25.0&trans_finger=40a32e8439c5409a63ccf853562a60ef&Expires=1592212419&ssig=y%2FNJinbaVW&KID=unistore,video",
4506159103595002,J2Ae2f5dU,1884134525,我是李阿狸,转发微博,,,,,0,0,0,2020-05-19 04:58,iPhone客户端,,,4505851351000623
4500464715300551,J0c5xmeUL,3738295043,甲历史,10年前中国纪录片是这么介绍特朗普的，人的潜伏期原来可以这样长L甲历史的微博视频,,,,,283,55,453,2020-05-03 11:51,,,"http://f.video.weibocdn.com/NhFckACtlx07CYwmY2E801041201EAM50E010.mp4?label=mp4_ld&template=778x360.25.0&trans_finger=40a32e8439c5409a63ccf853562a60ef&Expires=1592212419&ssig=5aBoaDldbu&KID=unistore,video",
4506159027665713,J2AdUwacx,2406654107,2020芝麻,转发微博,,,,,0,0,0,2020-05-19 04:58,iPhone客户端,,,4500464715300551
4506159001848925,J2AdS7KZn,6382964677,想了坊间始祖,而是站在你面前却不能说；世界上最遥远的距离不是生和死！我爱你#特朗普称注射消毒液的说法只是讽刺#,,洛阳·新安县第二高级中学,,特朗普称注射消毒液的说法只是讽刺,0,0,0,2020-05-19 04:58,iPhone客户端,,,
4506158897953137,J2AdHxmYp,5980225094,昆腾国际财富管理公司,美国华尔街日报今日要闻：政治：•美国联邦政府司法部长威廉·巴尔(WilliamBarr)周一表示，他不愿对美国前总统贝拉克·奥巴马(BarackObama)或副总统乔·拜登(JoeBiden)是否在美国现任总统特朗普的通俄门案件中涉嫌陷害特朗普总统一事进行调查。经济：•美联储主席杰罗姆·鲍威尔(JeromePowell)在周日接受采访时表示，美国的经济复苏将面临一个长期且充满不确定性的艰难过程。商业：•优步科技公司(UberTechnologiesInc.)的CEO达拉·科斯罗萨西(DaraKhosrowshahi)试图带领公司冲出疫情带来的经营困境。优步公司宣布将继续裁员约3000人，关闭三个办事处，并重新评估从货运到自动驾驶技术等领域的重大项目投入。市场：•由于美国在冠状病毒疫苗的研发方面取得了进展，美国股市周一上涨。在上周经历了近两个月来最大的一周跌幅之后，美股终于有所回升。,,,,,0,1,3,2020-05-19 04:57,微博 weibo.com,['http://ww2.sinaimg.cn/large/006wIpJsgy1gexab8gfp8j30qo0ge785.jpg'],,
4506158842704502,J2AdCblz0,3295996900,肖思杰_93468,《美国，别再“揣着明白装糊涂”了！》美国总统特朗普日前亲口承认，早在1月11日，美国就开始研发新冠病毒疫苗。此话一出，“1月11日”这个时间点立刻引发了国际舆论哗然。O网页链接,,,,,0,0,0,2020-05-19 04:57,百度App,['http://ww1.sinaimg.cn/large/c474ebe4gy1gexaazir77j208o05sjrk.jpg'],,
4506158616070828,J2AdfptiA,5681884356,巴豆5681884356,特朗普甩锅目的，他儿子又强调了一遍O网页链接,,,,,0,0,0,2020-05-19 04:56,iPhone客户端,['http://ww4.sinaimg.cn/large/006cwBG4gy1gexaa3bef0j308o05sdj6.jpg'],,
4506158444958370,J2AcYkNTI,6498373231,凤凰王又又,#美国疫情#特朗普刚在白宫一个圆桌会议上，透露自己已服用羟氯喹一周多，以预防感染新冠肺炎。“我正在服用羟氯喹。几周前，我开始服用它。因为我认为这药很好，我听到了很多好故事。您会惊讶于有多少人正在服用这个药，特别是前线工作人员。在您感染之前。一线工人很多在服用。”羟氯喹被特朗普一再吹捧为对抗新冠病毒的潜在“游戏规则改变者”。是治疗类风湿性关节炎和狼疮的常用药。目前许多临床试验都在研究它在对抗新冠肺炎方面是否有效，但尚未被证明是一种有效的疗法。,,,,美国疫情,196,289,963,2020-05-19 04:55,微博 weibo.com,['http://ww2.sinaimg.cn/large/0075MvJtgy1gexa987o8ij30kk0bkwf2.jpg'],,
4505833310166151,J2rKz0HdR,1618051664,头条新闻,【#特朗普儿子称新冠病毒11月会消失#】近日，美国总统特朗普的二儿子埃里克在接受福克斯新闻网采访时抛出了一番引起大量美国网民关注的言论。他说，今年11月3日之后，美国的新冠肺炎疫情就会神奇地消失。他认为，这场已导致上百万美国人感染、近10万美国人死亡的疫情，是政敌编造出来要打到他父亲的阴谋乃至骗局！有美国网民注意到，他似乎是躲在他家的地下室接受的远程采访……（环球时报）L青蜂侠Bee的秒拍视频,,,,特朗普儿子称新冠病毒11月会消失,4727,16536,239955,2020-05-18 07:23,微博 weibo.com,,"http://miaopai.video.weibocdn.com/4dz6uEM5lx07DmtdjTcA0104120083pN0E013.mp4?label=mp4_ld&template=640x360.25.0&trans_finger=40a32e8439c5409a63ccf853562a60ef&Expires=1592212419&ssig=y%2FNJinbaVW&KID=unistore,video",
4506158440759984,J2AcY3bHO,3835872262,peculiarrrrr123,转发微博,,,,,0,0,0,2020-05-19 04:55,OPPO随光而变R17,,,4505833310166151
4506158323132262,J2AcMd8Qm,6255899788,傅予_Troy,特朗普：费尔蒂塔是我兄弟，我俩曾经被称为“双胞胎”。,,,,,0,24,61,2020-05-19 04:55,iPhone 11,"['http://ww1.sinaimg.cn/large/006Pn7jugy1gexa3po7drj30n00du78z.jpg', 'http://ww2.sinaimg.cn/large/006Pn7jugy1gexa801jnij30n00sc48u.jpg']",,
4506151318203172,J2A1tyq1e,2772291221,见闻实时新闻,【特朗普：我正在服用羟化氯喹，以防范感染新冠肺炎病毒】美国总统特朗普5月18日美股盘后表示，“我正在服用羟化氯喹（TakingHydroxyChloroquine），服用时间已经达到大约一周半。当我询问白宫医师时，医师表示我可以按自己的想法去服用这种抗疟疾药物。这种药物非常有可能会（对新冠肺炎病患）产生作用。我并没有感染新冠肺炎病毒。”#特朗普服用羟化氯喹#,,,,特朗普服用羟化氯喹,88,38,57,2020-05-19 04:27,微博 weibo.com,['http://ww4.sinaimg.cn/large/a53dce95ly1gexastqqdzj20v91gf10x.jpg'],,
4506158134655438,J2Actjx5I,6329403173,微不足道不可道,//@华尔街见闻APP:特朗普：我正在服用羟化氯喹，白宫医师说我可以服用这种抗疟疾药物。,,,华尔街见闻APP,,0,0,0,2020-05-19 04:54,小米Note2 双曲面,,,4506151318203172
4506158054913828,J2AclkCji,5018978542,治癌zj,【华为遭美国封杀升级舜宇、比亚迪电子暴跌10%中芯跌6%_新浪财经_新浪网】新浪港股讯5月18日消息，华为被特朗普全面封杀的消息持续发酵，资本市场芯片股集体大跌。其中，舜宇光学暴跌10.78%，中国软件国际暴跌10.94%，比亚迪电子跌超10%，蓝思科技跌停，丘...O网页链接,,,,,0,0,1,2020-05-19 04:54,分享按钮,,,
4506157969911391,J2AccFAp9,5257269367,IT互联小李说,#互联网#宽窄观察#美国疫情##2020年美国大选#【纽约时报：共和党试图将疫情的责任归咎于中国，以转移人们对特朗普政府应对冠状病毒的批评的注意力】近期，美国总统特朗普开始了向中国甩锅的“总攻”，除了污蔑中国新冠疫情死亡人数“远超”美国外，政府官员和多家媒体还炒作起了所谓“病毒来源...全文：O网页链接,,,,"互联网,美国疫情,2020年美国大选",0,1,0,2020-05-19 04:54,微博 weibo.com,,,
4505585704352971,J2ljcigpd,1726918143,中国青年报,【#奥巴马再批特朗普政府#：连假装负责都做不到】16日，奥巴马在给美国传统黑人大学毕业生毕业寄语时，再次批评现政府的抗疫不力。他表示，疫情给黑人社区带来了不成比例的影响，凸显了黑人社区长期存在的不平等问题，而这次疫情也让“政府官员知道自己在做什么”的幻想破灭了，“他们甚至连假装负责都做不到”。（@观察者网）L微丢的微博视频,,,观察者网,奥巴马再批特朗普政府,556,453,15926,2020-05-17 15:00,微博 weibo.com,,"http://f.video.weibocdn.com/001WsKNRgx07DkIXb0UL010412008Oi30E010.mp4?label=mp4_ld&template=640x360.25.0&trans_finger=40a32e8439c5409a63ccf853562a60ef&Expires=1592212419&ssig=3%2BpqSU%2BIFc&KID=unistore,video",
4506157790098716,J2AbV0pGc,2955623622,Edllss,转发微博,,,,,0,0,0,2020-05-19 04:53,iPhone客户端,,,4505585704352971
4506157709954956,J2AbMFLJO,3316330374,看看_77845,特朗普：各位，05SVsqP19，特见,,,,,0,0,0,2020-05-19 04:53,Android客户端,,,
4506144238897019,J2zQ3Bkwj,5615620763,搞机的司机,我围观了@王福重的回答，该问题价值200.00元，围观仅1元，快来一起围观~O微博问答,,,王福重,,0,0,0,2020-05-19 03:59,微博问答,,,
4506144175538787,J2zPXneTh,1920312450,土琵琶欢乐多,奇了怪了这些纽约人挺正常的完全不像其他地方那样看起来有很多白痴难道采访对象有bias吗,,,,,0,0,0,2020-05-19 03:59,iPhone,,,4505895251967036
4506144012263099,J2zPH9uJB,5084136996,华盛7x24,特朗普：洛杉矶延长关闭时间将是“一心求死的愿望”。,,,,,0,0,0,2020-05-19 03:58,华盛通,,,
4506144011482067,J2zPH6dyj,7283894700,用户7283894700,《华为遭全面封杀：紧急追加50亿订单？科技股大跌中芯国际跳水10%》华为被特朗普全面封杀的消息持续发酵，资本市场芯片股也迎来大地震行情！O网页链接,,,,,0,0,0,2020-05-19 03:58,百度极速版,['http://ww3.sinaimg.cn/large/007WWtKAgy1gex8lnpjltj302w01xmwz.jpg'],,
4506143836414541,J2zPpqUIl,7408551968,心失晴_房,转发微博,,,,,0,0,0,2020-05-19 03:57,Android客户端,,,4505851351000623
4506143815067670,J2zPnlgkC,5363260962,温和入夜,感觉有长壮一些镜子前面感觉这手臂揍人应该蛮疼的但都没讨厌的人的em………要不…@特朗普能让我揍一下不,,,特朗普,,0,1,0,2020-05-19 03:57,HUAWEI Mate 20,,,
4506143135211163,J2zOhlRF1,6194508066,本部君子,《奥巴马再次炮轰特朗普不靠谱特朗普回“喷”》奥巴马再次炮轰特朗普不靠谱特朗普回“喷”我就是不靠谱O网页链接,,,,,0,0,0,2020-05-19 03:55,百度极速版,['http://ww2.sinaimg.cn/large/006Ldwwqly1gex8h7wamij30ic0aat9f.jpg'],,
4506142632513780,J2zNtaxWQ,7325155724,lang520707,我在看：【特朗普儿子称疫情是政治骗局：大选后病毒就会像魔法一样消失】#跟新浪看热点#L特朗普儿子称疫情是政治骗局：大选后病毒就会像魔法一样消失,,,,跟新浪看热点,0,0,0,2020-05-19 03:53,新浪新闻客户端,,http://api.ivideo.sina.com.cn/public/video/play/url?appname=weibocard&appver=0.1&applt=web&tags=weibocard&direct=1&vid=33636532701,
4506142484695892,J2zNejHCc,7412825700,用户7412825700,死亡惨重，感染世界第一，确实民主，老百姓就让他们这么干！//@隐者牧野:你们这些假媒体，成天打总统的脸，太民主了!万岁!//【特朗普怒了：“假新闻”采访了一个“假吹哨人”】O特朗普怒了：“假新闻”采访了一个“假吹哨人”,,,隐者牧野,,0,0,0,2020-05-19 03:52,手机新浪网,,,
4506142484694401,J2zNejHe9,2173063034,chilly_zhou,老米居心险惡，目的是要甩锅给中国，叮上了庞大的中国外汇储备。美国要求安理会决议明确写入“新冠病毒源于中国”遭到拒绝网页链接据美国福克斯新闻网报道，美国特朗普政府要求联合国安理会在有关新冠病毒的决议中增加措辞，明确写入“新冠病毒起源于中国”，但遭到拒绝。05vzGqu19。,,,,,0,0,0,2020-05-19 03:52,Android客户端,,,
4506142333967176,J2zMZgE2I,1713532230,通海城中,//@扭腰1村民:怎么我没路遇到他？这个采访做的不错，蛮反映纽约人看待川普和州长对疫情处理的观点的//@喷嚏网铂程:转发微博,,,"扭腰1村民,喷嚏网铂程",,0,0,0,2020-05-19 03:51,iPhone,,,4505895251967036
4506142270636295,J2zMT2FwP,3234974042,废话选手茶茶酱,现在的Fedrealgov简直一言难尽,,,,,0,0,0,2020-05-19 03:51,随便瞎搞的iPhone X,,,4505895251967036
4505894408313216,J2tl6ySE8,7031170408,新闻早速报,【#特朗普儿子称新冠病毒11月会消失#】近日，美国总统特朗普的二儿子埃里克在接受福克斯新闻网采访时抛出了一番引起大量美国网民关注的言论。他说，今年11月3日之后，美国的新冠肺炎疫情就会神奇地消失。他认为，这场已导致上百万美国人感染、近10万美国人死亡的疫情，是政敌编造出来要打到他父亲的阴谋乃至骗局！有美国网民注意到，他似乎是躲在他家的地下室接受的远程采访L青蜂侠Bee的秒拍视频,,,,特朗普儿子称新冠病毒11月会消失,109,23,245,2020-05-18 11:26,微博 weibo.com,,"http://miaopai.video.weibocdn.com/4dz6uEM5lx07DmtdjTcA0104120083pN0E013.mp4?label=mp4_ld&template=640x360.25.0&trans_finger=40a32e8439c5409a63ccf853562a60ef&Expires=1592212433&ssig=O3e7RhmnNM&KID=unistore,video",
4506142199792032,J2zMLF5m0,6826962654,命由天事在己2472,我的心你可懂,,,,,0,0,1,2020-05-19 03:51,iPhone客户端,,,4505894408313216
4506142179321186,J2zMJD6RI,3098890390,rg_uoqicai_0f8b4f,#奥巴马再批特朗普政府#,,南京·兴隆村,,奥巴马再批特朗普政府,0,2,0,2020-05-19 03:51,iPhone客户端,,,
4506142178807339,J2zMJAXbR,1185241255,白萝卜黑红萝卜蓝,Repost,,,,,0,0,0,2020-05-19 03:51,iPhone,,,4506058817560200
4506142079007682,J2zMzBNjc,1974062090,ndjstyar,转发微博,,,,,0,0,0,2020-05-19 03:50,iPhone客户端,,,4505895251967036
4506141965020456,J2zMol436,2772291221,见闻实时新闻,特朗普：洛杉矶延长关闭时间将是“一心求死的愿望”。,,,,,1,1,8,2020-05-19 03:50,微博 weibo.com,,,
4506141944475099,J2zMmiMb1,7412825700,用户7412825700,这个世界，美国是最不讲人权的国家，严重违反人权，一个生存权都不讲的国家，何谈民主人权自由？在全世界狂轰滥炸，这是讲人权？本国瘟疫肆虐，没人管...//【特朗普怒了：“假新闻”采访了一个“假吹哨人”】O特朗普怒了：“假新闻”采访了一个“假吹哨人”,,,,,0,0,0,2020-05-19 03:50,手机新浪网,,,
4505906702616862,J2tEWaYLs,3626485974,HW前HR,无言以对，美国：华为实施半导体“去美国化”是不负责任的行为！外媒报道，美国商务部长威尔伯•罗斯对进一步绞杀华为解释说：“尽管美国商务部去年采取了｀实体清单’行动，但华为及其外国分支机构扔加大了努力，通过本土化努力破坏了基于国家安全的限制。”在他看来：“这不是个负责任的全球企业公民的举止”。原来华为没有站着被美国打死，避开一下就是不负责任的全球企业公民了。霸权主义颠倒黑白指鹿为马真服了。,,,,,2028,1030,12512,2020-05-18 12:15,HUAWEI P40 Pro 5G,['http://ww2.sinaimg.cn/large/d827c8d6gy1gewhc97pycj20dc08w74h.jpg'],,
4506141705703586,J2zLYnVLk,7409988558,艾斯豪_伊蒂亚特,//@叮小当V:华为用你芯片你不让，说华为不安全，不用你芯片说破坏市场，那美国鬼子你说咋样才对？特朗普这个王八日的,,,叮小当V,,0,0,0,2020-05-19 03:49,HUAWEI P30 Pro,,,4505906702616862
4505573301614575,J2kZc6M1x,1842606855,深圳卫视_正午30分,【特朗普宣布“曲速行动”加速新冠疫苗攻关】当地时间周五，美国总统特朗普在白宫举行的记者会上宣布了一项名为“曲速行动”的新冠疫苗攻关计划，他期待年底前研发出新冠疫苗。L深圳卫视_正午30分的秒拍视频（使用#秒拍#录制）,,,,秒拍,1,0,0,2020-05-17 14:10,秒拍网页版,,"http://miaopai.video.weibocdn.com/0nW3Q4C3lx07DmsOabsQ010412007RV50E013.mp4?label=mp4_ld&template=640x360.25.0&trans_finger=40a32e8439c5409a63ccf853562a60ef&Expires=1592212433&ssig=OOj%2BEHWU%2FO&KID=unistore,video",
4506141701314757,J2zLY5w1L,7452035843,用户7452035843,转发微博,,,,,0,0,0,2020-05-19 03:49,小米手机4,,,4505573301614575
4506129201865694,J2zrO7PlQ,6557273426,用户6557273426,百家争鸣,,,,,0,0,0,2020-05-19 02:59,华为手机 畅享玩不停,,,4506058817560200
4506124172262578,J2zjH9uBc,5786706150,帮主房中术,美国网友动漫讽刺特朗普，太现实L媒体印象的微博视频,,,,,8,0,5,2020-05-19 02:39,iPhone X,,"http://f.video.weibocdn.com/1BRDZZHIlx07DlXnM9jG01041200P3de0E010.mp4?label=mp4_ld&template=640x352.25.0&trans_finger=40a32e8439c5409a63ccf853562a60ef&Expires=1592212443&ssig=nctm3NBj0B&KID=unistore,video",
4506129193470702,J2zrNeyT4,1752698837,季子洛,真是笑吐了，每一帧都是梗,,,,,2,0,0,2020-05-19 02:59,一只咕咕咕,,,4506124172262578
4505939434134310,J2uvJhlwq,2057758840,日本白菜君,【国际】美国前总统奥巴马日前在做线上演讲时，对特朗普政权应对新冠病毒的举措进行了猛烈地批判。同时还表示，我们的社会和民主制度，只有在不仅考虑自己，而且要考虑彼此的时候才能发挥作用，对特朗普在政治上也提出了忠告。特朗普总统对于来自前总统的批评，表示了强烈的不满。#全球疫情##日本疫情#L日本白菜君的微博视频,,,,"全球疫情,日本疫情",110,31,354,2020-05-18 14:25,日本超话,,"http://f.video.weibocdn.com/LzIf7Lotlx07DmClub7q010412003Vek0E010.mp4?label=mp4_ld&template=596x360.25.0&trans_finger=40a32e8439c5409a63ccf853562a60ef&Expires=1592212443&ssig=JKZwOwzWsC&KID=unistore,video",
4506128938340047,J2zrnyZCT,7456833201,多少楼台烟雨中_Jtay,转发微博,,,,,0,0,0,2020-05-19 02:58,小米手机4,,,4505939434134310
4506128929713579,J2zrmEKWD,3995029863,几树柳弯腰,生命中的任何一件小事只要你细心品味过……不要把幸福的标准定得太高：幸福都只是一种感觉而已。每个季节都有它的故事、可以说都与幸福有关：因为无论怎样#EDG战胜RNG##特朗普称注射消毒液的说法只是讽刺#,,苏州·新港天城,,"EDG战胜RNG,特朗普称注射消毒液的说法只是讽刺",0,0,0,2020-05-19 02:58,iPhone客户端,,,
4506024722545876,J2wJiaGiw,1593711535,梁溪说事,白宫发布会遭卡车司机鸣笛抗议，特朗普称是“爱的信号”，阿Q精神！L梁溪说事的微博视频,,,,,4,15,15,2020-05-18 20:04,微博会员生日快乐,,"http://f.video.weibocdn.com/000Z7u7Agx07DmZCBPNR010412007XaS0E010.mp4?label=mp4_ld&template=640x360.25.0&trans_finger=40a32e8439c5409a63ccf853562a60ef&Expires=1592212443&ssig=Brnzl1AJsq&KID=unistore,video",
4506128795613471,J2zr9nyjR,7451343078,悲哀主角丶川,转发微博,,,,,0,0,0,2020-05-19 02:58,小米手机4,,,4506024722545876
4506128661089319,J2zqW4znF,5084136996,华盛7x24,特朗普称将“作出某些重大声明”。,,,,,0,0,0,2020-05-19 02:57,华盛通,,,
4506128539631464,J2zqJEpAc,6019651288,陆鲜花陆发鲜花,我在马路边……充个会员、我高兴的说了声。丰田全新一代雅力士前脸颇似凯美瑞……叔叔拿着钱；对我把头点；捡到10块钱！把他交到警察叔叔手里边。#特朗普称注射消毒液的说法只是讽刺#,,,,特朗普称注射消毒液的说法只是讽刺,0,0,1,2020-05-19 02:57,iPhone客户端,,,
4506013506376035,J2wrcqKHh,1875293522,卢克文,美方有解释吗？L上帝之鹰_5zn的微博视频,,,,,41,58,605,2020-05-18 19:20,iPhone XS Max,,"http://f.video.weibocdn.com/0008QOMtgx07DlMI2IX6010412001xSm0E010.mp4?label=mp4_ld&template=360x640.24.0&trans_finger=81b11b8c5ffb62d33ceb3244bdd17e7b&Expires=1592212443&ssig=GOuszmJVoc&KID=unistore,video",
4506128534748624,J2zqJjVkI,1845799117,I大vy,//@Awesome_Ma:特朗普：fakenews。,,,Awesome_Ma,,0,0,0,2020-05-19 02:57,iPhone客户端,,,4506013506376035
4506128489039463,J2zqEBVzN,2140882540,星辰大海是我征途,//@但斌:转发微博,,,但斌,,0,0,0,2020-05-19 02:56,360安全浏览器,,,4501184202054493
4506128246219718,J2zqgq622,2151536861,你情我义XY,就是让自己爱的人找到他的爱；❀这世上最好的爱……不管现实有多惨不忍睹你都要固执的相信这只是黎明前短暂的黑暗而已#特朗普称注射消毒液的说法只是讽刺##钟汉良#,,铜陵·中央华庭,,"特朗普称注射消毒液的说法只是讽刺,钟汉良",0,0,0,2020-05-19 02:55,iPhone客户端,,,
4506128160979339,J2zq846LN,5084136996,华盛7x24,特朗普：治疗方法现在比疫苗更重要。,,,,,0,0,0,2020-05-19 02:55,华盛通,,,
4506128065158557,J2zpYlDYx,5506906732,嗨牛财经,实时播报：特朗普称，今天是治疗方面（治疗方案、疫苗）非常重大的一天。,,,,,1,0,0,2020-05-19 02:55,专业版微博,,,
4506127905658602,J2zpInK3M,5084136996,华盛7x24,特朗普称，今天是治疗方面（治疗方案、疫苗）非常重大的一天。,,,,,0,0,0,2020-05-19 02:54,华盛通,,,
4506127666669172,J2zpkrYXi,7442077810,鄱阳湖边钓鱼,美国大改新冠肺炎死亡统计标准数字骤降#美国疫情#据美国《国会山报》等媒体5月16日报道，美国科罗拉多州公共卫生与环境部（CDPHE）对计算新冠肺炎死亡人数的标准进行了重大更改，使得该州的新冠肺炎累计死亡人数下降了约25%。报道称，美国科罗拉多州公共卫生与环境部调整标准，使该州的新冠肺炎累计死亡人数从1150多人降到了878人。卫生部门声称，只有这878人“直接死于新冠肺炎”。该部门首席医疗官EricFrance表示，该州之前报告的死亡病例有可能包括了“不直接死于”新冠肺炎的病例。科罗拉多州州长贾里德·波利斯办公室15日曾发布一份声明称，全力支持卫生部门对新冠死亡人数进行“更精准的统计”，不过他也表示，死亡人数日后还将会上升。截至当地时间周六（5月16日）下午，该州的新冠肺炎累计确诊病例达21232例，3800例仍在住院治疗。该州的举措与此前白宫疫情应对小组成员的建议相似。美国媒体5月13日消息称，美国疾控中心的消息人士透露，美国总统特朗普以及白宫疫情应对小组成员正在施压，要求疾控中心修改新冠肺炎死亡病例的统计方式。白宫疫情应对小组成员伯克斯表示，未经实验室检测确诊感染、推测阳性以及确诊感染但直接死因不是新冠肺炎的死亡病例应当从统计中被移除。,,,,美国疫情,0,0,0,2020-05-19 02:53,微博 weibo.com,,,
4506127523957480,J2zp6gBwk,6605420683,非洲生活纪实,佩洛西喊话特朗普说实话：审查中国没错，但你持续甩锅就是逃避责任O网页链接,,,,,0,0,0,2020-05-19 02:53,微博网页,,,
4506127432115667,J2zoX8SnF,3832175402,彩云之南滇西蓝,#云州##生态#【一名“潜伏”在武汉病毒研究所多年的美国科学家被特朗普政府炸出来了】O网页链接,,昆明·黄土坡,,"云州,生态",0,1,1,2020-05-19 02:52,HUAWEI nova 2s,,,
4506127389905783,J2zoSFyWH,3832175402,彩云之南滇西蓝,#云州##生态#【一名“潜伏”在武汉病毒研究所多年的美国科学家被特朗普政府炸出来了】O网页链接,,昆明·黄土坡,,"云州,生态",0,1,1,2020-05-19 02:52,HUAWEI nova 2s,,,
4494765947166437,IDLiiu4jH,2352897861,UU通报,如今还有人记得奥巴马？快来看看他当年怎么说现任美国总统特朗普LUU通报的微博视频,,,,,65,28,455,2020-04-17 18:26,搜狗高速浏览器,,"http://f.video.weibocdn.com/003N0nQogx07CzrfR6eX010412008lSB0E010.mp4?label=mp4_ld&template=640x360.25.0&trans_finger=647b8232579b0b23561398fc756ef4ae&Expires=1592212443&ssig=y5k80CMhC%2B&KID=unistore,video",
4506127381748087,J2zoS7kKX,5783403753,Solitude-单独,转发微博,,,,,0,0,0,2020-05-19 02:52,更好用的全面屏魅蓝S6,,,4494765947166437
