﻿id,bid,user_id,用户昵称,微博正文,头条文章url,发布位置,艾特用户,话题,转发数,评论数,点赞数,发布时间,发布工具,微博图片url,微博视频url,retweet_id
4501933634690196,J0OiLjG8k,1267454277,凤凰周刊,【#特朗普政府起草月球采矿协议#，提议未来在月球基地建立安全区】据路透社报道，知情人士称特朗普政府正在起草一份由美国发起名为《阿尔忒弥斯协议》的月球开采国际协议。该协议以NASA的新阿尔忒弥斯登月计划命名，提出在未来月球基地周围建立“安全区”，以防他人破坏或干扰。@老板联播L老板联播的微博视频,,,老板联播,特朗普政府起草月球采矿协议,27,77,426,2020-05-07 13:08,微博 weibo.com,,"http://f.video.weibocdn.com/wueRGFQwlx07D3H7zC5O01041200aD7S0E010.mp4?label=mp4_ld&template=360x640.25.0&trans_finger=bdef57f06ae52835a2c783ca389e8517&Expires=1592210499&ssig=%2BBeZsqQbD8&KID=unistore,video",
4501961779434618,J0P29DAng,2278781215,活跃的新生的地盘,转发微博,,,,,0,0,0,2020-05-07 14:59,Redmi K20 Pro 真旗舰,,,4501933634690196
4501863514774501,J0MtFk245,5757186521,绥阳人民检察,【特朗普扬言“击沉伊朗快艇”后美陆战队进波斯湾演练夺岛】在美国总统特朗普扬言“击沉伊朗快艇”后，美国海军陆战队进入波斯湾演练“夺岛”，“海鹞”战机以及“毒蛇”直升机提供空中支援。美军此时在波斯湾里搞军演，是否会使局势进一步紧张呢？（小央视频）L小央视频的秒拍视频,,,,,23,42,45,2020-05-07 08:29,vivo X20全面屏手机,,"http://miaopai.video.weibocdn.com/qoiFI3stlx07D3EZRsPu01041200lnbO0E013.mp4?label=mp4_ld&template=640x360.25.0&trans_finger=40a32e8439c5409a63ccf853562a60ef&Expires=1592210499&ssig=sJ6nOtvl8R&KID=unistore,video",
4501961762943328,J0P28clH2,5933271898,穆宛佳,转发微博,,,,,0,0,0,2020-05-07 14:59,iPhone客户端,,,4501863514774501
4501910869447950,J0NI2DDQi,5336533996,世面,【美国一#护士称防护用品短缺遭特朗普反驳#护士改口】5月6日，特朗普于国家护士日在白宫会见医护人员。美国执业护士协会主席表示，自己认为个人防护装备的供应断断续续，在部分地区的供应并不理想。特朗普对于其说法并不认同，称个人防护用品十分充足。该护士改口，表示赞同特朗普意见。#聚焦新冠肺炎疫情#@新京报我们视频L世面的秒拍视频,,,新京报我们视频,"护士称防护用品短缺遭特朗普反驳,聚焦新冠肺炎疫情",9,11,51,2020-05-07 11:37,微博 weibo.com,,"http://miaopai.video.weibocdn.com/I8FDLagSlx07D4T2ykJa01041200ewDW0E013.mp4?label=mp4_ld&template=640x360.25.0&trans_finger=40a32e8439c5409a63ccf853562a60ef&Expires=1592210499&ssig=34rLR04Fu%2B&KID=unistore,video",
4501961758392781,J0P27zdlr,7452283251,我懂失去的悲伤丶岙,转发微博,,,,,0,0,0,2020-05-07 14:59,小米手机4,,,4501910869447950
4501961749783971,J0P26F3fZ,6879872033,种草盘他菌,“紫气东来”原来是说老子出函谷关时有紫气从东而来。老子当时是乘坐什么动物过函谷关的：牛#美众议院将推进调查特朗普政府疫情应对#,,,,美众议院将推进调查特朗普政府疫情应对,0,4,1,2020-05-07 14:59,微博 weibo.com,['http://ww1.sinaimg.cn/large/007vBeZXgy1gejw9yfgsbj30b407jab4.jpg'],,
4501961720533900,J0P242eTi,1880647562,长征后卫薛伯陵,【#特朗普改变解散白宫疫情应对小组决定#】特朗普周二称白宫正计划解散疫情应对小组。但特朗普之后在推特上称疫情应对小组将“无限期继续工作下去”，把工作重点放到安全和经济问题。6日在白宫，特朗普表示自己直到昨天才知道疫情应对小组有多受欢迎，“我开始谈论解散疫情小组的时候，一些非常受人尊敬的人给我打电话，说疫情小组做了非常好的工作，应该继续保留，是非常受人尊敬的小组”。L微天下的微博视频,,,,特朗普改变解散白宫疫情应对小组决定,0,4,14,2020-05-07 14:59,微博云剪,,"http://f.video.weibocdn.com/DPIR63rHlx07D4GnU0da01041200kdUP0E010.mp4?label=mp4_ld&template=640x360.25.0&trans_finger=40a32e8439c5409a63ccf853562a60ef&Expires=1592210499&ssig=Fu5fKJe2E%2F&KID=unistore,video",
4501721035049347,J0ILRlbz5,1763351504,欧洲时报,【特朗普无口罩视察口罩工厂】据法新社5月6日报道，当地时间5月5日，美国总统特朗普到亚利桑那州一家生产口罩的工厂视察，只佩戴了防护眼镜，无防护口罩。白宫在推特上发布了特朗普此行的视频，特朗普呼吁翻开一页，开启美国经济，“用美国人的心，美国人的双手，美国人的自豪感和美国人的灵魂，我们将战胜病毒，共创一个伟大与荣耀的未来!”目前，美国感染新冠病毒死亡人数突破7万，6月初可能超过10万人。对抗疫情，特朗普对佩戴口罩的态度一直吸引媒体关注。4月初，特朗普宣布，尽管卫生当局建议，他不会佩戴口罩。当天前往该口罩工厂参观前，特朗普向记者明确表示“如果环境需要，我会佩戴口罩，没问题。”细心的网友注意到厂房出处张贴告示，要求员工佩戴口罩。#全球疫情##美国疫情##海外抗疫日记#L欧洲时报的微博视频,,,,"全球疫情,美国疫情,海外抗疫日记",97,53,238,2020-05-06 23:03,微博视频,,"http://f.video.weibocdn.com/JqOCVonklx07D43cp5LW01041200a1m00E010.mp4?label=mp4_ld&template=640x360.25.0&trans_finger=40a32e8439c5409a63ccf853562a60ef&Expires=1592210499&ssig=3co7GS8Rv%2F&KID=unistore,video",
4501961716946090,J0P23t8ZI,7451930130,zhijiaodong_,转发微博,,,,,0,0,0,2020-05-07 14:59,Android客户端,,,4501721035049347
4499809614824831,IFSvfkf9R,3553342022,王义桅,【PBS纪录片《美国大分裂：从奥巴马到特朗普》】2020开年史诗大片，通过追溯分析2008-2020这12年间，从奥巴马到特朗普时期的美国两党政斗，揭示出走到如今这一步的必然性。全片分上下两集，上集讲述奥巴马的8年任期及特朗普的崛起，下集讲述特朗普如何利用并加深国家的分歧。（译制:水山水山水山）上集：L水山水山水山的微博视频下集：L水山水山水山的微博视频,,北京,,,2461,118,1014,2020-05-01 16:27,HUAWEI Mate 10 Pro,,"http://f.video.weibocdn.com/000W6rzElx07AFhdAm8U0104120fJa7C0E060.mp4?label=mp4_ld&template=640x360.25.0&trans_finger=bdef57f06ae52835a2c783ca389e8517&Expires=1592210499&ssig=zOzWPLfI6N&KID=unistore,video",
4501961711927327,J0P2385nV,6483347717,无智名2018,转发微博,,,,,0,0,0,2020-05-07 14:59,荣耀7X 全面屏手机,,,4499809614824831
4501961695921790,J0P21oQwK,1769716347,微鲁甸,美国确诊超122万！特朗普：即使有更多死亡，美国也必须“重启”O美国确诊超122万！特朗普：即使有更多死亡，美国也必须“重启”,,,,,0,0,0,2020-05-07 14:59,HUAWEI Mate 10 Pro,,,
4501701384864932,J0IgakpAE,3924721943,甘肃检察,【#纽约市长怒斥特朗普是伪君子#】当地时间5日，纽约市长白思豪斥责特朗普在抗疫中将“党派偏见置于国家需求之上”。白思豪称，作为一个前纽约人，特朗普“似乎喜欢在背后捅他的家乡一刀”。白思豪批评，特朗普愿意提供近580亿美元拯救航空业，却不愿向各州提供如医疗保健等必要的公共服务。L海客新闻的秒拍视频,,,,纽约市长怒斥特朗普是伪君子,3,1,3,2020-05-06 21:45,Android,,"http://miaopai.video.weibocdn.com/AdYJXvUPlx07D3rKkxkY010412008FKZ0E013.mp4?label=mp4_ld&template=640x360.25.0&trans_finger=40a32e8439c5409a63ccf853562a60ef&Expires=1592210499&ssig=gIoipCwYtn&KID=unistore,video",
4501961691367987,J0P215JSj,5861321698,嘉峪关检察,转发微博,,,,,0,0,0,2020-05-07 14:59,360安全浏览器,,,4501701384864932
4501954443213188,J0OQkdtTC,1638782947,新浪财经,【#特朗普为参观工厂不戴口罩辩解#：他们老板说我不用戴】美国总统特朗普周三为其参观霍尼韦尔一家生产口罩的工厂时没有戴口罩做辩解，称自己事先征求了该公司CEO的意见，后者同意特朗普无需戴口罩，尽管该厂要求工人佩戴口罩。@海马视频O特朗普为参观工厂不戴口罩辩解：他们老板说我不用戴L海马视频的微博视频,,,海马视频,特朗普为参观工厂不戴口罩辩解,17,45,66,2020-05-07 14:30,微博 weibo.com,,"http://f.video.weibocdn.com/EESrqTSflx07D53HUgWc010412009I100E010.mp4?label=mp4_ld&template=640x360.25.0&trans_finger=647b8232579b0b23561398fc756ef4ae&Expires=1592210499&ssig=2n59ow7o56&KID=unistore,video",
4501961644422230,J0P1Wiyqi,1726948262,图个捏夫,戴了防护眼镜，口罩反而没戴，迷之操作,,,,,0,0,0,2020-05-07 14:59,微博 weibo.com,,,4501954443213188
4501664504340944,J0HiGidhe,2803301701,人民日报,【#纽约市长怒斥特朗普是伪君子#】当地时间5日，纽约市长白思豪斥责特朗普在抗疫中将“党派偏见置于国家需求之上”。白思豪称，作为一个前纽约人，特朗普“似乎喜欢在背后捅他的家乡一刀”。白思豪批评，特朗普愿意提供近580亿美元拯救航空业，却不愿向各州提供如医疗保健等必要的公共服务。L海客新闻的秒拍视频,,,,纽约市长怒斥特朗普是伪君子,456,733,4231,2020-05-06 19:18,微博 weibo.com,,"http://miaopai.video.weibocdn.com/AdYJXvUPlx07D3rKkxkY010412008FKZ0E013.mp4?label=mp4_ld&template=640x360.25.0&trans_finger=40a32e8439c5409a63ccf853562a60ef&Expires=1592210499&ssig=gIoipCwYtn&KID=unistore,video",
4501961637324764,J0P1VuJvm,5174504991,文明开封-路通绿化,转发微博,,,,,0,0,0,2020-05-07 14:59,搜狗高速浏览器,,,4501664504340944
4501954414369385,J0OQhikFX,1681029540,新民周刊,【#特朗普称新冠比珍珠港911恐袭更严重#】当地时间5月6日，美国总统特朗普表示，新冠肺炎疫情比珍珠港事件和911恐袭都更严重。截至当晚19时，美国累计确诊超122.7万例，累计死亡达73095例。（视频来源CNN）O特朗普：新冠疫情比珍珠港911恐袭更严重L澎湃新闻的微博视频,,,,特朗普称新冠比珍珠港911恐袭更严重,3,8,6,2020-05-07 14:30,皮皮时光机,,"http://f.video.weibocdn.com/jx39k4qRlx07D4IZiZYI010412007zAh0E010.mp4?label=mp4_ld&template=640x360.25.0&trans_finger=bdef57f06ae52835a2c783ca389e8517&Expires=1592210499&ssig=9PU67%2FTPVp&KID=unistore,video",
4501961636976870,J0P1Vth0a,2163417693,四十forty肆拾,这一届美国政府，一个表演型政治素人总统，一群处心积虑搞事敲诈的大话精班底，以及为扭转美国衰落而尝试推动美国转型的资本金主，沉迷于美国伟大又身处困境的挺川反智基本盘，与之相对的国内反对派，被二者左右的无助群众。真能要命的疫情面前，官民都应对无方，吹出来的伟大救不了命，甩锅维持心态。,,,,,0,0,0,2020-05-07 14:59,iPhone客户端,,,4501954414369385
4501895944898225,J0NjYkyfD,1887344341,观察者网,【特朗普白宫会见医护人员#护士当场改口同意特朗普#】6日，特朗普在白宫会见多名医护人员，期间有记者问他们对个人防护装备供应是否满意。一名护士回答：供应时有时无。我同全国各地的同事交流过，可以肯定的是在部分地区供应并不理想……我的N95口罩已经重复使用了几个星期。特朗普：对你来说时有时无，对其他人可不是护士当场改口：我同意，总统特朗普：我听说的正好相反，我们几乎所有地区都有充足的供应另一名护士则称自己并没有经历物资短缺的问题，特朗普向她表示感谢，并指责物资短缺的报道是“假新闻”。L微丢的微博视频,,,,护士当场改口同意特朗普,1507,1180,9372,2020-05-07 10:38,微博 weibo.com,,"http://f.video.weibocdn.com/VrQhksHglx07D4OBFsrS01041200otzb0E010.mp4?label=mp4_ld&template=640x360.25.0&trans_finger=40a32e8439c5409a63ccf853562a60ef&Expires=1592210499&ssig=%2BdIzM8u9Nr&KID=unistore,video",
4501961631797962,J0P1V7xJo,1794059107,王乐遥沉迷游戏OTZ,哈哈哈//@崔紫剑:对的。//@萤杉:如果在我们这里。。。他坐着医务人员站着他都有罪。。。。,,,"崔紫剑,萤杉",,0,0,0,2020-05-07 14:59,iPhone客户端,,,4501895944898225
4501961619656650,J0P1TEw8q,6919055765,拇指姑娘梅朵儿,大发疫情财！美媒爆料特朗普女婿以权谋私搞腐败O大发疫情财！美媒爆料特朗普女婿以权谋私搞腐败,,,,,0,0,0,2020-05-07 14:59,分享按钮,,,
4501961607045956,J0P1StyYs,7442904494,伸嘟嘟鱼c,转发微博,,,,,0,0,0,2020-05-07 14:59,Android客户端,,,4501721035049347
4501961603274964,J0P1SdJY0,1392652820,上学的路上,//@崔紫剑:对的。//@萤杉:如果在我们这里。。。他坐着医务人员站着他都有罪。。。。,,,"崔紫剑,萤杉",,0,0,0,2020-05-07 14:59,HUAWEI P30 Pro,,,4501895944898225
4501961573835252,J0P1Pg5IU,2508447350,鲁迅的秋天,#特朗普改变解散白宫疫情应对小组决定#美国累计新冠肺炎确诊病例1228603例7.3万人死亡。美国约翰斯·霍普金斯大学实时统计数据显示，截至北京时间今天（7日）13点32分，美国累计新冠肺炎确诊病例达到1228603例。累计死亡病例达到73431例。,,,,特朗普改变解散白宫疫情应对小组决定,1,8,4,2020-05-07 14:59,,['http://ww2.sinaimg.cn/large/9583de76ly1gejw98wtlmj21f02joe4f.jpg'],,
4501961553137300,J0P1Nda9C,1777740545,Miobulles,健康的社会不能只有一种声音//@崔紫剑:对的。//@萤杉:如果在我们这里。。。他坐着医务人员站着他都有罪。。。。,,,"崔紫剑,萤杉",,0,0,0,2020-05-07 14:58,小米9 王源限量版,,,4501895944898225
4501940426036794,J0OtIpkrE,5182171545,界面新闻,【#特朗普回应护士质疑防护用品不足#：前任造成的】5月6日，特朗普在白宫会见护士代表。有护士表示防护用品的存量零星，有时一只N95口罩要佩戴数周。特朗普当场反驳称前任政府没有留下防护品库存，现在已有充足供应L澎湃新闻的微博视频,,,,特朗普回应护士质疑防护用品不足,16,15,46,2020-05-07 13:35,微博 weibo.com,,"http://f.video.weibocdn.com/iURD3ptFlx07D4Zl1sqA010412007ZGh0E010.mp4?label=mp4_ld&template=640x360.25.0&trans_finger=40a32e8439c5409a63ccf853562a60ef&Expires=1592210508&ssig=2yorSlywX9&KID=unistore,video",
4501946700575618,J0ODQ2pKa,5860176919,阿睿_OnmywayforUTogether,观海怕不是世界最惨前任,,,,,0,0,0,2020-05-07 13:59,前置双摄vivo X9Plus,,,4501940426036794
4501946691669811,J0ODP70or,7360594450,海客新闻,【特朗普附体？#白宫发言人一口气怼遍台下4家美媒#一说完扭头就走】5月6日，白宫新任发言人麦肯尼，在记者会结尾的表现可谓是“大放异彩”，记者质问她：在加入白宫前，你在福克斯电视台上，称特朗普不会让“新冠病毒”感染全美国，你现在会不会收回当时的话。麦肯尼不甘示弱，直接一口气怼遍台下4家美媒：你们说流感比病毒严重，你们会收回当时的话吗？一说完扭头就走。L海客新闻的秒拍视频,,,,白宫发言人一口气怼遍台下4家美媒,56,95,738,2020-05-07 13:59,微博 weibo.com,,"http://miaopai.video.weibocdn.com/HcZFVczjlx07D52O6bfG01041200bp800E013.mp4?label=mp4_ld&template=640x360.25.0&trans_finger=40a32e8439c5409a63ccf853562a60ef&Expires=1592210508&ssig=a8ePe47cP%2F&KID=unistore,video",
4501946662613438,J0ODMaXSe,1453372141,赵盛烨,特朗普度假去了？那是度假吗？那是学伊丽莎白女王，是跑了啊，亲…,,,,,25,103,863,2020-05-07 13:59,,,,
4501859501222257,J0Mnc57XP,6241116541,侃见财经,动画特朗普：描绘特没谱的狂妄自大，惟妙惟肖!#特朗普改变解散白宫疫情应对小组决定##美国新冠感染病例超过122万#L暧心人士的微博视频,,,,"特朗普改变解散白宫疫情应对小组决定,美国新冠感染病例超过122万",37,11,110,2020-05-07 08:13,微博云剪,,"http://f.video.weibocdn.com/jPfzpgrvlx07D4E2tPyg01041200j9pn0E010.mp4?label=mp4_ld&template=640x360.25.0&trans_finger=40a32e8439c5409a63ccf853562a60ef&Expires=1592210508&ssig=JF%2B48pckY3&KID=unistore,video",
4501946617379215,J0ODHuXFB,7447894513,独听寒山夜半钟-Goqb,转发微博,,,,,0,0,0,2020-05-07 13:59,小米手机4,,,4501859501222257
4501939176686132,J0OrHs3mQ,1499104401,新浪军事,【特朗普白宫会见医护人员护士当场改口同意特朗普】6日，特朗普在白宫会见多名医护人员，期间有记者问他们对个人防护装备供应是否满意。一名护士回答：供应时有时无。我同全国各地的同事交流过，可以肯定的是在部分地区供应并不理想……我的N95口罩已经重复使用了几个星期。特朗普：对你来说时有时无，对其他人可不是护士当场改口：我同意，总统特朗普：我听说的正好相反，我们几乎所有地区都有充足的供应另一名护士则称自己并没有经历物资短缺的问题，特朗普向她表示感谢，并指责物资短缺的报道是“假新闻”。@微丢L微丢的微博视频,,,微丢,,31,57,99,2020-05-07 13:30,微博 weibo.com,,"http://f.video.weibocdn.com/VrQhksHglx07D4OBFsrS01041200otzb0E010.mp4?label=mp4_ld&template=640x360.25.0&trans_finger=40a32e8439c5409a63ccf853562a60ef&Expires=1592210508&ssig=g31n4hYmgh&KID=unistore,video",
4501946612858151,J0ODHbZxd,1313854412,三秦大地2014,转发微博,,,,,0,0,1,2020-05-07 13:59,360安全浏览器,,,4501939176686132
4501946612856329,J0ODHbZ3P,6664735577,我是海亿,发布了头条文章：《为何有些美国人特别“反智”！大部分还是特朗普支持者》O为何有些美国人特别“反智”！大部分还是特朗普支持者,http://t.cn/A6ANphC7,,,,0,0,1,2020-05-07 13:59,微博 weibo.com,,,
4501946603585127,J0ODGf2ED,6682614731,费忠明02,[热门]记者问：想对死去的7万人说什么？特朗普这么答。查看👉👉👉O网页链接【文/观察者网鞠峰】此前被全美各大头部媒体痛批“缺乏同理心”的特朗普在接受采访时，被问及“想对因新冠死去的7万多人说什么”，他一边说着“我想说我爱你们，没有人比我更难过”，一边又开始鼓吹复工，O网页链接,,,,,0,0,0,2020-05-07 13:59,趣头条,['http://ww2.sinaimg.cn/large/007ifzmzgy1gejuj7uobhj306y03xt8n.jpg'],,
4501913977273979,J0NN3uwif,3812400789,无为李爷,恭喜美国真正站起来,,,,,127,169,1952,2020-05-07 11:49,HUAWEI Mate 30 5G,['http://ww3.sinaimg.cn/large/e33c9e95gy1gejqek4m7rj20hs0s7gnw.jpg'],,
4501946587945788,J0ODExl3S,6505862330,Asian201803,这就是特朗普说没必要隔离，大家会自愈的原因？//@无为李爷:自由的绽放，怎么能叫枉死？会不会说话？拉出去，杖50。//@罗伯特最黑的黑53719:那些枉死的人能被舔活吗？,,,"无为李爷,罗伯特最黑的黑53719",,0,0,0,2020-05-07 13:59,微博 weibo.com,,,4501913977273979
4501669444546632,J0HqEj4MM,1801817195,辽沈晚报,【#纽约市长怒斥特朗普是伪君子#】当地时间5日，纽约市长白思豪斥责特朗普在抗疫中将“党派偏见置于国家需求之上”。白思豪称，作为一个前纽约人，特朗普“似乎喜欢在背后捅他的家乡一刀”。白思豪批评，特朗普愿意提供近580亿美元拯救航空业，却不愿向各州提供如医疗保健等必要的公共服务。L海客新闻的秒拍视频@人民日报,,,人民日报,纽约市长怒斥特朗普是伪君子,5,5,6,2020-05-06 19:38,iPhone 8 Plus,,"http://miaopai.video.weibocdn.com/AdYJXvUPlx07D3rKkxkY010412008FKZ0E013.mp4?label=mp4_ld&template=640x360.25.0&trans_finger=40a32e8439c5409a63ccf853562a60ef&Expires=1592210508&ssig=EkgCRTrj6D&KID=unistore,video",
4501946549331845,J0ODAD9DD,2765173433,民政为民,转发微博,,,,,0,0,0,2020-05-07 13:59,小米9,,,4501669444546632
4501716542415280,J0IECa8k8,2799368122,总裁视野,【1929年那个做空全美国的男人】戳视频了解美国历史上最有名的大空头之一——利弗莫尔，如何通过做空整个国家，成为千夫所指，并最后自己了结自己生命的传奇一生。L见闻研究所的微博视频,,,,,92,4,23,2020-05-06 22:45,财经 · 视频社区,,"http://f.video.weibocdn.com/003hbuYAgx07C4DA9yCj01041202sD7T0E010.mp4?label=mp4_ld&template=640x360.25.0&trans_finger=bdef57f06ae52835a2c783ca389e8517&Expires=1592210508&ssig=RH3qnWj4v%2F&KID=unistore,video",
4501946528816315,J0ODyAZwD,5104847517,lisaflying_32274,//@总裁精粹:【1929年那个做空全美国的男人】戳视频了解美国历史上最有名的大空头之一——利弗莫尔，如何通过做空整个国家，成为千夫所指，并最后自己了结自己生命的传奇一生。#特朗普改变解散白宫疫情应对小组决定#,,,总裁精粹,特朗普改变解散白宫疫情应对小组决定,0,0,0,2020-05-07 13:59,HUAWEI Mate 10,,,4501716542415280
4501933699014924,J0OiRBPc0,2375086267,参考消息,【#美专家投诉当局蓄意淡化疫情#：很早拉响警报反遭打击报复】路透社：美国研发抗击新冠肺炎药物机构的前负责人里克·布莱特当地时间5日提出了举报投诉，指责特朗普政府在他提出担忧时实施报复。布莱特在向政府监督机构提交的投诉中表示，他1月曾就新冠病毒发出警告，但遭到了美国卫生与公众服务部部长亚历克斯·阿扎和该机构其他高级官员的反对。布莱特的律师认为，撤销布莱特作为生物医学高级研究和发展局局长的职务违反了保护政府举报人的联邦法律。O网页链接,,,,美专家投诉当局蓄意淡化疫情,31,12,95,2020-05-07 13:08,微博 weibo.com,['http://ww4.sinaimg.cn/large/8d90f0bbly1gejt1y9w6jj20io0cgn01.jpg'],,
4501946466205886,J0ODsq2qW,1666944534,光头的阿加西,大号流感啦。//@止戈从文:特朗普说新冠肺炎比感冒还轻微,,,止戈从文,,1,0,1,2020-05-07 13:59,荣耀8X Max,,,4501933699014924
4501946419015216,J0ODnBPgI,1440067987,笑鸣1983,特朗普：新冠疫情比珍珠港911恐袭更严重O特朗普：新冠疫情比珍珠港911恐袭更严重（分享自@狐说小剧场）,,,狐说小剧场,,0,0,0,2020-05-07 13:58,手机搜狐,['http://ww4.sinaimg.cn/large/55d5b193ly1gejuil4eeuj2036036web.jpg'],,
4501946411169494,J0ODn4UeO,3181128832,天马行空zwj,特朗普又变卦了！O网页链接,,,,,0,0,0,2020-05-07 13:58,4G管家APP,,,
4501902702220963,J0NuS9jLZ,5939109236,军武菌,#护士当场改口同意特朗普#“医生，你对疫情期间的医疗物资供应问题有什么意见吗？‌‌”“我是有意见。但我不同意我的意见！‌‌”L微丢的微博视频,,,,护士当场改口同意特朗普,240,80,610,2020-05-07 11:05,微博 weibo.com,,"http://f.video.weibocdn.com/VrQhksHglx07D4OBFsrS01041200otzb0E010.mp4?label=mp4_ld&template=640x360.25.0&trans_finger=40a32e8439c5409a63ccf853562a60ef&Expires=1592210508&ssig=g31n4hYmgh&KID=unistore,video",
4501946395041824,J0ODll9BK,3233916602,阿苓丶,转发微博,,,,,0,0,0,2020-05-07 13:58,Redmi K20 Pro 尊享版,,,4501902702220963
4501946389812029,J0ODkFayx,2674536533,不游泳会抓狂星人,#凤凰新闻#【特朗普政府栽赃武汉实验室的宣传运动遭遇了挫折】美国国务卿蓬佩奥星期三改口说，美国并不确定新冠病毒的暴发源自武汉实验室。他同时表示，美国掌握了“有重要意义的证据...O【特朗普政府栽赃武汉实验室的宣传运动遭遇了挫折】美国国务卿蓬佩奥星期三改口说，美国并不确定新冠病毒的暴发源自武汉实验室。他同时表示，美国掌握了“有重要意义的证据”证明病毒是出自武汉的实验室。他进一步诡辩说，这两个陈述都是正确的。两天前，蓬佩奥宣称美国掌握了“大量证据”证明新冠病毒出自武汉的实验室，他的最新表态显然从原来的立场上后退了，同时他想给这一后退自圆其说来自@凤凰新闻客户端,,,凤凰新闻客户端,凤凰新闻,0,0,0,2020-05-07 13:58,凤凰新闻,,,
4501936659774510,J0OnDF0No,3186388005,暧心人士,#无接触式打架#动漫:特朗普的狗狗和英国女王的狗狗联姻，这段太逗了!L暧心人士的微博视频,,,,无接触式打架,15,8,39,2020-05-07 13:20,热门微博Android,,"http://f.video.weibocdn.com/xRFeQmvIlx07D502BvUQ01041200pwMt0E010.mp4?label=mp4_ld&template=640x360.25.0&trans_finger=40a32e8439c5409a63ccf853562a60ef&Expires=1592210508&ssig=WIX6Ns0mo%2B&KID=unistore,video",
4501946377531112,J0ODjvBby,2619785003,动物世界11S,,,,,,0,0,0,2020-05-07 13:58,微博极速版,,,4501936659774510
4501946372738914,J0ODjbuw2,2531122937,牟建平谈艺术看市场,《听到“7万美国人失去生命”时特朗普终真情流露：我夜不能寐！》听到“7万美国人失去生命”时特朗普终真情流露：我夜不能寐！O网页链接,,,,,0,0,0,2020-05-07 13:58,百度App,['http://ww2.sinaimg.cn/large/96dddef9ly1gejuie6zfkj20q50eo0u1.jpg'],,
4501946352220745,J0ODh9jIt,6821546628,一吾庐之蓝,寡得伤心呢，管人家呢？！你为啥不是特朗普啊？！O李诞为什么眼睛这么小?,,,,,0,0,0,2020-05-07 13:58,iPhone客户端,,,
4501931609845900,J0OfuFjmQ,1740790191,空想主义懒人,//@都放着:直播见证民主，真是幸福,,,都放着,,0,0,0,2020-05-07 12:59,iPhone客户端,,,4501902702220963
4501910243449124,J0NH2eth2,1649173367,每日经济新闻,#特朗普说疫情是美国遭受的最沉重打击#【死亡超7万！特朗普称新冠疫情比珍珠港和911事件更严重】美国总统特朗普5月6日在白宫椭圆形办公室表示，新冠病毒比珍珠港和911事件更糟糕：“这是美国遭受的最严重的袭击，比珍珠港、比911事件更严重。美国从未遭受过这样的事情，而且它也本不应发生，本来能从源头就阻止的。”但他也强调，美国不会采取大范围的封锁措施，因为人们不会接受，这一措施是不可持续的。美国约翰斯·霍普金斯大学发布的疫情数据显示，截至北京时间5月7日6时30分，美国累计确诊1223419例，累计死亡病例72812例。与前一日6时30分数据相比，新增确诊病例22082例，新增死亡病例1965例。（看看新闻全球眼；CK）L全球眼News的秒拍视频,,,,特朗普说疫情是美国遭受的最沉重打击,28,51,61,2020-05-07 11:35,专业版微博,,"http://miaopai.video.weibocdn.com/wmT6RLQUlx07D4QTSkta010412007o3w0E013.mp4?label=mp4_ld&template=640x360.25.0&trans_finger=40a32e8439c5409a63ccf853562a60ef&Expires=1592210520&ssig=k46hcOzA2e&KID=unistore,video",
4501931608806240,J0OfuAWU8,1105154182,junue,烦透了，反复打脸，反复无常，浪费时间浪费生命，米国总桶是充话费送的吗？,,,,,0,0,0,2020-05-07 13:00,微博 weibo.com,,,4501910243449124
4501931606113730,J0OfupEsy,7265884635,用户7265884635,其實叫醫生護士來幹麼，你『特朗普』直接說就好，因為你只想聽你想要的聲音而已,,,,,0,0,0,2020-05-07 12:59,HUAWEI Mate 20 Pro,,,4501895944898225
4501184202054493,J0uO08CsZ,5626136031,我是郭杰瑞,为何有些美国人特别“反智”！大部分还是特朗普支持者？#美国反智？##郭杰瑞##共同战疫#L我是郭杰瑞的微博视频,,,,"美国反智？,郭杰瑞,共同战疫",27707,21064,268065,2020-05-05 11:30,日常 · 视频社区,,"http://f.video.weibocdn.com/002dubFNgx07D1Ewq7vy01041201dvE20E010.mp4?label=mp4_ld&template=640x360.25.0&trans_finger=bdef57f06ae52835a2c783ca389e8517&Expires=1592210498&ssig=bXhoOMBBIy&KID=unistore,video",
4501931605644281,J0OfunGkN,5185848574,新酱lhr,转发微博,,,,,0,0,0,2020-05-07 12:59,荣耀手机 勇敢做自己,,,4501184202054493
4478173041241112,IwNDy5cRW,2653687620,glitter_and_gold,每天刷ins都感觉欧美明星的生活有够他妈简单快乐开心拍照竖中指，不开心拍照也竖中指。开心公开骂特朗普，不开心也公开骂特朗普。进剧组就和同事互飙dirtyjokes，没工作时胡子也不刮，随便穿件丑衣服就敢出门遛狗。已出柜艺人大方跟男友秀恩爱，被骂cocksucker就直接骂回去。相较之下，内娱艺人其实也真够惨，活得像牵线木偶和人型广告牌，爱恨嗔痴里只敢表达爱，酸甜苦辣里还被默认只尝到甜。,,,,,579,77,2193,2020-03-02 23:31,HUAWEI P20,,,
4501931604874470,J0Ofuks4u,5616137129,碳尼阿爸看这里,哈哈哈哈哈开心了骂特朗普，不开心了也骂特朗普为什么这么好笑,,,,,0,0,0,2020-05-07 12:59,iPhone客户端,,,4478173041241112
4501931592576087,J0OftaO9N,3209711302,_He禾,//@深夜一只猫:抓住你感动的瞬间，并让你不断产生这种感动，嗯，非常好的寓言。记住我说的是特朗普//@假装在纽约:转发微博,,,"深夜一只猫,假装在纽约",,0,0,0,2020-05-07 12:59,微博国际版,,,
4501931572459347,J0OfrajMT,5386586408,67号喜羊羊,【让中国付出，美国会付出什么？】大选在即，特朗普政府看来是铁了心要把应对疫情不力的责任全部赖到中国身上。美国《外交政策》刊文警告称，特朗普政府集会的口号是“让中国付出”，让中国付出，美国会付出什么？推荐：《美媒警告：如国会同意起诉中国，第二天就会…》O美媒警告：如国会同意起诉中国，第二天就会…O网页链接,,,,,3,0,10,2020-05-07 12:59,绿洲APP,['http://ww2.sinaimg.cn/large/005SxzbWly3gejst6owv0j30u00k0tam.jpg'],,
4501653196433292,J0H0rqZAM,5476386628,侠客岛,为何有些美国人特别“反智”！大部分还是特朗普支持者？@我是郭杰瑞L我是郭杰瑞的微博视频,,,我是郭杰瑞,,245,291,1195,2020-05-06 18:33,日常 · 视频社区,,"http://f.video.weibocdn.com/002dubFNgx07D1Ewq7vy01041201dvE20E010.mp4?label=mp4_ld&template=640x360.25.0&trans_finger=bdef57f06ae52835a2c783ca389e8517&Expires=1592210498&ssig=bXhoOMBBIy&KID=unistore,video",
4501931571974304,J0Ofr8hBC,2602074397,北京-天高云淡,转发微博,,,,,0,0,0,2020-05-07 12:59,iPhone客户端,,,4501653196433292
4501931551421931,J0Ofp5XUn,1822139063,渣叔,【呼吸机】瑞思迈100～现货40台，需要联系。#轻松防疫站##口罩##全球抢购中国呼吸机##美国新冠病毒感染病例超过78万##特朗普酒店前被摆裹尸袋##疫情#,,,,"轻松防疫站,口罩,全球抢购中国呼吸机,美国新冠病毒感染病例超过78万,特朗普酒店前被摆裹尸袋,疫情",0,0,0,2020-05-07 12:59,微博 weibo.com,,,
4501931550939845,J0Ofp3WuN,2054377661,人生就像一场旅行不在乎远近,【特朗普放狠话：要用这种手段惩罚中国中方回应】对于特朗普近日宣O全部评论正序查看,,,,,0,0,0,2020-05-07 12:59,iPhone 11(红色),['http://ww3.sinaimg.cn/large/7a7350bdly1gejst495tsj20fa0a5756.jpg'],,
4501930258900163,J0OdjBll1,1618051664,头条新闻,【病人肺部被呼吸机吹爆！#美护士含泪曝光医院“谋杀”新冠患者细节#】近日，纽约一位负责治疗冠状病毒的一线护士发布了一段视频，声称每天都有病人因为医疗疏忽和管理不善而“被谋杀”。据报道，尼科尔•西罗泰克来自美国内华达州，目前她是纽约一家医院的抗疫护士。她在社交网站上公布了这段视频，痛哭流涕地讲述了自己在前线工作的经历。@燃新闻L燃新闻的秒拍视频,,,燃新闻,美护士含泪曝光医院“谋杀”新冠患者细节,217,384,2545,2020-05-07 12:54,微博 weibo.com,,"http://miaopai.video.weibocdn.com/EhNPeQ0Olx07D4WnDyVq010412004GTb0E013.mp4?label=mp4_ld&template=640x360.25.0&trans_finger=40a32e8439c5409a63ccf853562a60ef&Expires=1592210520&ssig=SH5HIGPYh1&KID=unistore,video",
4501931542810184,J0OfobN3y,5732000162,我的杨是这个扬,//@一个不愿意透露姓名的妇女主任:特朗普:假新闻，下一个。,,,一个不愿意透露姓名的妇女主任,,0,0,0,2020-05-07 12:59,魅族 16 旗舰手机,,,4501930258900163
4501931538318756,J0OfnyU5u,1835102233,知兜,//@千岁肆_壮哉我大中国:。。。//@来去之间://@江南警哥:嗯甚至解开了我内心很久的疑惑。//@如是我雯香:我有点理解了，把川普支持者说的话代入川普的形象，我发现没有丝毫违和感,,,"千岁肆_壮哉我大中国,来去之间,江南警哥,如是我雯香",,0,0,0,2020-05-07 12:59,HUAWEI P30,,,4501184202054493
4501931538115460,J0Ofny3cw,1681293932,五洲红,反对权威，预设立场，只选我相信的相信//@来去之间://@江南警哥:嗯甚至解开了我内心很久的疑惑。//@如是我雯香:我有点理解了，把川普支持者说的话代入川普的形象，我发现没有丝毫违和感,,,"来去之间,江南警哥,如是我雯香",,0,0,0,2020-05-07 12:59,微博 weibo.com,,,4501184202054493
4501931534110843,J0OfnhfpV,1845322254,图书馆常驻玩家,转发微博,,,,,0,0,0,2020-05-07 12:59,iPhone客户端,,,4501184202054493
4501931521489925,J0Ofm6fB3,2479522067,逍遥露珠,转发微博,,,,,0,0,0,2020-05-07 12:59,HUAWEI Mate 10,,,4501895944898225
4501911237551696,J0NIDvGxy,2356166212,军机不可泄露,#护士当场改口同意特朗普#6日，特朗普在白宫会见多名医护人员，期间有记者问他们对个人防护装备供应是否满意。一名护士回答：供应时有时无。我同全国各地的同事交流过，可以肯定的是在部分地区供应并不理想…我的N95口罩已经重复使用了几个星期…特朗普：对你来说时有时无，对其他人可不是…护士当场改口：我同意，总统！特朗普：我听说的正好相反，我们几乎所有地区都有充足的供应！另一名护士则称自己并没有经历物资短缺的问题，特朗普向她表示感谢，并指责物资短缺的报道是“假新闻”。L微丢的微博视频,,,,护士当场改口同意特朗普,139,117,1065,2020-05-07 11:39,吃点好的吧Android,,"http://f.video.weibocdn.com/VrQhksHglx07D4OBFsrS01041200otzb0E010.mp4?label=mp4_ld&template=640x360.25.0&trans_finger=40a32e8439c5409a63ccf853562a60ef&Expires=1592210520&ssig=3QC1nF45Re&KID=unistore,video",
4501931522246508,J0Ofm9qq0,5379656209,练字新手打卡中,转发微博,,,,,0,0,0,2020-05-07 12:59,喵，罗云熙的罗狮粉,,,4501911237551696
4501931512566355,J0OflaLCP,7027802430,富贵牌蛋炒饭,//@来去之间://@江南警哥:嗯甚至解开了我内心很久的疑惑。//@如是我雯香:我有点理解了，把川普支持者说的话代入川普的形象，我发现没有丝毫违和感,,,"来去之间,江南警哥,如是我雯香",,0,0,0,2020-05-07 12:59,微博国际版,,,4501184202054493
4501931505406023,J0OfkmGlV,2726866493,八云紫薯饼,都是假的，古今中外概莫能外//@nagae_memooff:苏联消化可以改叫合众笑话了，，，//@S_Moon_:。。。//@张卓9THU:Leadership？？,,,"nagae_memooff,S_Moon_,张卓9THU",,1,0,0,2020-05-07 12:59,Share微博客户端,,,4501895944898225
4501894796188284,J0Ni7pXR2,1647486362,上帝之鹰_5zn,床破称新冠病毒是“美国遭受的有史以来最严重的袭击”：比珍珠港和911事件更糟糕L海客新闻的秒拍视频,,,,,78,164,707,2020-05-07 10:33,微博 weibo.com,,"http://miaopai.video.weibocdn.com/yAMrZuvLlx07D4EH4GWk010412008gYm0E013.mp4?label=mp4_ld&template=640x360.25.0&trans_finger=40a32e8439c5409a63ccf853562a60ef&Expires=1592210520&ssig=aARyWZ8duy&KID=unistore,video",
4501931501204363,J0Ofk53jd,5817392369,中华义勇军爱国,//@平民王小石:根据特朗普的类比，这是发动战争的信号。,,,平民王小石,,0,0,0,2020-05-07 12:59,,,,4501894796188284
4477362995835908,Iwsz1ouby,3609302441,玄學大師李居明,抗疫大師外一篇：疫期輕鬆睇《粤劇特朗普》L玄學大師李居明的微博视频,,,,,1734,182,1012,2020-02-29 17:53,微博 weibo.com,,"http://f.video.weibocdn.com/WPVcpNZNlx07BkQdNx8Q01041200sGtt0E010.mp4?label=mp4_ld&template=640x360.25.0&trans_finger=40a32e8439c5409a63ccf853562a60ef&Expires=1592210520&ssig=QBwyTbG9bk&KID=unistore,video",
4501931488582704,J0OfiA0KI,2570646021,我的稻草人手记,//@广州城堡堡主:香港人真会玩//@梁冬的微博://@我叫双黄连:,,,"广州城堡堡主,梁冬的微博,我叫双黄连",,0,0,0,2020-05-07 12:59,微博 weibo.com,,,4477362995835908
